assessment_id,customer_id,course_id,completion_rate,rating,completion_date
A000001,U0001,C004,1.0,3.5,2022-12-20
A000002,U0001,C013,1.0,4.0,2023-01-26
A000003,U0001,C008,0.69,,2024-01-07
A000004,U0001,C014,0.76,,2024-11-09
A000005,U0002,C014,0.65,4.5,2023-02-24
A000006,U0002,C007,0.89,,2024-01-12
A000007,U0002,C008,0.51,3.0,
A000008,U0003,C001,1.0,3.0,2023-12-29
A000009,U0003,C012,0.88,5.0,2024-05-13
A000010,U0004,C008,0.72,4.5,2024-12-06
A000011,U0004,C009,0.92,5.0,2024-12-15
A000012,U0004,C013,1.0,5.0,2024-11-06
A000013,U0004,C006,1.0,4.5,2024-12-08
A000014,U0004,C011,0.98,,2024-11-12
A000015,U0004,C012,1.0,,2024-11-16
A000016,U0004,C004,0.86,4.5,2024-11-21
A000017,U0004,C001,0.59,4.5,
A000018,U0004,C002,0.78,5.0,2024-12-13
A000019,U0004,C014,0.18,4.0,
A000020,U0004,C010,1.0,4.0,2024-12-16
A000021,U0004,C015,0.94,4.5,2024-12-12
A000022,U0005,C008,0.25,4.0,
A000023,U0005,C011,0.43,,
A000024,U0005,C006,0.7,,
A000025,U0005,C004,0.5,4.0,
A000026,U0005,C002,0.08,4.0,
A000027,U0005,C014,0.05,3.0,
A000028,U0005,C009,0.66,4.0,
A000029,U0006,C005,0.79,2.5,2023-05-28
A000030,U0006,C006,1.0,,2023-07-14
A000031,U0006,C007,0.95,,2024-03-22
A000032,U0006,C012,0.94,,2024-05-12
A000033,U0006,C011,0.79,4.0,
A000034,U0007,C004,0.89,4.0,2023-06-28
A000035,U0007,C003,0.52,5.0,
A000036,U0007,C005,0.79,4.0,2024-04-14
A000037,U0008,C010,0.99,4.5,2024-12-20
A000038,U0009,C015,0.95,,2023-06-15
A000039,U0009,C005,0.78,4.0,2024-08-31
A000040,U0009,C002,0.24,4.5,
A000041,U0009,C011,1.0,,2024-11-14
A000042,U0009,C012,0.93,5.0,2024-12-22
A000043,U0009,C010,0.94,4.5,2024-12-26
A000044,U0009,C009,0.29,3.5,
A000045,U0009,C013,1.0,4.5,2024-10-20
A000046,U0009,C014,0.78,,2024-12-10
A000047,U0009,C004,0.86,5.0,2024-11-12
A000048,U0010,C012,0.9,4.5,2023-10-16
A000049,U0010,C002,0.32,3.5,
A000050,U0010,C010,1.0,4.5,2024-01-25
A000051,U0010,C009,0.97,,2024-06-11
A000052,U0010,C003,0.58,4.5,
A000053,U0010,C006,0.98,,2024-09-18
A000054,U0010,C008,0.84,4.0,2024-12-31
A000055,U0011,C001,0.92,,2024-04-14
A000056,U0011,C010,1.0,4.0,2024-06-17
A000057,U0011,C012,0.99,5.0,2024-11-22
A000058,U0011,C014,0.45,3.5,
A000059,U0011,C003,0.4,5.0,
A000060,U0012,C008,0.7,,2023-08-01
A000061,U0012,C013,0.73,5.0,
A000062,U0012,C004,0.89,4.5,2024-12-25
A000063,U0013,C001,0.82,,
A000064,U0013,C003,0.41,,
A000065,U0014,C012,0.74,3.5,
A000066,U0015,C004,0.86,3.5,2023-04-13
A000067,U0015,C003,0.39,3.0,
A000068,U0015,C005,0.72,3.0,2024-12-13
A000069,U0016,C005,0.79,3.5,2024-07-21
A000070,U0016,C001,1.0,,2024-10-01
A000071,U0016,C007,0.21,4.0,
A000072,U0016,C014,0.71,4.0,2024-11-17
A000073,U0016,C008,0.8,4.5,2024-09-14
A000074,U0016,C002,0.43,4.0,
A000075,U0016,C012,1.0,3.5,2024-11-16
A000076,U0017,C002,0.77,4.0,2023-11-02
A000077,U0017,C003,0.32,4.5,
A000078,U0017,C006,0.35,4.0,
A000079,U0017,C009,0.83,3.0,
A000080,U0017,C008,0.82,,2024-10-17
A000081,U0017,C010,0.67,3.5,
A000082,U0018,C014,0.77,5.0,2024-09-08
A000083,U0018,C002,0.8,5.0,2024-10-12
A000084,U0018,C001,0.93,5.0,2024-08-29
A000085,U0018,C004,0.88,4.5,2024-11-16
A000086,U0018,C009,0.93,4.5,2024-10-24
A000087,U0018,C013,1.0,5.0,2024-12-20
A000088,U0018,C012,0.93,,2024-11-24
A000089,U0018,C008,0.53,,
A000090,U0018,C007,1.0,,2024-11-25
A000091,U0018,C010,1.0,,2024-12-15
A000092,U0019,C013,1.0,5.0,2024-12-09
A000093,U0019,C007,0.24,4.0,
A000094,U0019,C003,0.97,,2024-10-18
A000095,U0019,C004,1.0,4.5,2024-10-04
A000096,U0019,C015,0.84,4.5,2024-12-02
A000097,U0019,C005,0.29,5.0,
A000098,U0019,C008,0.75,4.5,2024-12-10
A000099,U0019,C001,1.0,,2024-10-21
A000100,U0019,C010,0.87,,2024-12-19
A000101,U0020,C003,0.91,,2024-01-13
A000102,U0020,C013,0.53,,
A000103,U0020,C014,0.53,4.0,
A000104,U0020,C001,1.0,4.0,2024-08-05
A000105,U0021,C006,0.93,5.0,2024-02-10
A000106,U0021,C004,0.86,,2023-11-28
A000107,U0021,C007,0.98,,2024-02-26
A000108,U0021,C012,0.49,5.0,
A000109,U0021,C013,0.9,4.5,
A000110,U0022,C005,0.83,5.0,2024-05-03
A000111,U0022,C012,0.28,4.0,
A000112,U0022,C010,0.44,3.5,
A000113,U0022,C015,0.2,4.0,
A000114,U0022,C004,0.86,3.0,2024-05-26
A000115,U0023,C007,0.7,4.0,
A000116,U0023,C011,0.97,4.0,2024-07-12
A000117,U0023,C006,0.6,4.0,
A000118,U0024,C004,1.0,4.5,2024-12-11
A000119,U0024,C012,1.0,5.0,2024-12-26
A000120,U0024,C015,0.98,,2024-12-22
A000121,U0024,C013,1.0,,2024-12-28
A000122,U0024,C002,0.8,4.5,2024-12-07
A000123,U0024,C014,0.0,4.0,
A000124,U0024,C001,1.0,,2024-12-29
A000125,U0024,C010,0.98,,2024-12-30
A000126,U0024,C009,1.0,4.0,2024-12-28
A000127,U0025,C011,0.18,3.5,
A000128,U0025,C005,0.83,4.0,2024-06-15
A000129,U0025,C014,0.66,3.5,2024-12-27
A000130,U0026,C006,0.56,,
A000131,U0026,C005,0.15,4.0,
A000132,U0026,C015,0.97,3.5,2024-12-28
A000133,U0027,C008,0.76,3.5,2023-04-08
A000134,U0027,C001,0.99,4.5,2023-10-08
A000135,U0027,C004,0.88,5.0,2024-08-13
A000136,U0027,C009,1.0,,2024-11-14
A000137,U0027,C012,0.93,,2024-12-11
A000138,U0028,C010,0.9,4.5,2024-09-02
A000139,U0028,C006,0.97,4.0,2024-12-22
A000140,U0028,C009,0.94,3.5,2024-11-23
A000141,U0028,C011,0.21,5.0,
A000142,U0029,C015,0.94,5.0,2023-01-21
A000143,U0029,C006,1.0,5.0,2022-10-19
A000144,U0029,C011,0.97,,2023-01-28
A000145,U0029,C009,1.0,,2023-06-11
A000146,U0029,C003,1.0,,2024-01-23
A000147,U0029,C008,0.34,3.5,
A000148,U0029,C014,0.84,4.0,2024-03-22
A000149,U0029,C005,0.12,5.0,
A000150,U0029,C013,1.0,,2024-08-19
A000151,U0029,C002,0.92,4.5,2024-10-06
A000152,U0029,C012,1.0,,2024-12-26
A000153,U0029,C004,1.0,4.5,2024-12-30
A000154,U0030,C014,0.69,3.0,2022-09-14
A000155,U0030,C007,0.11,3.5,
A000156,U0030,C013,0.58,4.5,
A000157,U0030,C005,0.14,3.0,
A000158,U0030,C012,0.98,4.5,2024-08-27
A000159,U0031,C006,1.0,4.5,2024-01-01
A000160,U0031,C008,0.84,,2024-02-14
A000161,U0031,C011,0.86,,
A000162,U0031,C001,0.9,,2024-12-02
A000163,U0031,C002,0.92,4.0,2024-11-27
A000164,U0032,C011,1.0,4.0,2024-03-21
A000165,U0032,C013,1.0,4.0,2024-04-13
A000166,U0032,C009,1.0,4.5,2024-07-07
A000167,U0032,C004,0.79,3.5,
A000168,U0033,C004,0.23,3.0,
A000169,U0033,C005,0.26,3.5,
A000170,U0033,C013,0.27,4.0,
A000171,U0033,C002,0.18,4.5,
A000172,U0033,C008,0.31,2.5,
A000173,U0033,C001,0.37,3.5,
A000174,U0034,C003,0.5,5.0,
A000175,U0034,C004,0.45,,
A000176,U0034,C005,0.76,,2023-12-08
A000177,U0034,C014,0.69,3.5,2024-06-01
A000178,U0034,C002,0.77,,2024-09-08
A000179,U0034,C009,0.92,5.0,2024-09-11
A000180,U0034,C011,0.97,4.0,2024-12-20
A000181,U0035,C008,0.49,2.5,
A000182,U0035,C003,0.78,,
A000183,U0035,C011,0.55,3.5,
A000184,U0035,C006,0.82,3.5,
A000185,U0035,C015,0.41,2.5,
A000186,U0036,C013,1.0,4.5,2022-07-28
A000187,U0036,C004,0.93,4.0,2022-12-28
A000188,U0036,C009,1.0,,2023-02-06
A000189,U0036,C012,0.36,,
A000190,U0036,C002,0.78,5.0,2023-06-17
A000191,U0036,C010,0.87,4.0,2023-07-04
A000192,U0036,C006,1.0,5.0,2023-07-18
A000193,U0036,C005,0.77,5.0,2024-01-21
A000194,U0036,C014,0.7,,2024-06-05
A000195,U0036,C001,0.92,4.5,2024-11-14
A000196,U0036,C008,0.84,5.0,2024-10-02
A000197,U0036,C011,0.98,,2024-12-06
A000198,U0037,C012,0.96,,2024-12-12
A000199,U0037,C005,0.85,3.5,2024-11-30
A000200,U0037,C003,0.95,4.0,2024-12-23
A000201,U0037,C001,0.92,3.5,2024-12-29
A000202,U0038,C015,1.0,,2022-04-30
A000203,U0038,C011,1.0,4.5,2023-01-29
A000204,U0038,C002,0.91,4.0,2023-05-12
A000205,U0038,C005,0.75,4.5,2023-08-16
A000206,U0038,C008,0.84,4.0,2024-03-07
A000207,U0038,C001,0.97,,2024-01-25
A000208,U0038,C004,0.86,,2024-10-05
A000209,U0038,C007,1.0,4.5,2024-12-12
A000210,U0039,C013,0.26,4.5,
A000211,U0039,C008,0.08,3.5,
A000212,U0039,C012,1.0,3.5,2024-12-05
A000213,U0039,C005,0.35,3.0,
A000214,U0039,C004,0.31,3.5,
A000215,U0039,C011,0.41,,
A000216,U0039,C006,0.67,,
A000217,U0039,C009,0.75,3.5,
A000218,U0039,C003,0.13,,
A000219,U0040,C010,0.9,,2023-08-06
A000220,U0040,C013,1.0,3.5,2023-12-13
A000221,U0040,C003,1.0,4.0,2024-11-21
A000222,U0040,C015,0.97,4.0,2024-11-04
A000223,U0040,C006,0.38,,
A000224,U0041,C009,0.4,4.5,
A000225,U0041,C012,1.0,,2023-11-12
A000226,U0041,C005,0.76,4.5,2024-02-14
A000227,U0041,C013,1.0,5.0,2024-05-22
A000228,U0042,C006,0.95,4.0,2024-01-14
A000229,U0042,C003,0.96,5.0,2023-12-27
A000230,U0042,C010,0.96,4.5,2024-03-20
A000231,U0042,C009,1.0,4.5,2024-07-01
A000232,U0042,C001,0.93,4.5,2024-04-19
A000233,U0042,C007,0.66,,
A000234,U0042,C013,0.44,4.5,
A000235,U0042,C012,0.92,4.5,2024-08-26
A000236,U0042,C011,0.3,,
A000237,U0042,C004,0.93,,2024-12-31
A000238,U0043,C006,1.0,,2024-12-27
A000239,U0043,C010,0.89,4.5,2024-09-06
A000240,U0043,C011,1.0,5.0,2024-12-17
A000241,U0043,C015,0.88,,2024-09-13
A000242,U0043,C007,1.0,4.5,2024-10-28
A000243,U0043,C014,0.24,4.5,
A000244,U0043,C002,0.82,4.5,2024-11-25
A000245,U0043,C009,0.91,,2024-12-11
A000246,U0043,C012,0.96,5.0,2024-12-18
A000247,U0043,C004,0.94,4.5,2024-12-21
A000248,U0043,C001,0.4,4.5,
A000249,U0043,C005,0.84,,2024-12-22
A000250,U0044,C006,1.0,,2024-05-04
A000251,U0044,C014,0.8,3.5,2024-04-11
A000252,U0044,C010,0.96,,2024-09-22
A000253,U0045,C003,0.97,4.0,2023-01-12
A000254,U0045,C007,0.92,3.0,2023-02-04
A000255,U0045,C001,0.95,,2023-05-15
A000256,U0045,C011,0.93,3.5,
A000257,U0045,C009,1.0,4.0,2023-11-25
A000258,U0045,C015,0.09,,
A000259,U0046,C004,0.95,4.5,2024-07-23
A000260,U0046,C013,0.81,4.0,
A000261,U0046,C011,1.0,4.0,2024-12-30
A000262,U0047,C012,1.0,4.5,2023-03-20
A000263,U0047,C002,0.94,5.0,2023-06-28
A000264,U0047,C015,0.85,4.0,2023-05-30
A000265,U0047,C005,0.71,4.0,2024-02-23
A000266,U0047,C004,1.0,,2024-02-07
A000267,U0047,C011,0.96,,2024-09-14
A000268,U0047,C014,0.0,4.5,
A000269,U0047,C001,1.0,4.5,2024-12-10
A000270,U0047,C007,0.67,,
A000271,U0048,C014,0.68,3.5,2024-04-15
A000272,U0048,C005,0.71,3.0,2024-07-17
A000273,U0048,C012,1.0,4.0,2024-07-03
A000274,U0048,C013,0.86,,
A000275,U0048,C002,0.83,4.5,2024-12-28
A000276,U0049,C004,1.0,4.5,2024-03-04
A000277,U0049,C005,0.77,4.0,2024-04-15
A000278,U0049,C003,0.94,5.0,2024-08-15
A000279,U0049,C013,1.0,4.5,2024-10-21
A000280,U0049,C014,0.0,4.5,
A000281,U0049,C009,0.97,5.0,2024-11-02
A000282,U0049,C012,0.91,4.5,2024-11-01
A000283,U0049,C002,0.76,4.5,2024-12-01
A000284,U0049,C015,0.95,5.0,2024-12-01
A000285,U0050,C001,1.0,,2023-11-05
A000286,U0050,C014,0.01,,
A000287,U0050,C015,0.23,,
A000288,U0051,C004,0.17,2.0,
A000289,U0052,C002,0.35,,
A000290,U0052,C012,0.88,,2024-01-17
A000291,U0052,C001,0.92,,2024-01-27
A000292,U0052,C010,1.0,,2024-08-07
A000293,U0052,C008,0.0,3.0,
A000294,U0053,C008,0.74,4.0,2022-11-04
A000295,U0053,C010,0.44,4.0,
A000296,U0053,C012,0.33,,
A000297,U0053,C004,0.3,3.0,
A000298,U0053,C005,0.43,2.5,
A000299,U0053,C001,0.62,2.5,
A000300,U0053,C014,0.57,2.5,
A000301,U0053,C015,0.87,2.5,2024-06-26
A000302,U0053,C002,0.4,3.5,
A000303,U0053,C013,0.85,4.5,
A000304,U0054,C014,0.57,3.5,
A000305,U0054,C008,0.57,,
A000306,U0054,C009,0.35,3.5,
A000307,U0054,C013,0.55,,
A000308,U0054,C011,0.19,,
A000309,U0054,C003,0.82,3.5,
A000310,U0055,C012,1.0,5.0,2024-12-03
A000311,U0055,C013,1.0,4.5,2024-11-29
A000312,U0055,C006,0.95,,2024-12-22
A000313,U0055,C015,1.0,,2024-12-30
A000314,U0055,C007,0.96,3.5,2024-12-30
A000315,U0055,C009,0.92,4.5,2024-12-19
A000316,U0056,C008,0.76,4.5,2022-11-15
A000317,U0056,C015,0.83,3.5,2023-04-17
A000318,U0056,C007,1.0,4.0,2023-05-20
A000319,U0056,C014,0.44,,
A000320,U0057,C011,0.88,2.0,
A000321,U0057,C014,0.0,2.0,
A000322,U0058,C009,0.47,4.5,
A000323,U0058,C004,0.87,4.0,2024-05-21
A000324,U0058,C007,0.79,2.5,
A000325,U0058,C001,0.64,3.5,
A000326,U0059,C005,0.81,,2022-05-19
A000327,U0059,C011,0.34,,
A000328,U0059,C009,1.0,4.5,2023-09-12
A000329,U0059,C014,0.74,4.0,2023-10-27
A000330,U0059,C003,0.96,4.5,2024-06-14
A000331,U0059,C004,1.0,3.5,2024-10-09
A000332,U0059,C015,0.97,4.5,2024-11-28
A000333,U0060,C011,1.0,5.0,2023-04-20
A000334,U0060,C009,1.0,,2023-06-29
A000335,U0060,C006,1.0,,2023-12-02
A000336,U0060,C008,0.86,4.5,2024-03-31
A000337,U0060,C012,0.97,5.0,2024-05-02
A000338,U0060,C002,0.78,4.5,2024-04-15
A000339,U0060,C010,0.92,,2024-12-26
A000340,U0060,C015,0.44,4.5,
A000341,U0060,C005,0.9,4.5,2024-12-28
A000342,U0061,C001,1.0,,2022-03-30
A000343,U0061,C004,0.15,4.5,
A000344,U0061,C007,1.0,3.0,2024-10-23
A000345,U0062,C005,0.59,4.0,
A000346,U0062,C004,0.94,4.5,2023-12-03
A000347,U0062,C008,0.77,4.5,2023-11-20
A000348,U0062,C003,1.0,4.5,2023-10-02
A000349,U0062,C007,0.89,5.0,2023-10-27
A000350,U0062,C010,0.88,4.0,2023-12-07
A000351,U0062,C009,0.24,5.0,
A000352,U0062,C015,0.94,4.5,2024-07-24
A000353,U0062,C011,1.0,,2024-10-19
A000354,U0062,C013,1.0,4.5,2024-11-03
A000355,U0062,C006,1.0,,2024-11-23
A000356,U0063,C011,0.67,5.0,
A000357,U0063,C015,0.87,3.5,2024-02-19
A000358,U0063,C009,0.42,,
A000359,U0064,C004,0.3,,
A000360,U0064,C006,0.95,,2024-12-10
A000361,U0064,C002,0.92,4.5,2024-09-28
A000362,U0064,C013,0.47,4.0,
A000363,U0065,C007,0.36,3.0,
A000364,U0065,C009,0.79,4.0,
A000365,U0065,C014,0.59,,
A000366,U0065,C004,0.73,3.5,
A000367,U0065,C003,0.46,4.5,
A000368,U0065,C005,0.32,3.5,
A000369,U0065,C012,0.37,3.5,
A000370,U0065,C013,0.36,3.5,
A000371,U0065,C010,0.94,3.5,2024-12-08
A000372,U0066,C009,0.3,3.5,
A000373,U0066,C006,0.69,2.0,
A000374,U0066,C007,0.21,,
A000375,U0066,C014,0.62,3.5,
A000376,U0066,C004,0.73,,
A000377,U0066,C005,0.34,3.5,
A000378,U0066,C013,0.76,5.0,
A000379,U0066,C010,0.15,,
A000380,U0067,C005,0.89,3.0,2023-07-01
A000381,U0067,C001,0.27,3.0,
A000382,U0068,C005,0.75,,2024-03-21
A000383,U0068,C004,1.0,3.5,2024-04-13
A000384,U0069,C005,0.29,4.0,
A000385,U0069,C002,0.59,4.0,
A000386,U0069,C013,0.85,2.5,
A000387,U0069,C001,1.0,2.5,2023-10-11
A000388,U0069,C003,0.25,,
A000389,U0069,C012,0.67,3.0,
A000390,U0070,C013,0.65,5.0,
A000391,U0070,C007,0.1,,
A000392,U0070,C010,0.71,4.5,
A000393,U0070,C005,0.09,2.5,
A000394,U0070,C008,0.6,3.5,
A000395,U0070,C009,0.23,4.0,
A000396,U0070,C002,0.04,,
A000397,U0071,C005,0.53,4.0,
A000398,U0071,C004,0.86,3.5,2024-03-25
A000399,U0071,C015,0.95,,2024-04-14
A000400,U0071,C010,1.0,,2024-06-27
A000401,U0071,C009,0.32,4.5,
A000402,U0071,C013,0.72,4.5,
A000403,U0072,C006,0.54,4.0,
A000404,U0072,C003,1.0,3.5,2024-06-19
A000405,U0072,C012,0.89,,2024-09-27
A000406,U0072,C008,0.85,4.0,2024-10-28
A000407,U0072,C004,0.25,4.0,
A000408,U0072,C015,0.88,4.5,2024-08-19
A000409,U0072,C014,0.49,3.5,
A000410,U0073,C001,1.0,4.5,2024-12-29
A000411,U0073,C009,0.98,4.5,2024-08-24
A000412,U0073,C003,0.89,4.5,2024-11-02
A000413,U0073,C010,1.0,4.0,2024-11-23
A000414,U0073,C012,1.0,5.0,2024-12-22
A000415,U0073,C015,0.93,4.0,2024-11-02
A000416,U0073,C007,1.0,,2024-12-01
A000417,U0074,C010,0.37,4.0,
A000418,U0075,C003,0.97,2.5,2023-11-01
A000419,U0075,C007,0.57,3.0,
A000420,U0075,C014,0.27,4.0,
A000421,U0075,C008,0.21,3.5,
A000422,U0075,C015,0.67,,
A000423,U0075,C012,0.26,3.5,
A000424,U0075,C009,0.32,4.5,
A000425,U0075,C010,0.39,4.0,
A000426,U0076,C014,0.85,,2024-05-18
A000427,U0076,C007,0.51,,
A000428,U0077,C014,0.8,3.5,2024-12-29
A000429,U0078,C010,0.81,3.0,
A000430,U0078,C006,0.42,4.0,
A000431,U0078,C013,0.86,,
A000432,U0078,C004,0.98,3.5,2024-12-19
A000433,U0078,C007,0.71,3.5,
A000434,U0078,C014,0.48,2.0,
A000435,U0079,C013,0.51,,
A000436,U0079,C002,0.61,,
A000437,U0079,C006,0.98,,2023-07-17
A000438,U0079,C001,0.95,,2023-09-25
A000439,U0079,C012,1.0,4.5,2024-11-26
A000440,U0079,C008,0.85,4.0,2024-12-19
A000441,U0080,C004,0.92,4.5,2022-06-08
A000442,U0080,C010,0.78,3.0,
A000443,U0080,C009,0.3,3.0,
A000444,U0081,C011,1.0,4.5,2024-10-29
A000445,U0081,C007,1.0,,2024-09-10
A000446,U0081,C014,0.75,4.0,2024-10-24
A000447,U0081,C004,0.85,,2024-09-24
A000448,U0081,C015,0.96,5.0,2024-12-25
A000449,U0081,C002,0.82,,2024-11-25
A000450,U0081,C009,0.93,,2024-12-25
A000451,U0081,C003,0.9,4.5,2024-12-06
A000452,U0081,C013,1.0,,2024-11-25
A000453,U0081,C010,0.9,,2024-12-14
A000454,U0081,C006,0.99,4.5,2024-12-16
A000455,U0081,C012,1.0,,2024-12-30
A000456,U0082,C015,0.69,5.0,
A000457,U0083,C011,1.0,,2023-04-27
A000458,U0083,C002,0.32,3.5,
A000459,U0083,C012,1.0,5.0,2024-07-12
A000460,U0083,C003,0.17,5.0,
A000461,U0084,C013,0.24,4.0,
A000462,U0084,C015,0.4,,
A000463,U0085,C012,1.0,,2023-08-23
A000464,U0085,C005,0.29,4.0,
A000465,U0085,C014,0.79,4.0,2024-04-20
A000466,U0085,C010,0.71,5.0,
A000467,U0085,C011,1.0,4.5,2024-02-23
A000468,U0085,C009,0.87,5.0,
A000469,U0085,C002,0.92,4.5,2024-11-17
A000470,U0085,C003,0.94,,2024-12-31
A000471,U0086,C008,0.84,,2023-12-18
A000472,U0086,C011,1.0,4.5,2024-01-23
A000473,U0086,C006,0.97,4.5,2024-07-23
A000474,U0086,C009,0.99,5.0,2024-10-23
A000475,U0086,C010,1.0,4.0,2024-11-11
A000476,U0086,C012,1.0,,2024-12-02
A000477,U0087,C007,0.95,,2024-11-26
A000478,U0087,C003,0.88,,2024-12-30
A000479,U0088,C005,0.78,4.5,2024-11-26
A000480,U0088,C013,0.68,,
A000481,U0088,C001,1.0,5.0,2024-12-01
A000482,U0088,C004,1.0,5.0,2024-12-28
A000483,U0088,C009,1.0,4.5,2024-12-07
A000484,U0089,C002,0.23,,
A000485,U0090,C003,0.3,,
A000486,U0090,C012,1.0,3.0,2024-01-07
A000487,U0091,C006,1.0,4.5,2024-12-24
A000488,U0091,C003,1.0,,2024-12-09
A000489,U0091,C013,0.48,3.0,
A000490,U0092,C006,1.0,5.0,2023-06-19
A000491,U0092,C009,0.23,,
A000492,U0092,C011,0.75,,
A000493,U0092,C003,1.0,,2024-08-25
A000494,U0093,C011,1.0,,2023-01-04
A000495,U0093,C004,0.97,,2023-02-09
A000496,U0093,C013,1.0,4.5,2023-01-26
A000497,U0093,C009,1.0,5.0,2024-01-22
A000498,U0093,C005,0.15,4.5,
A000499,U0093,C014,0.75,4.5,2024-04-13
A000500,U0093,C002,0.88,,2024-06-26
A000501,U0093,C003,1.0,,2024-05-25
A000502,U0093,C010,0.99,4.5,2024-11-08
A000503,U0093,C001,0.3,4.5,
A000504,U0093,C012,0.26,,
A000505,U0094,C012,0.11,3.5,
A000506,U0094,C001,0.16,2.5,
A000507,U0094,C015,0.92,3.5,2024-03-02
A000508,U0094,C008,0.85,3.5,2024-04-22
A000509,U0094,C014,0.58,,
A000510,U0095,C006,0.98,4.0,2023-08-03
A000511,U0095,C008,0.43,,
A000512,U0095,C013,1.0,4.5,2024-11-26
A000513,U0096,C013,0.77,4.0,
A000514,U0096,C014,0.0,4.0,
A000515,U0096,C012,0.93,4.5,2024-12-29
A000516,U0097,C014,0.82,3.5,2024-10-05
A000517,U0097,C003,1.0,,2024-10-12
A000518,U0097,C007,1.0,,2024-10-09
A000519,U0097,C001,0.99,5.0,2024-09-15
A000520,U0097,C015,0.92,5.0,2024-12-08
A000521,U0097,C011,1.0,,2024-12-15
A000522,U0097,C013,1.0,,2024-10-14
A000523,U0097,C006,1.0,4.5,2024-11-24
A000524,U0097,C002,0.83,4.5,2024-12-23
A000525,U0097,C010,0.17,5.0,
A000526,U0097,C009,0.95,,2024-12-16
A000527,U0098,C012,1.0,,2023-05-20
A000528,U0098,C005,0.77,,2023-07-24
A000529,U0098,C014,0.8,,2023-10-13
A000530,U0098,C013,1.0,5.0,2023-10-10
A000531,U0098,C008,0.7,4.0,2024-04-06
A000532,U0098,C010,0.18,,
A000533,U0098,C006,0.93,,2024-03-21
A000534,U0098,C015,0.83,,2024-06-21
A000535,U0098,C011,0.96,5.0,2024-07-13
A000536,U0098,C009,0.93,4.5,2024-12-15
A000537,U0098,C003,1.0,4.5,2024-12-07
A000538,U0099,C004,0.81,4.0,
A000539,U0099,C006,0.95,,2023-09-12
A000540,U0099,C008,0.43,5.0,
A000541,U0099,C002,0.06,,
A000542,U0099,C013,1.0,,2024-10-18
A000543,U0099,C012,1.0,,2024-11-03
A000544,U0099,C007,0.78,,
A000545,U0100,C011,1.0,5.0,2023-12-18
A000546,U0100,C010,0.92,4.5,2024-04-09
A000547,U0100,C006,0.94,5.0,2024-07-12
A000548,U0100,C015,1.0,,2024-06-20
A000549,U0100,C009,0.32,5.0,
A000550,U0100,C014,0.77,5.0,2024-08-26
A000551,U0100,C013,1.0,4.0,2024-10-27
A000552,U0100,C007,1.0,,2024-08-15
A000553,U0100,C012,1.0,5.0,2024-11-13
A000554,U0100,C003,0.98,4.5,2024-10-21
A000555,U0100,C004,0.94,5.0,2024-12-13
A000556,U0100,C005,0.79,4.0,2024-11-17
A000557,U0101,C006,0.98,4.5,2023-03-23
A000558,U0101,C001,0.19,4.5,
A000559,U0101,C003,0.14,5.0,
A000560,U0101,C011,1.0,4.5,2024-04-22
A000561,U0101,C010,0.2,,
A000562,U0101,C013,0.34,4.5,
A000563,U0101,C012,0.95,4.0,2024-12-13
A000564,U0102,C015,0.55,,
A000565,U0102,C002,0.54,4.5,
A000566,U0102,C001,0.6,3.5,
A000567,U0102,C006,1.0,3.5,2024-09-27
A000568,U0102,C014,0.41,2.5,
A000569,U0102,C010,0.17,3.5,
A000570,U0103,C014,0.3,,
A000571,U0103,C011,0.98,,2024-12-29
A000572,U0103,C006,0.49,3.5,
A000573,U0104,C009,1.0,4.0,2024-04-20
A000574,U0104,C001,0.96,,2024-09-15
A000575,U0104,C012,0.5,4.0,
A000576,U0104,C005,0.88,3.5,2024-12-23
A000577,U0105,C003,0.87,4.0,
A000578,U0105,C006,0.78,,
A000579,U0105,C004,0.99,,2024-12-24
A000580,U0105,C011,0.98,4.0,2024-11-30
A000581,U0105,C001,1.0,5.0,2024-12-31
A000582,U0106,C009,0.98,5.0,2023-10-06
A000583,U0106,C006,0.76,5.0,
A000584,U0106,C005,0.71,4.5,2023-11-16
A000585,U0106,C002,0.8,4.0,2024-01-28
A000586,U0106,C015,0.84,4.0,2024-09-12
A000587,U0106,C003,0.99,4.5,2024-12-06
A000588,U0106,C011,1.0,5.0,2024-12-31
A000589,U0107,C001,0.14,,
A000590,U0107,C010,0.49,4.5,
A000591,U0107,C002,0.76,3.5,2024-12-12
A000592,U0108,C002,0.77,,2024-05-31
A000593,U0108,C008,0.79,4.0,2024-03-29
A000594,U0108,C003,0.16,,
A000595,U0108,C010,0.89,4.0,2024-12-27
A000596,U0109,C008,0.88,,2024-03-08
A000597,U0109,C014,0.62,,
A000598,U0109,C015,0.9,4.0,2024-09-18
A000599,U0109,C013,1.0,4.0,2024-10-15
A000600,U0109,C009,1.0,4.0,2024-12-17
A000601,U0110,C004,0.46,3.5,
A000602,U0110,C010,0.13,4.0,
A000603,U0111,C011,0.53,,
A000604,U0112,C012,0.14,,
A000605,U0112,C001,0.48,,
A000606,U0112,C005,0.86,,2023-08-16
A000607,U0112,C006,0.93,4.5,2024-04-23
A000608,U0112,C003,1.0,4.0,2024-04-12
A000609,U0113,C006,0.17,5.0,
A000610,U0113,C012,1.0,4.0,2024-04-02
A000611,U0113,C004,0.86,,2024-10-28
A000612,U0113,C011,0.54,3.0,
A000613,U0113,C007,0.98,4.0,2024-10-10
A000614,U0113,C010,0.7,3.0,
A000615,U0113,C005,0.72,,2024-12-02
A000616,U0114,C003,0.43,4.5,
A000617,U0115,C011,0.72,3.5,
A000618,U0115,C008,0.0,3.0,
A000619,U0115,C014,0.4,2.5,
A000620,U0115,C013,1.0,4.0,2024-05-31
A000621,U0115,C005,0.52,3.0,
A000622,U0116,C003,0.98,4.0,2024-08-17
A000623,U0116,C005,0.17,,
A000624,U0116,C001,0.97,4.0,2024-12-20
A000625,U0116,C013,1.0,5.0,2024-11-24
A000626,U0116,C006,1.0,5.0,2024-09-28
A000627,U0116,C011,1.0,4.0,2024-12-16
A000628,U0116,C015,0.94,4.5,2024-11-30
A000629,U0116,C008,0.0,,
A000630,U0116,C012,0.92,,2024-11-30
A000631,U0116,C002,0.75,4.0,2024-12-12
A000632,U0116,C009,1.0,5.0,2024-12-17
A000633,U0117,C001,1.0,3.5,2022-05-11
A000634,U0117,C011,0.97,3.0,2023-01-04
A000635,U0117,C003,0.53,5.0,
A000636,U0117,C014,0.85,,2024-11-16
A000637,U0117,C008,0.74,3.0,2024-12-12
A000638,U0118,C007,0.31,2.5,
A000639,U0118,C015,0.57,3.0,
A000640,U0118,C013,0.36,,
A000641,U0118,C012,0.27,,
A000642,U0118,C003,0.6,4.0,
A000643,U0118,C002,0.8,,2024-10-04
A000644,U0118,C001,1.0,,2024-11-18
A000645,U0118,C011,1.0,4.5,2024-07-11
A000646,U0118,C006,0.31,,
A000647,U0118,C004,0.41,3.0,
A000648,U0119,C014,0.01,,
A000649,U0119,C003,0.38,,
A000650,U0120,C012,0.91,5.0,2022-09-20
A000651,U0120,C003,0.97,,2023-02-15
A000652,U0120,C015,0.83,4.5,2023-02-26
A000653,U0120,C004,0.87,4.5,2023-01-17
A000654,U0120,C008,0.87,4.5,2024-03-05
A000655,U0120,C002,0.85,,2024-08-27
A000656,U0120,C007,0.98,,2024-12-01
A000657,U0120,C014,0.68,,2024-12-29
A000658,U0121,C010,0.64,4.0,
A000659,U0121,C014,0.63,4.0,
A000660,U0122,C011,1.0,,2024-11-20
A000661,U0122,C004,0.97,,2024-11-16
A000662,U0122,C014,0.67,4.5,2024-11-04
A000663,U0122,C002,0.75,4.5,2024-11-11
A000664,U0122,C009,0.94,,2024-12-01
A000665,U0122,C005,0.77,5.0,2024-12-08
A000666,U0122,C006,1.0,4.5,2024-12-07
A000667,U0122,C008,0.83,,2024-12-25
A000668,U0122,C001,0.97,,2024-12-31
A000669,U0123,C009,0.61,4.5,
A000670,U0123,C004,0.97,4.0,2023-08-06
A000671,U0123,C014,0.84,3.5,2023-10-29
A000672,U0123,C002,0.64,5.0,
A000673,U0123,C011,1.0,,2024-04-29
A000674,U0123,C013,1.0,4.5,2024-12-25
A000675,U0124,C001,1.0,,2024-08-15
A000676,U0124,C008,0.73,,2024-10-28
A000677,U0124,C011,1.0,,2024-08-07
A000678,U0124,C004,0.88,5.0,2024-08-20
A000679,U0124,C003,0.95,5.0,2024-10-16
A000680,U0124,C009,0.88,3.5,
A000681,U0124,C014,0.78,4.5,2024-12-23
A000682,U0124,C002,0.8,4.5,2024-12-20
A000683,U0125,C004,1.0,3.5,2024-08-02
A000684,U0125,C008,0.78,4.5,2024-08-25
A000685,U0125,C003,0.96,5.0,2024-12-25
A000686,U0125,C015,1.0,4.0,2024-12-13
A000687,U0126,C002,0.34,,
A000688,U0126,C009,1.0,3.0,2023-04-26
A000689,U0126,C011,1.0,,2023-06-10
A000690,U0126,C006,0.7,,
A000691,U0127,C004,1.0,,2023-03-26
A000692,U0127,C010,0.15,4.0,
A000693,U0127,C007,1.0,4.5,2023-10-28
A000694,U0127,C006,0.64,4.0,
A000695,U0127,C003,0.64,,
A000696,U0128,C003,0.98,3.5,2024-07-02
A000697,U0128,C006,0.6,,
A000698,U0128,C012,0.97,,2024-06-23
A000699,U0128,C013,1.0,4.0,2024-11-23
A000700,U0129,C011,1.0,4.0,2024-07-31
A000701,U0129,C007,0.33,4.0,
A000702,U0129,C012,1.0,4.5,2024-09-18
A000703,U0129,C004,0.88,,2024-09-07
A000704,U0129,C001,0.92,,2024-10-20
A000705,U0129,C003,0.91,,2024-10-26
A000706,U0129,C010,1.0,4.5,2024-11-30
A000707,U0129,C005,0.76,5.0,2024-11-27
A000708,U0129,C015,1.0,,2024-11-04
A000709,U0129,C008,0.87,4.0,2024-10-27
A000710,U0129,C014,0.85,5.0,2024-11-23
A000711,U0129,C013,1.0,,2024-11-29
A000712,U0130,C012,0.15,3.5,
A000713,U0130,C004,1.0,5.0,2024-10-30
A000714,U0130,C014,0.0,,
A000715,U0130,C005,0.05,4.0,
A000716,U0130,C013,1.0,,2024-10-13
A000717,U0130,C001,0.94,3.5,2024-10-07
A000718,U0131,C011,0.62,4.0,
A000719,U0131,C014,0.42,,
A000720,U0131,C003,0.84,4.5,
A000721,U0132,C006,0.38,4.5,
A000722,U0132,C007,0.11,4.0,
A000723,U0132,C003,0.78,4.0,
A000724,U0132,C004,0.13,4.0,
A000725,U0132,C010,0.09,,
A000726,U0132,C015,0.35,1.5,
A000727,U0133,C012,0.13,5.0,
A000728,U0133,C009,1.0,3.5,2023-05-08
A000729,U0133,C004,0.11,3.5,
A000730,U0133,C006,0.41,2.0,
A000731,U0133,C002,0.41,4.5,
A000732,U0133,C008,0.33,3.0,
A000733,U0133,C013,0.49,4.0,
A000734,U0134,C010,0.91,4.0,2022-12-27
A000735,U0134,C015,1.0,3.5,2023-01-26
A000736,U0134,C001,0.63,4.0,
A000737,U0134,C008,0.58,4.0,
A000738,U0134,C002,0.86,,2024-07-14
A000739,U0134,C013,1.0,,2024-11-05
A000740,U0134,C011,0.98,,2024-11-18
A000741,U0135,C005,0.76,4.0,2023-07-28
A000742,U0135,C014,0.67,4.5,2024-02-11
A000743,U0135,C012,0.27,4.5,
A000744,U0136,C008,0.85,4.5,2023-11-02
A000745,U0136,C007,0.9,5.0,2024-02-14
A000746,U0136,C009,0.58,4.0,
A000747,U0136,C006,0.99,4.5,2024-05-19
A000748,U0136,C004,1.0,,2024-10-28
A000749,U0136,C012,0.9,,2024-12-17
A000750,U0136,C013,1.0,4.5,2024-11-27
A000751,U0136,C001,0.96,4.0,2024-12-11
A000752,U0136,C002,0.8,,2024-12-16
A000753,U0137,C011,1.0,4.5,2022-07-03
A000754,U0137,C013,1.0,5.0,2022-10-25
A000755,U0137,C004,0.99,,2022-12-08
A000756,U0137,C007,0.47,5.0,
A000757,U0137,C015,1.0,4.0,2024-03-02
A000758,U0137,C012,1.0,,2024-09-09
A000759,U0137,C008,0.77,3.5,2024-11-11
A000760,U0137,C005,0.83,4.0,2024-12-02
A000761,U0138,C005,0.39,2.0,
A000762,U0139,C002,0.91,3.0,2024-10-14
A000763,U0139,C011,1.0,4.0,2024-12-15
A000764,U0139,C007,1.0,,2024-12-06
A000765,U0139,C008,0.16,4.0,
A000766,U0139,C004,0.71,,
A000767,U0139,C001,1.0,,2024-10-02
A000768,U0139,C009,1.0,5.0,2024-12-12
A000769,U0140,C013,0.71,3.5,
A000770,U0140,C010,0.28,,
A000771,U0140,C003,0.21,,
A000772,U0140,C001,0.44,4.5,
A000773,U0140,C004,0.39,,
A000774,U0140,C005,0.32,,
A000775,U0140,C015,0.17,,
A000776,U0141,C006,1.0,4.5,2022-11-27
A000777,U0141,C009,0.53,4.5,
A000778,U0141,C014,0.47,4.0,
A000779,U0141,C011,0.98,3.5,2024-11-12
A000780,U0142,C009,0.3,4.0,
A000781,U0143,C008,0.84,3.5,2023-02-22
A000782,U0143,C001,0.19,4.5,
A000783,U0143,C015,0.53,4.5,
A000784,U0143,C006,0.99,3.5,2024-09-29
A000785,U0144,C010,0.77,3.5,
A000786,U0144,C002,0.01,2.5,
A000787,U0144,C008,0.17,3.5,
A000788,U0144,C015,0.53,2.5,
A000789,U0145,C007,0.3,3.5,
A000790,U0145,C011,0.97,,2022-11-15
A000791,U0145,C002,0.92,3.0,2023-03-20
A000792,U0145,C009,0.55,4.0,
A000793,U0145,C008,0.82,,2023-12-16
A000794,U0145,C005,0.73,3.5,2024-12-17
A000795,U0146,C014,0.72,4.0,2023-05-19
A000796,U0146,C003,0.91,4.0,2023-06-06
A000797,U0146,C008,0.76,4.5,2023-11-13
A000798,U0146,C013,1.0,5.0,2024-05-24
A000799,U0146,C006,1.0,4.5,2024-09-17
A000800,U0146,C015,0.94,4.5,2024-10-31
A000801,U0146,C004,1.0,4.5,2024-11-25
A000802,U0147,C002,0.8,3.5,2022-11-29
A000803,U0147,C004,0.88,5.0,2023-02-08
A000804,U0147,C011,1.0,5.0,2023-02-17
A000805,U0147,C013,1.0,5.0,2023-06-07
A000806,U0147,C007,1.0,4.0,2024-01-25
A000807,U0147,C010,0.88,4.0,2023-11-30
A000808,U0147,C012,0.18,4.0,
A000809,U0147,C005,0.82,3.5,2024-05-11
A000810,U0147,C014,0.8,4.0,2024-08-03
A000811,U0147,C001,1.0,5.0,2024-12-29
A000812,U0147,C015,0.89,4.5,2024-12-23
A000813,U0147,C009,1.0,4.5,2024-12-27
A000814,U0148,C006,1.0,4.5,2023-08-23
A000815,U0148,C007,0.78,2.5,
A000816,U0149,C003,0.76,3.5,
A000817,U0149,C012,0.11,4.5,
A000818,U0149,C009,0.7,4.0,
A000819,U0149,C002,0.06,3.5,
A000820,U0150,C008,0.6,4.0,
A000821,U0150,C007,0.71,4.0,
A000822,U0150,C010,0.94,4.5,2024-08-30
A000823,U0150,C014,0.76,,2024-08-01
A000824,U0150,C002,0.78,4.5,2024-11-18
A000825,U0150,C006,0.95,,2024-12-07
A000826,U0151,C002,0.94,4.0,2022-08-20
A000827,U0151,C013,1.0,5.0,2022-12-08
A000828,U0151,C010,0.5,4.0,
A000829,U0151,C003,1.0,5.0,2023-11-02
A000830,U0151,C014,0.77,4.0,2024-04-12
A000831,U0151,C008,0.85,4.5,2024-05-15
A000832,U0151,C007,0.79,4.5,
A000833,U0151,C001,0.98,,2024-12-14
A000834,U0152,C005,0.37,,
A000835,U0152,C015,0.8,3.0,
A000836,U0153,C014,0.58,3.5,
A000837,U0153,C004,0.9,4.0,2024-01-25
A000838,U0153,C008,0.56,,
A000839,U0153,C005,0.78,,2024-12-31
A000840,U0154,C007,1.0,2.5,2024-04-23
A000841,U0154,C015,1.0,,2024-08-11
A000842,U0155,C012,0.25,4.5,
A000843,U0155,C011,0.93,3.5,
A000844,U0155,C010,0.93,4.0,2024-12-27
A000845,U0156,C012,0.92,4.0,2024-01-07
A000846,U0156,C009,1.0,,2024-04-27
A000847,U0156,C013,0.93,,
A000848,U0157,C011,0.69,3.5,
A000849,U0157,C009,0.6,4.5,
A000850,U0157,C007,0.85,,
A000851,U0157,C013,0.43,2.0,
A000852,U0158,C012,0.81,4.0,
A000853,U0158,C011,0.59,,
A000854,U0159,C006,1.0,3.5,2024-05-16
A000855,U0159,C013,0.88,4.0,
A000856,U0159,C002,0.88,,2024-12-20
A000857,U0159,C010,0.94,,2024-11-07
A000858,U0160,C001,0.58,3.0,
A000859,U0160,C013,0.72,,
A000860,U0160,C009,0.74,4.0,
A000861,U0160,C006,1.0,4.5,2024-07-03
A000862,U0160,C003,0.37,,
A000863,U0161,C002,0.78,5.0,2022-05-27
A000864,U0161,C006,0.85,4.5,
A000865,U0161,C001,1.0,4.0,2024-12-08
A000866,U0162,C015,0.9,4.5,2024-01-24
A000867,U0162,C014,0.03,4.0,
A000868,U0162,C004,0.93,4.0,2024-05-19
A000869,U0162,C008,0.87,4.5,2024-07-19
A000870,U0163,C001,1.0,4.5,2023-04-01
A000871,U0163,C003,0.25,4.0,
A000872,U0163,C015,0.83,3.5,2024-09-19
A000873,U0163,C002,0.91,,2024-12-09
A000874,U0164,C009,0.4,4.5,
A000875,U0164,C010,0.17,4.5,
A000876,U0165,C007,1.0,,2024-06-22
A000877,U0165,C009,1.0,4.5,2024-05-26
A000878,U0165,C014,0.33,3.5,
A000879,U0165,C008,0.86,3.5,2024-07-31
A000880,U0165,C001,1.0,4.5,2024-09-05
A000881,U0165,C012,0.98,3.5,2024-07-14
A000882,U0165,C010,0.68,,
A000883,U0166,C015,0.97,5.0,2024-12-25
A000884,U0167,C005,0.88,,2024-09-26
A000885,U0167,C010,0.88,4.5,2024-11-18
A000886,U0167,C007,0.58,3.5,
A000887,U0167,C013,1.0,5.0,2024-09-16
A000888,U0167,C002,0.81,4.0,2024-11-19
A000889,U0167,C014,0.83,,2024-12-31
A000890,U0167,C015,0.87,,2024-12-09
A000891,U0168,C001,0.34,,
A000892,U0168,C014,0.27,,
A000893,U0169,C011,0.33,4.0,
A000894,U0169,C012,0.24,3.5,
A000895,U0169,C014,0.33,2.0,
A000896,U0169,C015,0.46,4.0,
A000897,U0169,C013,0.47,,
A000898,U0169,C002,0.45,2.5,
A000899,U0169,C006,0.17,2.5,
A000900,U0170,C006,1.0,4.0,2023-10-05
A000901,U0170,C005,0.81,4.5,2023-10-21
A000902,U0170,C010,1.0,4.5,2024-01-30
A000903,U0170,C008,0.87,4.0,2024-12-04
A000904,U0170,C007,1.0,4.0,2024-11-05
A000905,U0170,C004,0.32,4.5,
A000906,U0170,C001,0.94,4.0,2024-12-01
A000907,U0171,C010,0.39,,
A000908,U0171,C005,0.49,2.5,
A000909,U0171,C011,0.25,,
A000910,U0171,C007,0.38,4.0,
A000911,U0171,C014,0.0,2.5,
A000912,U0171,C008,0.61,4.5,
A000913,U0171,C009,0.42,4.0,
A000914,U0171,C015,0.81,2.5,
A000915,U0171,C013,0.82,3.5,
A000916,U0172,C003,0.94,4.5,2024-12-27
A000917,U0173,C009,1.0,3.5,2022-10-24
A000918,U0173,C001,1.0,4.0,2024-02-07
A000919,U0173,C004,0.55,4.0,
A000920,U0174,C002,0.92,4.5,2024-09-07
A000921,U0174,C012,1.0,5.0,2024-11-13
A000922,U0174,C015,1.0,4.5,2024-09-11
A000923,U0174,C011,1.0,4.5,2024-09-20
A000924,U0174,C006,0.51,5.0,
A000925,U0174,C014,0.52,4.0,
A000926,U0174,C003,0.95,4.5,2024-12-23
A000927,U0174,C013,1.0,5.0,2024-12-06
A000928,U0174,C005,0.74,4.5,2024-12-03
A000929,U0174,C004,0.95,5.0,2024-12-10
A000930,U0174,C009,1.0,4.5,2024-12-08
A000931,U0174,C008,0.87,4.0,2024-12-10
A000932,U0175,C006,0.25,4.0,
A000933,U0175,C010,1.0,3.0,2022-07-29
A000934,U0175,C014,0.55,3.0,
A000935,U0175,C013,0.84,4.5,
A000936,U0175,C001,0.77,3.5,
A000937,U0175,C015,0.53,5.0,
A000938,U0175,C004,0.55,3.5,
A000939,U0175,C012,0.14,4.5,
A000940,U0175,C005,0.68,,
A000941,U0176,C010,0.99,4.5,2024-01-12
A000942,U0176,C004,0.78,,
A000943,U0176,C005,0.71,,2024-01-28
A000944,U0176,C006,1.0,4.0,2024-10-07
A000945,U0176,C002,0.92,,2024-09-27
A000946,U0176,C009,0.72,4.5,
A000947,U0176,C011,0.52,4.0,
A000948,U0177,C010,0.99,3.5,2023-08-16
A000949,U0177,C003,0.92,4.0,2024-01-29
A000950,U0177,C013,1.0,5.0,2024-04-25
A000951,U0177,C012,0.28,4.5,
A000952,U0177,C007,0.97,3.5,2024-09-03
A000953,U0177,C005,0.85,,2024-10-03
A000954,U0178,C004,0.91,4.0,2022-11-03
A000955,U0178,C008,0.85,,2022-09-25
A000956,U0178,C009,0.95,4.5,2023-05-23
A000957,U0178,C013,1.0,4.5,2023-12-09
A000958,U0178,C011,1.0,3.5,2023-12-25
A000959,U0178,C007,1.0,4.5,2024-11-14
A000960,U0179,C002,0.36,3.0,
A000961,U0179,C007,0.89,4.0,2024-08-08
A000962,U0179,C014,0.69,4.0,2024-06-28
A000963,U0179,C012,0.28,4.5,
A000964,U0180,C011,0.98,4.5,2023-12-10
A000965,U0180,C008,0.49,,
A000966,U0180,C009,0.95,3.5,2024-10-30
A000967,U0180,C001,0.49,5.0,
A000968,U0180,C003,0.43,4.0,
A000969,U0180,C005,0.9,,2024-10-23
A000970,U0181,C013,0.23,,
A000971,U0181,C002,0.21,3.5,
A000972,U0181,C006,0.14,4.0,
A000973,U0181,C010,0.21,3.0,
A000974,U0182,C014,0.73,4.5,2024-11-07
A000975,U0182,C005,0.77,4.5,2024-12-15
A000976,U0182,C015,0.9,5.0,2024-12-15
A000977,U0182,C012,1.0,5.0,2024-12-15
A000978,U0182,C004,0.73,,
A000979,U0182,C007,0.89,4.5,2024-12-29
A000980,U0183,C014,0.0,2.5,
A000981,U0183,C015,0.39,3.5,
A000982,U0183,C004,0.71,,
A000983,U0183,C008,0.41,4.5,
A000984,U0183,C009,0.21,,
A000985,U0183,C013,0.79,,
A000986,U0183,C006,1.0,5.0,2024-12-12
A000987,U0183,C012,0.85,4.5,
A000988,U0183,C002,0.26,,
A000989,U0184,C001,0.77,4.5,
A000990,U0184,C003,0.96,5.0,2023-06-25
A000991,U0184,C002,0.94,,2023-11-04
A000992,U0184,C006,0.96,4.5,2024-04-06
A000993,U0184,C004,0.74,4.0,
A000994,U0185,C002,0.93,3.0,2023-07-22
A000995,U0185,C011,0.66,4.5,
A000996,U0186,C009,0.65,4.5,
A000997,U0186,C013,0.52,3.5,
A000998,U0186,C006,0.3,3.0,
A000999,U0186,C007,0.81,,
A001000,U0186,C011,0.77,4.5,
A001001,U0186,C001,0.4,2.0,
A001002,U0187,C004,0.8,,
A001003,U0187,C010,0.94,,2023-02-22
A001004,U0187,C008,0.0,,
A001005,U0187,C003,0.97,3.5,2024-04-09
A001006,U0188,C012,0.82,3.5,
A001007,U0189,C013,0.44,,
A001008,U0189,C011,0.96,5.0,2024-06-16
A001009,U0189,C008,0.81,4.0,2024-08-03
A001010,U0189,C002,0.81,4.0,2024-09-01
A001011,U0189,C014,0.72,4.5,2024-06-30
A001012,U0189,C009,0.9,5.0,2024-09-02
A001013,U0189,C003,0.95,4.5,2024-12-20
A001014,U0189,C001,1.0,4.5,2024-12-16
A001015,U0190,C004,0.16,,
A001016,U0190,C007,0.23,4.0,
A001017,U0190,C003,0.98,4.0,2023-07-06
A001018,U0190,C015,0.34,3.5,
A001019,U0190,C009,0.27,3.5,
A001020,U0190,C012,0.79,3.0,
A001021,U0190,C006,0.74,4.0,
A001022,U0190,C005,0.39,,
A001023,U0191,C006,0.6,4.0,
A001024,U0191,C012,0.94,4.5,2024-12-23
A001025,U0192,C006,0.67,4.0,
A001026,U0192,C013,1.0,3.0,2024-11-18
A001027,U0192,C014,0.0,3.0,
A001028,U0192,C005,0.46,,
A001029,U0192,C009,0.82,4.0,
A001030,U0192,C002,0.07,4.0,
A001031,U0193,C015,0.3,5.0,
A001032,U0193,C005,0.42,4.0,
A001033,U0193,C004,0.15,4.0,
A001034,U0193,C009,0.27,,
A001035,U0193,C006,0.69,3.5,
A001036,U0193,C014,0.29,,
A001037,U0193,C001,0.54,3.5,
A001038,U0193,C002,0.62,3.0,
A001039,U0194,C014,0.33,,
A001040,U0194,C004,1.0,3.5,2024-03-02
A001041,U0194,C008,0.68,4.5,2024-02-21
A001042,U0194,C005,0.01,4.0,
A001043,U0195,C008,0.1,4.0,
A001044,U0195,C003,1.0,,2023-02-01
A001045,U0195,C006,1.0,,2023-11-08
A001046,U0195,C004,0.95,,2023-08-11
A001047,U0195,C002,0.76,4.0,2023-12-22
A001048,U0195,C009,0.99,,2024-06-05
A001049,U0195,C011,1.0,,2024-12-19
A001050,U0196,C012,1.0,,2024-05-01
A001051,U0196,C013,1.0,5.0,2024-08-13
A001052,U0196,C008,0.68,4.5,2024-05-30
A001053,U0196,C009,1.0,4.0,2024-08-06
A001054,U0196,C007,0.99,,2024-06-20
A001055,U0196,C014,0.8,,2024-08-10
A001056,U0196,C015,0.21,,
A001057,U0196,C006,0.32,,
A001058,U0196,C005,0.5,4.0,
A001059,U0196,C010,0.96,4.0,2024-12-13
A001060,U0196,C003,1.0,4.5,2024-12-18
A001061,U0197,C007,1.0,4.0,2024-05-22
A001062,U0197,C003,0.69,4.5,
A001063,U0197,C004,0.22,3.5,
A001064,U0197,C011,1.0,,2024-10-21
A001065,U0197,C012,0.93,,2024-09-09
A001066,U0197,C010,1.0,4.0,2024-10-21
A001067,U0198,C005,0.0,4.0,
A001068,U0198,C015,0.62,4.0,
A001069,U0198,C014,0.67,3.5,2024-04-12
A001070,U0198,C009,0.32,,
A001071,U0198,C002,0.41,4.0,
A001072,U0198,C004,0.34,3.0,
A001073,U0198,C008,0.49,4.0,
A001074,U0198,C006,0.57,5.0,
A001075,U0199,C002,0.15,4.5,
A001076,U0199,C013,1.0,3.5,2024-11-25
A001077,U0199,C012,0.38,,
A001078,U0200,C008,0.74,,2024-12-30
A001079,U0201,C014,0.83,4.5,2024-01-24
A001080,U0201,C009,1.0,4.0,2024-01-17
A001081,U0201,C007,1.0,,2024-05-18
A001082,U0201,C013,0.33,4.5,
A001083,U0201,C002,0.77,,2024-08-29
A001084,U0201,C010,0.92,4.0,2024-12-10
A001085,U0201,C005,0.86,,2024-12-05
A001086,U0202,C013,0.96,,
A001087,U0202,C004,0.88,,2023-08-24
A001088,U0202,C003,0.58,,
A001089,U0202,C006,0.99,,2023-09-15
A001090,U0202,C001,1.0,,2024-07-21
A001091,U0202,C014,0.34,,
A001092,U0202,C011,0.96,3.5,2024-10-25
A001093,U0202,C007,0.23,3.0,
A001094,U0203,C003,0.71,4.0,
A001095,U0203,C005,0.12,2.0,
A001096,U0203,C010,0.98,3.5,2024-06-01
A001097,U0203,C013,0.27,3.0,
A001098,U0204,C014,0.81,3.5,2022-11-07
A001099,U0204,C004,0.9,4.0,2023-12-16
A001100,U0204,C009,1.0,,2024-07-26
A001101,U0204,C013,1.0,4.5,2024-12-14
A001102,U0205,C005,0.15,3.0,
A001103,U0205,C008,0.0,,
A001104,U0206,C015,0.78,,
A001105,U0206,C009,0.37,4.0,
A001106,U0207,C008,0.54,4.0,
A001107,U0208,C007,0.71,4.5,
A001108,U0208,C005,0.0,,
A001109,U0208,C003,0.5,4.0,
A001110,U0208,C002,0.52,4.0,
A001111,U0208,C009,0.22,3.0,
A001112,U0208,C010,0.55,2.5,
A001113,U0209,C006,0.7,3.5,
A001114,U0209,C013,0.4,4.5,
A001115,U0209,C010,0.85,3.0,
A001116,U0209,C012,0.41,,
A001117,U0209,C001,0.6,,
A001118,U0209,C008,0.06,3.0,
A001119,U0209,C011,0.39,4.0,
A001120,U0209,C014,0.2,3.0,
A001121,U0210,C003,0.33,,
A001122,U0211,C013,0.45,4.0,
A001123,U0211,C002,0.82,3.0,2024-05-01
A001124,U0211,C008,0.8,,2024-12-30
A001125,U0212,C014,0.75,2.5,2024-11-03
A001126,U0212,C005,0.84,,2024-11-29
A001127,U0212,C015,0.89,,2024-11-26
A001128,U0212,C011,0.34,,
A001129,U0212,C001,0.72,4.5,
A001130,U0213,C005,0.0,,
A001131,U0213,C011,0.22,3.5,
A001132,U0213,C007,0.68,4.5,
A001133,U0213,C013,0.4,,
A001134,U0213,C015,0.7,3.0,
A001135,U0213,C003,0.91,,2024-11-10
A001136,U0213,C009,0.47,5.0,
A001137,U0213,C002,0.27,4.5,
A001138,U0213,C004,0.29,3.0,
A001139,U0214,C015,0.96,,2024-10-05
A001140,U0214,C005,0.76,4.5,2024-10-22
A001141,U0214,C009,1.0,5.0,2024-12-28
A001142,U0214,C001,0.83,,
A001143,U0214,C011,1.0,,2024-12-26
A001144,U0214,C007,1.0,4.0,2024-11-18
A001145,U0214,C008,0.85,4.0,2024-11-16
A001146,U0214,C012,1.0,4.5,2024-12-08
A001147,U0214,C002,0.79,,2024-12-31
A001148,U0214,C010,1.0,,2024-12-09
A001149,U0214,C003,0.93,5.0,2024-12-20
A001150,U0214,C014,0.2,,
A001151,U0215,C015,0.87,,2022-04-22
A001152,U0215,C001,1.0,4.5,2024-04-05
A001153,U0215,C011,0.84,,
A001154,U0215,C013,1.0,5.0,2024-09-19
A001155,U0215,C014,0.74,,2024-11-30
A001156,U0216,C008,0.77,4.0,2024-10-20
A001157,U0216,C003,1.0,,2024-12-02
A001158,U0216,C015,0.83,,2024-11-27
A001159,U0216,C001,0.96,4.5,2024-12-07
A001160,U0216,C010,0.59,4.5,
A001161,U0216,C013,1.0,4.0,2024-11-22
A001162,U0217,C011,0.95,4.5,2023-02-26
A001163,U0217,C004,1.0,4.5,2023-06-08
A001164,U0217,C014,0.84,3.5,2023-10-19
A001165,U0217,C008,0.81,5.0,2024-09-14
A001166,U0217,C012,1.0,,2024-06-08
A001167,U0217,C013,0.67,4.0,
A001168,U0218,C010,0.68,2.0,
A001169,U0218,C014,0.85,4.0,2024-01-13
A001170,U0219,C001,1.0,5.0,2024-05-29
A001171,U0219,C002,0.84,5.0,2024-12-16
A001172,U0219,C014,0.75,,2024-12-18
A001173,U0220,C008,0.4,3.0,
A001174,U0220,C012,0.23,4.0,
A001175,U0220,C001,0.18,4.5,
A001176,U0220,C007,0.85,3.5,
A001177,U0221,C006,0.53,,
A001178,U0221,C009,0.72,4.5,
A001179,U0221,C004,0.24,5.0,
A001180,U0221,C005,0.26,3.5,
A001181,U0221,C003,0.66,3.5,
A001182,U0221,C014,0.22,2.5,
A001183,U0221,C007,0.13,3.0,
A001184,U0221,C012,0.27,,
A001185,U0221,C013,0.52,,
A001186,U0222,C011,1.0,4.5,2024-05-21
A001187,U0222,C004,1.0,4.5,2024-08-12
A001188,U0222,C010,0.96,5.0,2024-10-28
A001189,U0222,C005,0.83,3.5,2024-12-10
A001190,U0222,C012,0.95,,2024-11-27
A001191,U0222,C009,0.98,5.0,2024-11-17
A001192,U0222,C013,1.0,5.0,2024-12-23
A001193,U0223,C003,0.13,,
A001194,U0223,C012,0.9,5.0,2022-06-10
A001195,U0223,C008,0.73,4.5,2022-10-21
A001196,U0223,C014,0.7,3.5,2023-02-17
A001197,U0223,C009,0.96,4.5,2023-10-09
A001198,U0223,C005,0.88,5.0,2023-08-30
A001199,U0223,C013,0.34,,
A001200,U0223,C004,0.87,4.5,2024-07-23
A001201,U0223,C007,1.0,,2024-08-22
A001202,U0223,C001,0.95,4.5,2024-07-20
A001203,U0223,C006,0.98,5.0,2024-10-19
A001204,U0223,C015,0.94,5.0,2024-11-18
A001205,U0224,C005,0.61,3.5,
A001206,U0224,C013,0.24,4.0,
A001207,U0224,C004,1.0,4.0,2024-04-14
A001208,U0224,C002,0.85,5.0,2024-08-08
A001209,U0224,C011,1.0,4.0,2024-11-18
A001210,U0225,C003,1.0,,2024-07-20
A001211,U0225,C010,0.92,4.5,2024-11-14
A001212,U0225,C004,0.23,3.0,
A001213,U0226,C006,0.95,,2023-10-02
A001214,U0226,C004,0.57,5.0,
A001215,U0226,C002,0.92,,2024-06-09
A001216,U0226,C008,0.68,5.0,2024-07-20
A001217,U0226,C013,1.0,4.5,2024-10-24
A001218,U0226,C001,1.0,5.0,2024-12-31
A001219,U0227,C001,1.0,3.0,2023-11-24
A001220,U0228,C009,0.91,,2024-11-20
A001221,U0228,C007,0.88,4.0,2024-10-31
A001222,U0228,C013,1.0,3.5,2024-11-24
A001223,U0229,C012,1.0,3.5,2022-09-21
A001224,U0229,C006,0.95,4.5,2023-05-16
A001225,U0229,C007,1.0,3.5,2023-12-29
A001226,U0229,C009,0.99,3.5,2024-11-25
A001227,U0229,C003,0.83,3.0,
A001228,U0230,C005,0.15,,
A001229,U0231,C004,0.27,5.0,
A001230,U0231,C012,0.46,4.0,
A001231,U0231,C010,0.98,3.5,2024-12-19
A001232,U0232,C009,0.69,4.0,
A001233,U0232,C010,0.37,3.0,
A001234,U0232,C003,0.56,3.0,
A001235,U0232,C004,0.58,3.5,
A001236,U0232,C015,0.44,4.0,
A001237,U0233,C008,0.78,4.5,2024-03-20
A001238,U0233,C004,0.86,5.0,2024-11-12
A001239,U0233,C001,0.41,,
A001240,U0234,C004,0.87,,2024-11-20
A001241,U0234,C010,0.12,4.0,
A001242,U0234,C009,1.0,3.0,2024-09-29
A001243,U0234,C012,1.0,5.0,2024-11-26
A001244,U0234,C014,0.74,,2024-10-16
A001245,U0234,C011,1.0,,2024-09-29
A001246,U0234,C005,0.71,,2024-09-19
A001247,U0235,C005,0.03,3.5,
A001248,U0235,C002,0.48,,
A001249,U0235,C013,1.0,4.5,2024-09-13
A001250,U0236,C014,0.7,4.0,2022-12-19
A001251,U0236,C015,0.86,5.0,2023-02-10
A001252,U0236,C001,0.93,5.0,2023-10-22
A001253,U0236,C007,1.0,,2024-01-30
A001254,U0236,C010,0.94,5.0,2024-08-25
A001255,U0236,C013,1.0,,2024-10-24
A001256,U0236,C011,1.0,,2024-11-08
A001257,U0236,C008,0.38,,
A001258,U0237,C015,0.96,3.0,2024-11-21
A001259,U0237,C009,1.0,3.5,2024-11-18
A001260,U0237,C012,0.34,3.5,
A001261,U0238,C005,0.07,3.0,
A001262,U0238,C009,0.99,,2024-07-31
A001263,U0238,C006,1.0,3.0,2024-09-12
A001264,U0239,C002,0.81,4.5,2024-11-18
A001265,U0239,C010,1.0,4.5,2024-12-26
A001266,U0239,C005,0.71,5.0,2024-11-22
A001267,U0239,C014,0.75,3.5,2024-11-05
A001268,U0239,C008,0.81,,2024-12-27
A001269,U0240,C015,0.82,3.5,
A001270,U0240,C014,0.81,,2024-08-03
A001271,U0240,C008,0.83,3.5,2024-10-23
A001272,U0241,C015,0.34,3.0,
A001273,U0241,C008,0.0,4.0,
A001274,U0241,C003,0.21,4.0,
A001275,U0241,C011,0.35,4.5,
A001276,U0241,C001,0.63,,
A001277,U0241,C002,0.76,3.0,2024-10-27
A001278,U0242,C015,0.62,,
A001279,U0242,C014,0.84,,2024-01-15
A001280,U0242,C011,0.98,,2024-03-28
A001281,U0242,C007,0.91,4.0,2024-08-17
A001282,U0242,C006,0.87,,
A001283,U0242,C013,1.0,5.0,2024-09-06
A001284,U0242,C001,1.0,5.0,2024-06-07
A001285,U0242,C012,1.0,4.5,2024-10-31
A001286,U0242,C003,0.96,,2024-12-31
A001287,U0243,C009,1.0,4.0,2024-12-27
A001288,U0244,C006,1.0,,2024-08-26
A001289,U0244,C002,0.88,,2024-09-17
A001290,U0244,C009,0.56,,
A001291,U0244,C013,1.0,4.0,2024-11-10
A001292,U0245,C013,0.35,5.0,
A001293,U0245,C003,0.65,3.5,
A001294,U0245,C011,0.52,,
A001295,U0245,C004,0.8,,
A001296,U0245,C014,0.05,3.0,
A001297,U0245,C002,0.34,3.0,
A001298,U0246,C004,0.27,5.0,
A001299,U0246,C012,0.97,4.5,2023-03-08
A001300,U0246,C006,1.0,5.0,2023-07-02
A001301,U0246,C001,0.51,4.5,
A001302,U0246,C002,0.85,4.5,2023-12-14
A001303,U0246,C011,1.0,,2024-01-21
A001304,U0246,C013,0.85,4.5,
A001305,U0246,C009,0.96,5.0,2024-12-18
A001306,U0247,C001,0.37,,
A001307,U0248,C015,1.0,4.5,2024-07-17
A001308,U0248,C011,0.98,,2024-03-31
A001309,U0248,C013,1.0,4.5,2024-03-20
A001310,U0248,C009,0.95,3.5,2024-08-23
A001311,U0248,C002,0.92,,2024-05-21
A001312,U0249,C011,0.56,4.0,
A001313,U0249,C003,1.0,4.5,2024-05-27
A001314,U0250,C002,0.84,,2024-05-24
A001315,U0250,C003,1.0,3.0,2024-07-17
A001316,U0250,C007,0.67,,
A001317,U0250,C014,0.77,2.5,2024-09-29
A001318,U0251,C015,0.91,3.5,2024-02-12
A001319,U0251,C011,0.22,5.0,
A001320,U0251,C003,0.83,4.0,
A001321,U0252,C007,0.16,4.5,
A001322,U0252,C001,1.0,,2024-01-10
A001323,U0252,C011,0.96,4.5,2024-07-08
A001324,U0252,C009,0.93,,2024-05-27
A001325,U0252,C008,0.03,,
A001326,U0252,C015,0.35,5.0,
A001327,U0252,C010,0.96,4.5,2024-12-13
A001328,U0252,C012,0.92,,2024-10-24
A001329,U0252,C014,0.77,4.5,2024-11-21
A001330,U0253,C008,0.75,,2024-01-17
A001331,U0253,C009,0.99,3.5,2024-06-02
A001332,U0253,C005,0.75,3.5,2024-02-26
A001333,U0253,C011,0.36,3.5,
A001334,U0254,C007,0.32,4.0,
A001335,U0254,C012,1.0,4.5,2024-03-21
A001336,U0254,C010,0.95,4.0,2024-11-15
A001337,U0255,C013,1.0,,2023-01-27
A001338,U0255,C009,0.68,,
A001339,U0256,C010,0.95,5.0,2024-06-19
A001340,U0256,C012,0.88,,2024-08-15
A001341,U0256,C005,0.86,4.0,2024-09-26
A001342,U0256,C001,1.0,5.0,2024-09-06
A001343,U0256,C013,1.0,,2024-10-05
A001344,U0256,C011,1.0,,2024-08-29
A001345,U0256,C004,0.27,,
A001346,U0256,C003,1.0,5.0,2024-12-12
A001347,U0256,C009,1.0,5.0,2024-12-15
A001348,U0256,C008,0.68,4.5,2024-12-22
A001349,U0257,C013,0.7,,
A001350,U0257,C015,0.67,,
A001351,U0257,C006,0.34,,
A001352,U0257,C012,1.0,4.0,2024-11-22
A001353,U0258,C010,0.99,4.5,2023-10-07
A001354,U0258,C009,0.41,5.0,
A001355,U0258,C012,0.98,4.5,2024-10-15
A001356,U0258,C006,1.0,4.5,2024-11-01
A001357,U0258,C002,0.89,4.0,2024-11-03
A001358,U0258,C011,0.97,,2024-12-04
A001359,U0259,C015,0.23,4.5,
A001360,U0259,C012,0.33,4.5,
A001361,U0259,C006,0.76,,
A001362,U0259,C001,1.0,,2023-12-21
A001363,U0259,C011,0.63,3.0,
A001364,U0259,C009,0.75,4.5,
A001365,U0260,C009,0.14,4.5,
A001366,U0260,C014,0.84,4.0,2023-06-16
A001367,U0260,C011,1.0,,2024-01-06
A001368,U0260,C013,1.0,4.0,2023-10-04
A001369,U0260,C004,0.58,,
A001370,U0260,C001,1.0,4.5,2024-08-09
A001371,U0260,C003,0.89,4.0,2024-10-24
A001372,U0261,C015,0.48,,
A001373,U0261,C010,0.94,3.0,2023-07-07
A001374,U0262,C007,0.88,3.5,2022-08-10
A001375,U0262,C011,1.0,4.5,2023-03-13
A001376,U0262,C010,0.97,4.5,2023-08-05
A001377,U0262,C006,0.24,5.0,
A001378,U0262,C001,1.0,4.5,2024-10-29
A001379,U0262,C009,0.22,4.0,
A001380,U0262,C012,0.4,,
A001381,U0263,C002,0.81,3.5,2023-11-01
A001382,U0263,C008,0.83,3.0,2023-09-20
A001383,U0263,C009,0.75,4.5,
A001384,U0263,C012,1.0,4.5,2024-12-28
A001385,U0264,C013,0.98,,
A001386,U0264,C003,0.6,5.0,
A001387,U0265,C008,0.0,,
A001388,U0265,C005,0.86,,2024-04-06
A001389,U0265,C012,1.0,,2024-07-04
A001390,U0265,C014,0.61,,
A001391,U0266,C010,0.43,4.5,
A001392,U0266,C015,0.96,5.0,2024-04-14
A001393,U0266,C008,0.79,,2024-06-09
A001394,U0266,C011,1.0,,2024-03-26
A001395,U0266,C003,0.78,5.0,
A001396,U0266,C004,0.97,4.5,2024-12-01
A001397,U0266,C014,0.78,4.5,2024-12-24
A001398,U0267,C011,1.0,2.5,2023-08-16
A001399,U0267,C012,1.0,,2023-10-02
A001400,U0267,C004,0.32,4.5,
A001401,U0267,C013,0.26,,
A001402,U0268,C006,0.5,5.0,
A001403,U0268,C010,0.89,,2023-02-26
A001404,U0268,C001,0.41,,
A001405,U0268,C007,1.0,4.5,2024-10-06
A001406,U0268,C014,0.17,,
A001407,U0268,C005,0.82,3.0,2024-12-11
A001408,U0268,C011,1.0,,2024-12-30
A001409,U0269,C008,0.0,2.5,
A001410,U0269,C007,0.89,3.0,2024-05-20
A001411,U0269,C001,0.21,4.0,
A001412,U0269,C003,0.78,3.5,
A001413,U0269,C014,0.51,3.0,
A001414,U0269,C010,0.69,,
A001415,U0269,C004,0.3,4.0,
A001416,U0270,C001,0.79,3.5,
A001417,U0270,C002,0.42,3.5,
A001418,U0270,C008,0.12,4.5,
A001419,U0270,C003,0.44,3.5,
A001420,U0270,C014,0.32,3.5,
A001421,U0270,C004,0.64,4.0,
A001422,U0270,C010,0.09,,
A001423,U0270,C011,0.54,4.0,
A001424,U0271,C002,0.71,2.0,
A001425,U0271,C011,0.79,4.0,
A001426,U0271,C006,0.33,4.0,
A001427,U0271,C008,0.08,,
A001428,U0271,C015,0.29,,
A001429,U0271,C001,0.43,4.0,
A001430,U0271,C007,0.13,3.5,
A001431,U0271,C005,0.0,,
A001432,U0271,C009,0.47,3.0,
A001433,U0272,C011,1.0,4.0,2024-08-23
A001434,U0272,C009,0.91,,2024-09-25
A001435,U0272,C015,0.6,5.0,
A001436,U0272,C004,0.96,4.5,2024-12-21
A001437,U0272,C007,0.96,4.5,2024-12-31
A001438,U0273,C002,0.82,3.0,2023-06-18
A001439,U0274,C001,0.91,3.5,2024-10-03
A001440,U0274,C012,0.92,4.0,2024-09-25
A001441,U0274,C009,1.0,3.0,2024-12-15
A001442,U0274,C014,0.74,4.0,2024-12-17
A001443,U0275,C012,0.68,3.5,
A001444,U0275,C006,0.41,5.0,
A001445,U0276,C003,0.85,5.0,
A001446,U0277,C012,0.91,4.0,2024-12-27
A001447,U0277,C010,1.0,,2024-12-06
A001448,U0277,C015,0.88,5.0,2024-10-17
A001449,U0277,C001,1.0,4.0,2024-11-26
A001450,U0277,C013,1.0,,2024-12-26
A001451,U0277,C002,0.92,3.0,2024-12-08
A001452,U0278,C015,0.93,5.0,2022-07-27
A001453,U0278,C012,1.0,5.0,2023-01-12
A001454,U0278,C001,1.0,5.0,2023-06-12
A001455,U0278,C007,0.93,,2023-09-21
A001456,U0278,C003,0.27,4.5,
A001457,U0278,C005,0.79,4.5,2024-10-21
A001458,U0278,C002,0.11,4.0,
A001459,U0278,C011,1.0,5.0,2024-12-08
A001460,U0279,C009,0.81,,
A001461,U0279,C013,0.63,5.0,
A001462,U0279,C004,0.69,,
A001463,U0279,C015,0.09,4.0,
A001464,U0279,C010,0.38,2.5,
A001465,U0279,C001,0.81,3.5,
A001466,U0280,C015,0.9,4.0,2024-05-21
A001467,U0280,C007,1.0,3.5,2024-07-10
A001468,U0280,C011,1.0,3.5,2024-09-12
A001469,U0280,C012,1.0,4.0,2024-11-26
A001470,U0280,C002,0.25,4.0,
A001471,U0281,C008,0.77,,2024-05-07
A001472,U0281,C011,0.59,4.5,
A001473,U0281,C003,0.17,3.5,
A001474,U0281,C006,0.38,,
A001475,U0281,C007,0.77,4.0,
A001476,U0281,C002,0.0,4.0,
A001477,U0282,C001,0.33,2.5,
A001478,U0282,C008,0.0,3.5,
A001479,U0282,C007,0.81,3.0,
A001480,U0282,C010,0.41,4.0,
A001481,U0282,C011,0.39,3.5,
A001482,U0283,C004,0.86,4.5,2024-10-02
A001483,U0283,C006,1.0,,2024-10-05
A001484,U0283,C014,0.78,4.5,2024-11-05
A001485,U0283,C008,0.73,4.5,2024-11-01
A001486,U0283,C003,0.98,4.5,2024-12-02
A001487,U0283,C010,0.9,5.0,2024-11-06
A001488,U0283,C007,1.0,4.5,2024-12-31
A001489,U0283,C001,1.0,,2024-12-12
A001490,U0283,C013,1.0,,2024-11-10
A001491,U0283,C009,0.98,,2024-12-24
A001492,U0283,C002,0.9,4.5,2024-12-18
A001493,U0283,C015,0.88,5.0,2024-12-17
A001494,U0284,C002,0.21,4.5,
A001495,U0285,C013,0.48,,
A001496,U0285,C001,0.98,4.0,2023-05-06
A001497,U0285,C008,0.7,4.0,2023-09-11
A001498,U0285,C006,0.52,4.0,
A001499,U0286,C015,0.92,3.5,2023-05-08
A001500,U0287,C003,0.94,,2024-04-09
A001501,U0287,C004,0.94,4.5,2024-06-17
A001502,U0288,C011,1.0,,2023-01-30
A001503,U0288,C001,1.0,4.0,2024-11-04
A001504,U0289,C012,1.0,4.5,2023-04-01
A001505,U0289,C009,1.0,,2024-03-01
A001506,U0289,C003,0.2,5.0,
A001507,U0289,C002,0.75,4.5,2024-08-10
A001508,U0289,C008,0.8,,2024-12-23
A001509,U0290,C013,1.0,,2023-05-12
A001510,U0290,C005,0.81,5.0,2023-05-14
A001511,U0290,C003,0.3,4.5,
A001512,U0290,C006,1.0,,2023-10-17
A001513,U0290,C011,0.79,4.0,
A001514,U0290,C008,0.81,3.5,2023-12-21
A001515,U0290,C012,1.0,4.5,2023-12-22
A001516,U0290,C001,0.96,5.0,2024-06-10
A001517,U0290,C002,0.78,,2024-07-17
A001518,U0290,C015,0.86,4.5,2024-12-24
A001519,U0291,C013,1.0,5.0,2024-09-12
A001520,U0291,C015,0.86,5.0,2024-11-15
A001521,U0291,C006,0.95,4.5,2024-11-28
A001522,U0291,C004,1.0,5.0,2024-11-15
A001523,U0291,C010,0.97,,2024-10-17
A001524,U0291,C001,0.84,5.0,
A001525,U0291,C007,1.0,4.0,2024-11-28
A001526,U0291,C002,0.45,4.5,
A001527,U0291,C003,1.0,,2024-11-20
A001528,U0292,C007,0.57,,
A001529,U0292,C006,0.92,,2024-12-20
A001530,U0293,C006,0.79,,
A001531,U0293,C005,0.83,4.0,2023-10-09
A001532,U0293,C001,0.68,4.5,
A001533,U0294,C005,0.73,4.5,2024-12-24
A001534,U0294,C013,1.0,3.5,2024-10-27
A001535,U0294,C015,1.0,4.5,2024-12-08
A001536,U0294,C009,1.0,,2024-11-08
A001537,U0294,C011,1.0,3.5,2024-12-15
A001538,U0294,C001,0.58,4.0,
A001539,U0295,C011,1.0,2.5,2023-10-29
A001540,U0295,C008,0.78,4.0,2024-05-31
A001541,U0296,C013,1.0,3.0,2024-12-05
A001542,U0296,C009,0.88,3.5,
A001543,U0297,C003,0.21,,
A001544,U0297,C008,0.79,3.5,2023-12-07
A001545,U0297,C007,0.99,,2024-03-22
A001546,U0298,C010,0.47,4.0,
A001547,U0298,C013,0.93,,
A001548,U0299,C005,0.04,4.5,
A001549,U0299,C001,0.97,3.0,2024-12-07
A001550,U0299,C013,1.0,,2024-12-14
A001551,U0299,C009,0.96,4.0,2024-08-30
A001552,U0299,C002,0.79,,2024-11-09
A001553,U0299,C007,0.22,3.5,
A001554,U0300,C004,0.86,4.0,2024-03-04
A001555,U0300,C013,1.0,3.5,2024-02-27
A001556,U0300,C009,0.92,4.0,2024-02-15
A001557,U0300,C014,0.84,,2024-05-06
A001558,U0300,C012,1.0,,2024-10-18
A001559,U0300,C007,0.92,,2024-12-03
A001560,U0300,C006,1.0,,2024-12-29
A001561,U0301,C007,0.14,,
A001562,U0301,C011,0.58,,
A001563,U0301,C002,0.04,2.5,
A001564,U0301,C006,0.57,4.5,
A001565,U0301,C005,0.59,,
A001566,U0301,C004,0.89,4.0,2024-09-09
A001567,U0301,C015,0.27,,
A001568,U0301,C012,0.56,4.5,
A001569,U0301,C009,0.88,,
A001570,U0302,C001,0.85,,
A001571,U0302,C006,0.27,3.0,
A001572,U0302,C002,0.78,,2024-05-11
A001573,U0302,C013,0.86,,
A001574,U0302,C011,0.5,2.0,
A001575,U0302,C014,0.1,3.0,
A001576,U0302,C007,0.43,,
A001577,U0302,C003,0.34,3.0,
A001578,U0302,C012,0.53,,
A001579,U0303,C010,0.3,4.0,
A001580,U0304,C009,1.0,5.0,2024-12-05
A001581,U0304,C004,0.95,,2024-12-08
A001582,U0304,C007,1.0,4.0,2024-12-07
A001583,U0304,C010,0.94,5.0,2024-11-13
A001584,U0304,C012,0.95,5.0,2024-12-15
A001585,U0304,C001,0.92,5.0,2024-11-16
A001586,U0304,C015,0.84,4.5,2024-11-12
A001587,U0305,C015,0.85,3.5,2023-07-13
A001588,U0306,C012,0.89,4.5,2023-06-09
A001589,U0306,C011,1.0,4.0,2023-06-18
A001590,U0306,C004,0.89,,2024-01-29
A001591,U0306,C005,0.7,4.5,2024-06-14
A001592,U0306,C002,0.13,5.0,
A001593,U0306,C015,1.0,5.0,2024-12-25
A001594,U0307,C009,1.0,4.0,2023-06-18
A001595,U0307,C011,0.96,,2024-08-22
A001596,U0307,C003,0.27,,
A001597,U0307,C007,0.98,3.5,2024-10-18
A001598,U0308,C001,0.98,3.5,2022-10-19
A001599,U0308,C006,1.0,4.0,2024-05-10
A001600,U0308,C005,0.19,4.0,
A001601,U0308,C010,1.0,,2024-07-27
A001602,U0308,C008,0.79,4.0,2024-12-18
A001603,U0309,C013,0.73,4.0,
A001604,U0309,C001,0.92,4.5,2024-12-29
A001605,U0309,C014,0.7,,2024-11-24
A001606,U0309,C006,1.0,,2024-11-27
A001607,U0309,C005,0.74,4.0,2024-12-22
A001608,U0310,C009,0.98,4.0,2023-09-14
A001609,U0310,C008,0.65,3.5,
A001610,U0310,C014,0.76,3.0,2024-01-27
A001611,U0310,C015,0.84,4.0,2024-07-31
A001612,U0310,C003,1.0,4.5,2024-11-19
A001613,U0311,C004,0.45,,
A001614,U0311,C014,0.59,,
A001615,U0311,C009,0.59,3.0,
A001616,U0311,C013,0.91,3.0,
A001617,U0311,C005,0.13,,
A001618,U0311,C010,0.8,,
A001619,U0311,C001,1.0,4.5,2024-10-03
A001620,U0311,C012,1.0,,2024-12-16
A001621,U0312,C009,1.0,,2024-12-16
A001622,U0312,C004,1.0,3.5,2024-11-18
A001623,U0312,C008,0.79,4.5,2024-12-29
A001624,U0312,C002,0.87,4.0,2024-10-02
A001625,U0312,C011,0.18,3.5,
A001626,U0313,C007,0.95,3.0,2024-12-30
A001627,U0313,C009,1.0,3.5,2024-11-04
A001628,U0313,C004,0.8,4.0,
A001629,U0314,C009,0.32,4.0,
A001630,U0314,C011,1.0,4.5,2024-06-30
A001631,U0314,C012,0.96,5.0,2024-06-18
A001632,U0314,C006,0.97,4.0,2024-07-31
A001633,U0314,C014,0.73,2.5,2024-12-22
A001634,U0314,C003,0.95,,2024-12-26
A001635,U0315,C002,0.25,,
A001636,U0315,C010,0.37,4.0,
A001637,U0315,C009,0.38,3.5,
A001638,U0315,C012,0.68,3.5,
A001639,U0315,C007,0.42,4.5,
A001640,U0315,C014,0.24,,
A001641,U0315,C008,0.36,,
A001642,U0315,C011,0.63,4.0,
A001643,U0316,C002,0.43,4.0,
A001644,U0316,C010,0.93,,2024-12-28
A001645,U0317,C006,0.83,4.0,
A001646,U0317,C015,0.9,,2024-04-15
A001647,U0317,C001,1.0,,2024-08-01
A001648,U0317,C011,0.23,4.0,
A001649,U0317,C004,0.54,3.5,
A001650,U0317,C005,0.15,3.5,
A001651,U0318,C003,0.5,,
A001652,U0318,C002,0.91,,2024-04-12
A001653,U0318,C012,1.0,3.5,2024-05-16
A001654,U0318,C006,0.35,4.5,
A001655,U0319,C001,1.0,,2022-10-13
A001656,U0319,C004,0.58,4.0,
A001657,U0319,C010,0.99,,2024-12-29
A001658,U0320,C010,0.11,,
A001659,U0320,C006,1.0,5.0,2022-09-28
A001660,U0320,C007,0.11,,
A001661,U0320,C009,0.15,3.5,
A001662,U0320,C008,0.17,,
A001663,U0320,C005,0.26,2.5,
A001664,U0320,C015,0.41,2.5,
A001665,U0320,C002,0.68,2.5,
A001666,U0321,C006,0.52,4.0,
A001667,U0321,C010,0.2,4.0,
A001668,U0321,C012,0.5,4.0,
A001669,U0322,C005,0.71,4.5,2024-05-20
A001670,U0322,C014,0.26,5.0,
A001671,U0322,C009,1.0,5.0,2024-04-24
A001672,U0322,C015,0.88,4.0,2024-02-05
A001673,U0322,C011,1.0,4.5,2024-05-23
A001674,U0322,C008,0.81,4.5,2024-06-16
A001675,U0322,C004,0.94,5.0,2024-09-21
A001676,U0322,C010,1.0,4.5,2024-06-20
A001677,U0322,C001,0.52,4.5,
A001678,U0323,C003,0.86,,
A001679,U0323,C008,0.07,3.5,
A001680,U0324,C006,1.0,,2022-12-18
A001681,U0324,C005,0.88,4.5,2023-02-17
A001682,U0324,C002,0.76,4.0,2023-01-07
A001683,U0324,C010,0.19,,
A001684,U0324,C013,0.64,3.5,
A001685,U0324,C003,0.93,5.0,2024-10-16
A001686,U0325,C008,0.85,4.0,2022-06-08
A001687,U0325,C014,0.77,5.0,2022-11-11
A001688,U0325,C015,0.92,,2023-01-27
A001689,U0325,C006,1.0,5.0,2023-09-21
A001690,U0325,C011,0.98,4.5,2024-11-28
A001691,U0326,C006,0.84,3.0,
A001692,U0327,C003,0.56,1.5,
A001693,U0327,C012,0.12,3.0,
A001694,U0327,C001,0.79,3.5,
A001695,U0327,C011,0.71,3.0,
A001696,U0327,C006,0.21,,
A001697,U0327,C013,1.0,2.0,2024-08-12
A001698,U0327,C008,0.15,2.0,
A001699,U0328,C013,1.0,,2022-07-09
A001700,U0328,C002,0.0,5.0,
A001701,U0328,C015,0.65,4.0,
A001702,U0328,C008,0.85,3.5,2024-12-22
A001703,U0329,C005,0.9,4.5,2023-06-13
A001704,U0329,C002,0.79,,2023-05-26
A001705,U0329,C011,1.0,4.0,2023-06-12
A001706,U0329,C009,1.0,,2024-10-25
A001707,U0329,C015,0.91,4.0,2024-10-15
A001708,U0329,C006,1.0,4.0,2024-11-24
A001709,U0329,C014,0.76,4.0,2024-12-17
A001710,U0330,C006,0.95,4.5,2024-03-31
A001711,U0330,C012,0.81,,
A001712,U0330,C014,0.8,4.5,2024-06-17
A001713,U0330,C008,0.87,,2024-04-08
A001714,U0330,C015,1.0,5.0,2024-08-16
A001715,U0330,C010,0.84,4.0,
A001716,U0330,C001,0.64,4.5,
A001717,U0330,C013,1.0,4.5,2024-12-28
A001718,U0331,C011,1.0,4.0,2024-05-08
A001719,U0331,C004,0.15,,
A001720,U0332,C015,0.66,3.5,
A001721,U0332,C003,0.3,4.0,
A001722,U0332,C004,0.79,4.5,
A001723,U0332,C007,0.47,,
A001724,U0332,C014,0.0,4.5,
A001725,U0332,C010,0.56,,
A001726,U0332,C012,0.65,4.0,
A001727,U0332,C005,0.5,4.5,
A001728,U0332,C009,0.13,2.5,
A001729,U0333,C001,1.0,2.5,2023-07-05
A001730,U0333,C002,0.94,,2024-09-08
A001731,U0333,C013,0.67,4.5,
A001732,U0334,C011,0.74,4.5,
A001733,U0335,C006,0.94,4.5,2023-02-20
A001734,U0335,C012,0.92,,2023-08-20
A001735,U0335,C005,0.77,,2023-10-06
A001736,U0335,C009,1.0,4.5,2024-01-28
A001737,U0335,C010,0.94,,2024-01-06
A001738,U0335,C014,0.33,4.5,
A001739,U0335,C013,1.0,,2024-09-20
A001740,U0335,C002,0.8,,2024-12-21
A001741,U0336,C008,0.75,4.0,2024-05-08
A001742,U0336,C002,0.11,4.0,
A001743,U0336,C014,0.35,,
A001744,U0336,C011,1.0,4.5,2024-11-19
A001745,U0336,C012,1.0,,2024-11-21
A001746,U0336,C007,0.34,,
A001747,U0337,C008,0.6,5.0,
A001748,U0337,C006,0.65,,
A001749,U0337,C010,0.87,4.5,2024-05-18
A001750,U0337,C007,0.92,4.0,2024-04-15
A001751,U0337,C014,0.28,,
A001752,U0337,C005,0.05,4.0,
A001753,U0337,C009,1.0,,2024-12-15
A001754,U0338,C009,1.0,3.0,2024-10-30
A001755,U0338,C005,0.04,,
A001756,U0338,C011,0.3,4.5,
A001757,U0338,C014,0.01,4.0,
A001758,U0339,C015,1.0,4.5,2024-04-17
A001759,U0339,C008,0.72,,2024-11-21
A001760,U0339,C012,0.97,4.5,2024-12-19
A001761,U0340,C007,0.49,4.5,
A001762,U0340,C014,0.82,,2023-07-10
A001763,U0340,C001,1.0,4.5,2024-04-18
A001764,U0340,C006,0.96,5.0,2024-09-01
A001765,U0340,C008,0.81,,2024-12-22
A001766,U0341,C009,0.97,4.5,2022-08-26
A001767,U0341,C011,0.98,5.0,2023-06-07
A001768,U0341,C010,1.0,4.0,2023-09-16
A001769,U0341,C004,0.37,5.0,
A001770,U0341,C006,0.99,,2024-03-15
A001771,U0341,C008,0.82,4.5,2024-01-31
A001772,U0341,C002,0.83,,2024-12-14
A001773,U0341,C015,0.78,4.0,
A001774,U0342,C004,0.17,5.0,
A001775,U0342,C002,0.56,,
A001776,U0343,C003,0.82,,
A001777,U0343,C004,0.46,4.5,
A001778,U0343,C009,0.54,3.0,
A001779,U0343,C011,0.48,3.0,
A001780,U0343,C006,0.56,3.5,
A001781,U0343,C010,0.75,,
A001782,U0344,C007,0.99,4.5,2024-02-05
A001783,U0344,C009,0.96,3.5,2024-06-17
A001784,U0345,C001,0.6,,
A001785,U0345,C014,0.42,3.5,
A001786,U0345,C007,0.65,3.0,
A001787,U0345,C006,0.28,,
A001788,U0345,C008,0.17,2.0,
A001789,U0346,C006,1.0,5.0,2024-11-30
A001790,U0346,C015,0.92,,2024-12-26
A001791,U0346,C001,0.99,4.5,2024-12-04
A001792,U0346,C013,0.28,4.0,
A001793,U0346,C012,0.98,,2024-12-08
A001794,U0346,C010,0.92,4.5,2024-12-30
A001795,U0346,C003,0.12,4.5,
A001796,U0346,C008,0.78,4.5,2024-12-04
A001797,U0347,C015,0.92,4.0,2024-03-16
A001798,U0347,C009,1.0,,2024-05-26
A001799,U0347,C011,1.0,4.5,2024-07-09
A001800,U0347,C006,1.0,,2024-10-27
A001801,U0347,C012,1.0,5.0,2024-12-24
A001802,U0348,C004,1.0,,2024-03-15
A001803,U0348,C002,0.92,,2024-08-25
A001804,U0349,C008,0.79,3.5,2023-07-01
A001805,U0349,C012,0.33,,
A001806,U0349,C001,0.99,,2024-10-15
A001807,U0349,C006,1.0,5.0,2024-12-09
A001808,U0350,C004,1.0,3.5,2023-12-09
A001809,U0350,C006,1.0,,2024-01-03
A001810,U0350,C010,1.0,3.5,2024-08-20
A001811,U0351,C009,0.81,4.0,
A001812,U0351,C006,0.73,,
A001813,U0351,C005,0.63,,
A001814,U0351,C007,0.26,2.5,
A001815,U0351,C010,0.62,,
A001816,U0352,C006,0.54,,
A001817,U0352,C007,0.41,3.5,
A001818,U0352,C009,0.45,,
A001819,U0352,C005,0.31,3.5,
A001820,U0352,C015,0.82,3.5,
A001821,U0353,C009,1.0,,2024-02-01
A001822,U0353,C015,0.79,4.0,
A001823,U0353,C002,0.31,4.0,
A001824,U0353,C005,0.06,4.0,
A001825,U0353,C008,0.58,2.5,
A001826,U0353,C003,0.99,,2024-11-11
A001827,U0353,C012,0.52,4.0,
A001828,U0353,C014,0.83,,2024-11-02
A001829,U0353,C006,0.63,,
A001830,U0354,C015,0.5,3.5,
A001831,U0354,C004,0.63,2.5,
A001832,U0354,C008,0.42,3.5,
A001833,U0354,C001,0.93,4.0,2023-05-04
A001834,U0354,C011,0.47,,
A001835,U0354,C014,0.0,3.5,
A001836,U0354,C005,0.19,,
A001837,U0355,C013,0.97,4.0,
A001838,U0355,C003,0.41,4.5,
A001839,U0355,C005,0.28,,
A001840,U0356,C013,1.0,4.5,2022-12-07
A001841,U0356,C012,0.36,4.0,
A001842,U0356,C004,0.85,4.0,2024-12-27
A001843,U0357,C009,0.65,,
A001844,U0358,C003,1.0,4.0,2024-08-22
A001845,U0358,C014,0.37,,
A001846,U0358,C004,0.27,3.5,
A001847,U0358,C013,0.65,,
A001848,U0359,C005,0.88,4.0,2024-08-16
A001849,U0359,C004,1.0,4.5,2024-10-01
A001850,U0359,C002,0.95,,2024-10-18
A001851,U0359,C011,0.59,4.0,
A001852,U0359,C007,0.95,,2024-12-07
A001853,U0360,C002,0.84,,2022-09-22
A001854,U0360,C015,0.67,3.0,
A001855,U0360,C007,0.28,,
A001856,U0360,C001,0.69,3.0,
A001857,U0360,C011,0.69,,
A001858,U0361,C014,0.5,,
A001859,U0361,C012,0.15,3.0,
A001860,U0362,C012,0.92,,2024-01-25
A001861,U0362,C011,0.98,5.0,2024-01-13
A001862,U0362,C006,0.96,,2024-01-20
A001863,U0362,C007,0.95,,2024-07-14
A001864,U0362,C008,0.74,4.0,2024-04-11
A001865,U0362,C015,0.92,4.5,2024-04-25
A001866,U0362,C005,0.77,4.5,2024-12-14
A001867,U0362,C009,0.97,5.0,2024-09-06
A001868,U0362,C001,1.0,5.0,2024-10-11
A001869,U0362,C004,1.0,4.5,2024-11-28
A001870,U0362,C014,0.68,,2024-11-29
A001871,U0363,C004,0.6,3.0,
A001872,U0363,C013,0.28,3.5,
A001873,U0363,C002,0.29,,
A001874,U0363,C001,0.66,3.0,
A001875,U0363,C015,0.05,3.0,
A001876,U0363,C007,0.35,,
A001877,U0363,C014,0.73,,2024-11-06
A001878,U0363,C005,0.1,3.5,
A001879,U0363,C010,0.95,3.5,2024-11-29
A001880,U0364,C002,0.58,,
A001881,U0364,C010,0.25,3.0,
A001882,U0364,C011,0.48,,
A001883,U0364,C004,0.61,,
A001884,U0364,C005,0.66,4.0,
A001885,U0364,C015,0.57,3.0,
A001886,U0364,C012,0.51,3.5,
A001887,U0364,C008,0.27,4.0,
A001888,U0364,C014,0.0,3.0,
A001889,U0364,C006,0.55,,
A001890,U0365,C012,0.68,4.5,
A001891,U0365,C003,0.42,,
A001892,U0365,C011,0.63,,
A001893,U0365,C006,0.64,3.5,
A001894,U0366,C006,0.88,4.0,
A001895,U0366,C009,0.95,4.5,2023-06-25
A001896,U0366,C010,0.58,3.5,
A001897,U0366,C011,0.96,4.5,2024-08-19
A001898,U0366,C015,0.33,4.0,
A001899,U0367,C011,0.52,4.0,
A001900,U0367,C013,0.77,2.0,
A001901,U0368,C004,0.89,3.5,2023-07-08
A001902,U0368,C006,0.43,,
A001903,U0369,C002,0.92,,2024-08-15
A001904,U0369,C011,1.0,4.5,2024-10-12
A001905,U0369,C010,1.0,4.0,2024-10-12
A001906,U0370,C015,0.12,4.5,
A001907,U0370,C008,0.69,4.5,2022-09-04
A001908,U0370,C007,1.0,4.5,2023-01-28
A001909,U0370,C006,0.95,4.5,2023-09-25
A001910,U0370,C010,1.0,5.0,2024-06-18
A001911,U0370,C001,0.94,,2024-05-03
A001912,U0370,C014,0.0,4.5,
A001913,U0370,C013,0.25,5.0,
A001914,U0371,C004,0.86,,2023-08-03
A001915,U0371,C005,0.01,4.0,
A001916,U0371,C001,1.0,,2023-12-02
A001917,U0371,C003,0.61,4.0,
A001918,U0371,C006,1.0,,2024-03-13
A001919,U0371,C015,0.92,,2024-11-01
A001920,U0371,C013,1.0,3.5,2024-12-21
A001921,U0372,C013,0.53,3.5,
A001922,U0372,C011,0.44,2.0,
A001923,U0373,C009,1.0,4.5,2024-01-02
A001924,U0373,C005,0.83,4.0,2024-01-10
A001925,U0373,C004,1.0,4.5,2024-06-07
A001926,U0373,C006,1.0,,2024-07-12
A001927,U0373,C008,0.74,4.0,2024-06-24
A001928,U0373,C001,0.95,4.5,2024-08-30
A001929,U0373,C013,1.0,4.5,2024-12-05
A001930,U0373,C007,1.0,,2024-08-30
A001931,U0373,C003,1.0,5.0,2024-11-21
A001932,U0373,C015,0.92,4.5,2024-11-09
A001933,U0373,C011,0.73,4.5,
A001934,U0373,C012,0.91,4.0,2024-12-23
A001935,U0374,C004,0.74,4.5,
A001936,U0374,C003,0.92,4.0,2023-11-24
A001937,U0374,C013,0.67,4.5,
A001938,U0374,C005,0.0,2.5,
A001939,U0374,C006,0.36,5.0,
A001940,U0374,C009,1.0,4.5,2024-11-11
A001941,U0375,C008,0.73,3.5,2023-07-30
A001942,U0375,C009,0.94,4.0,2023-12-19
A001943,U0375,C012,0.91,,2023-10-29
A001944,U0375,C003,0.6,4.0,
A001945,U0375,C002,0.94,3.5,2024-01-18
A001946,U0375,C013,1.0,4.5,2024-12-25
A001947,U0376,C006,1.0,4.0,2024-03-12
A001948,U0376,C008,0.19,4.5,
A001949,U0376,C015,0.74,3.5,
A001950,U0376,C009,0.73,3.0,
A001951,U0376,C002,0.61,2.5,
A001952,U0377,C013,1.0,3.0,2023-09-26
A001953,U0378,C010,0.91,3.0,2022-11-12
A001954,U0378,C008,0.29,,
A001955,U0378,C006,0.78,4.0,
A001956,U0378,C011,0.37,3.0,
A001957,U0378,C013,0.44,,
A001958,U0378,C004,0.36,,
A001959,U0378,C009,0.27,4.5,
A001960,U0379,C007,0.75,3.0,
A001961,U0379,C013,0.47,3.5,
A001962,U0379,C015,0.97,4.0,2023-06-20
A001963,U0379,C011,0.39,3.0,
A001964,U0379,C014,0.44,2.0,
A001965,U0379,C005,0.04,,
A001966,U0379,C004,0.67,4.5,
A001967,U0379,C009,0.63,2.5,
A001968,U0379,C008,0.16,,
A001969,U0380,C014,0.84,,2024-07-14
A001970,U0380,C012,0.78,5.0,
A001971,U0380,C009,1.0,5.0,2024-07-17
A001972,U0380,C006,1.0,5.0,2024-09-09
A001973,U0380,C011,0.62,4.5,
A001974,U0380,C003,1.0,,2024-11-30
A001975,U0380,C004,1.0,5.0,2024-11-20
A001976,U0381,C006,1.0,4.5,2024-02-13
A001977,U0381,C002,0.73,2.5,
A001978,U0381,C009,1.0,4.0,2024-03-07
A001979,U0382,C002,0.46,2.0,
A001980,U0382,C014,0.82,4.0,2023-09-22
A001981,U0383,C010,0.61,4.0,
A001982,U0383,C009,0.48,4.0,
A001983,U0383,C015,1.0,4.5,2024-07-17
A001984,U0383,C012,0.35,4.5,
A001985,U0384,C014,0.81,4.0,2024-11-19
A001986,U0384,C008,0.63,,
A001987,U0384,C010,0.96,4.0,2024-12-31
A001988,U0385,C013,1.0,4.0,2024-05-22
A001989,U0385,C004,1.0,4.0,2024-04-26
A001990,U0385,C005,0.09,,
A001991,U0386,C003,0.48,,
A001992,U0386,C001,1.0,3.0,2024-01-09
A001993,U0386,C007,0.77,3.5,
A001994,U0386,C014,0.06,,
A001995,U0386,C006,0.4,4.0,
A001996,U0386,C002,0.02,,
A001997,U0387,C013,1.0,4.5,2024-02-23
A001998,U0387,C001,0.51,4.5,
A001999,U0387,C009,0.41,4.0,
A002000,U0388,C007,0.39,3.0,
A002001,U0388,C015,0.68,3.5,
A002002,U0389,C015,0.45,5.0,
A002003,U0389,C007,1.0,3.5,2023-02-21
A002004,U0389,C009,0.93,5.0,2023-09-16
A002005,U0389,C010,0.42,4.0,
A002006,U0389,C012,0.89,,2024-04-26
A002007,U0389,C005,0.72,4.5,2024-08-15
A002008,U0389,C001,0.95,4.0,2024-12-19
A002009,U0390,C011,0.44,4.0,
A002010,U0390,C002,0.27,,
A002011,U0390,C001,1.0,,2024-08-27
A002012,U0391,C011,0.96,,2022-07-16
A002013,U0391,C001,0.52,,
A002014,U0391,C012,0.98,5.0,2022-07-14
A002015,U0391,C006,1.0,4.5,2022-06-24
A002016,U0391,C010,1.0,5.0,2022-12-10
A002017,U0391,C003,1.0,4.5,2023-02-21
A002018,U0391,C008,0.82,4.0,2023-06-21
A002019,U0391,C014,0.67,4.0,2023-11-25
A002020,U0391,C009,0.95,4.0,2024-06-29
A002021,U0391,C007,0.9,4.5,2024-08-07
A002022,U0391,C005,0.81,4.0,2024-10-28
A002023,U0391,C015,0.94,4.5,2024-12-24
A002024,U0392,C013,0.38,4.5,
A002025,U0392,C006,1.0,4.0,2024-09-27
A002026,U0392,C007,0.21,3.5,
A002027,U0392,C015,0.52,4.5,
A002028,U0393,C010,0.92,4.0,2023-11-03
A002029,U0393,C011,0.51,,
A002030,U0394,C005,0.49,3.0,
A002031,U0394,C013,0.75,3.0,
A002032,U0394,C001,1.0,,2023-09-15
A002033,U0394,C003,0.42,,
A002034,U0394,C009,0.52,3.5,
A002035,U0394,C012,0.31,3.0,
A002036,U0395,C004,0.99,3.0,2023-11-14
A002037,U0395,C010,0.88,3.5,2024-07-28
A002038,U0395,C006,1.0,4.5,2024-06-23
A002039,U0395,C015,0.95,,2024-08-18
A002040,U0395,C014,0.82,4.5,2024-09-06
A002041,U0396,C007,1.0,4.0,2023-09-30
A002042,U0396,C002,0.91,3.0,2024-03-19
A002043,U0396,C015,0.84,,2024-03-08
A002044,U0396,C010,0.42,4.5,
A002045,U0397,C009,0.49,3.5,
A002046,U0397,C002,0.02,3.5,
A002047,U0397,C015,0.47,,
A002048,U0397,C005,0.06,3.5,
A002049,U0397,C001,0.78,,
A002050,U0397,C007,0.83,,
A002051,U0397,C014,0.0,3.0,
A002052,U0397,C013,0.97,,
A002053,U0397,C008,0.0,3.0,
A002054,U0398,C006,0.81,4.5,
A002055,U0399,C013,0.71,3.5,
A002056,U0399,C009,0.31,4.0,
A002057,U0399,C005,0.77,4.0,2024-10-11
A002058,U0399,C004,0.89,4.0,2024-07-01
A002059,U0399,C010,0.9,4.5,2024-11-21
A002060,U0399,C011,0.58,3.0,
A002061,U0399,C015,0.92,3.5,2024-11-16
A002062,U0400,C013,0.33,3.0,
A002063,U0400,C008,0.42,,
A002064,U0400,C001,0.67,2.0,
A002065,U0400,C015,0.25,3.5,
A002066,U0400,C009,0.94,,2024-06-05
A002067,U0400,C007,0.45,,
A002068,U0401,C005,0.78,4.0,2024-08-28
A002069,U0401,C009,0.91,4.5,2024-09-16
A002070,U0401,C015,0.93,4.0,2024-12-29
A002071,U0402,C010,0.2,4.5,
A002072,U0402,C005,0.73,,2024-11-08
A002073,U0402,C014,0.68,3.5,2024-11-20
A002074,U0402,C015,0.88,,2024-12-29
A002075,U0402,C002,0.15,,
A002076,U0402,C003,0.89,4.5,2024-12-29
A002077,U0402,C004,0.91,4.0,2024-10-02
A002078,U0402,C008,0.69,,2024-10-22
A002079,U0402,C001,0.91,4.5,2024-12-11
A002080,U0402,C009,1.0,,2024-12-24
A002081,U0402,C006,1.0,,2024-12-03
A002082,U0402,C012,0.89,,2024-12-16
A002083,U0403,C008,0.82,2.5,2023-12-20
A002084,U0404,C008,0.84,4.0,2022-08-23
A002085,U0404,C007,0.76,,
A002086,U0404,C005,0.82,,2023-02-18
A002087,U0404,C012,0.3,,
A002088,U0404,C003,0.9,3.5,2024-04-05
A002089,U0404,C011,1.0,,2024-11-25
A002090,U0405,C005,0.88,4.0,2024-12-27
A002091,U0406,C007,0.96,3.0,2024-08-13
A002092,U0406,C009,1.0,5.0,2024-12-15
A002093,U0406,C006,1.0,5.0,2024-11-12
A002094,U0406,C004,0.56,3.5,
A002095,U0407,C005,0.15,4.0,
A002096,U0407,C002,0.0,4.0,
A002097,U0407,C007,0.74,4.0,
A002098,U0407,C006,0.29,3.0,
A002099,U0407,C003,0.62,5.0,
A002100,U0408,C015,0.89,4.0,2024-07-03
A002101,U0408,C008,0.01,,
A002102,U0409,C005,0.83,,2024-12-29
A002103,U0410,C002,0.29,,
A002104,U0410,C003,1.0,4.5,2023-11-23
A002105,U0410,C010,1.0,3.5,2024-06-08
A002106,U0410,C011,1.0,,2024-12-28
A002107,U0410,C005,0.77,3.5,2024-11-08
A002108,U0410,C012,1.0,,2024-10-28
A002109,U0411,C002,0.77,,2023-12-19
A002110,U0411,C015,0.92,4.0,2024-08-01
A002111,U0411,C014,0.72,,2024-06-12
A002112,U0411,C012,0.92,,2024-08-20
A002113,U0411,C005,0.71,3.5,2024-10-09
A002114,U0411,C003,0.95,4.5,2024-11-15
A002115,U0412,C007,0.98,4.0,2024-02-27
A002116,U0412,C009,0.94,5.0,2024-03-13
A002117,U0412,C005,0.89,3.5,2024-04-24
A002118,U0412,C004,0.83,4.0,
A002119,U0412,C008,0.73,,2024-12-25
A002120,U0412,C014,0.69,5.0,2024-12-26
A002121,U0413,C010,0.65,3.5,
A002122,U0413,C009,0.37,,
A002123,U0413,C008,0.41,,
A002124,U0413,C015,0.08,3.0,
A002125,U0413,C013,0.6,3.0,
A002126,U0413,C002,0.52,4.0,
A002127,U0413,C007,0.17,3.5,
A002128,U0413,C006,0.57,3.5,
A002129,U0414,C013,0.85,4.0,
A002130,U0414,C010,1.0,,2024-06-23
A002131,U0414,C001,1.0,,2024-10-24
A002132,U0414,C007,1.0,,2024-08-22
A002133,U0414,C008,0.23,,
A002134,U0414,C004,0.89,,2024-10-26
A002135,U0414,C002,0.46,4.5,
A002136,U0414,C003,1.0,,2024-12-09
A002137,U0414,C006,1.0,,2024-12-15
A002138,U0414,C009,1.0,,2024-12-13
A002139,U0414,C005,0.72,3.5,2024-12-30
A002140,U0415,C014,0.74,5.0,2023-05-28
A002141,U0415,C009,0.88,5.0,
A002142,U0415,C006,1.0,4.5,2024-10-11
A002143,U0415,C008,0.71,4.5,2024-12-10
A002144,U0415,C007,1.0,3.5,2024-12-13
A002145,U0415,C011,1.0,4.0,2024-12-29
A002146,U0416,C015,0.87,4.5,2023-07-17
A002147,U0416,C004,0.86,4.0,2023-10-02
A002148,U0416,C005,0.78,4.0,2024-02-22
A002149,U0416,C001,0.31,,
A002150,U0416,C006,1.0,4.0,2024-06-22
A002151,U0416,C014,0.41,4.5,
A002152,U0416,C010,0.26,5.0,
A002153,U0416,C011,0.87,5.0,
A002154,U0416,C007,0.96,4.5,2024-12-05
A002155,U0416,C003,1.0,5.0,2024-12-26
A002156,U0417,C003,0.68,3.0,
A002157,U0417,C011,0.25,3.5,
A002158,U0417,C014,0.54,3.5,
A002159,U0417,C015,0.33,3.5,
A002160,U0417,C001,0.37,3.5,
A002161,U0417,C010,0.36,,
A002162,U0418,C012,0.35,3.5,
A002163,U0419,C015,0.08,4.5,
A002164,U0419,C001,0.86,4.5,
A002165,U0419,C011,1.0,4.0,2024-11-29
A002166,U0420,C010,0.92,,2024-02-01
A002167,U0420,C014,0.76,4.5,2024-08-09
A002168,U0420,C012,0.94,4.5,2024-12-11
A002169,U0420,C006,0.97,,2024-10-23
A002170,U0421,C003,0.96,,2024-12-22
A002171,U0421,C007,0.92,3.5,2024-12-28
A002172,U0421,C005,0.73,4.0,2024-12-07
A002173,U0422,C001,0.83,,
A002174,U0422,C011,0.82,5.0,
A002175,U0422,C002,0.0,,
A002176,U0422,C014,0.0,2.5,
A002177,U0423,C006,1.0,4.5,2024-12-18
A002178,U0424,C004,1.0,4.5,2023-05-10
A002179,U0424,C002,0.95,3.5,2023-09-05
A002180,U0424,C010,1.0,3.5,2023-06-28
A002181,U0424,C015,0.58,,
A002182,U0424,C001,1.0,4.5,2024-10-31
A002183,U0425,C008,0.47,3.0,
A002184,U0425,C003,0.68,4.0,
A002185,U0425,C007,0.36,3.0,
A002186,U0425,C006,0.49,,
A002187,U0425,C002,0.5,3.0,
A002188,U0425,C005,0.74,4.0,2024-04-22
A002189,U0425,C013,0.83,3.5,
A002190,U0425,C009,0.13,4.0,
A002191,U0425,C010,0.49,,
A002192,U0425,C012,1.0,,2024-10-24
A002193,U0426,C004,0.94,5.0,2023-07-16
A002194,U0426,C005,0.73,,2023-10-28
A002195,U0426,C001,0.39,,
A002196,U0426,C014,0.72,4.5,2024-05-15
A002197,U0426,C008,0.77,4.5,2024-05-31
A002198,U0426,C009,1.0,,2024-09-21
A002199,U0426,C003,0.96,,2024-12-23
A002200,U0427,C004,0.38,3.5,
A002201,U0428,C014,0.09,4.0,
A002202,U0428,C010,0.93,3.5,2023-10-29
A002203,U0428,C002,0.03,4.5,
A002204,U0428,C011,0.28,,
A002205,U0428,C012,0.76,3.0,
A002206,U0429,C011,1.0,3.5,2024-09-06
A002207,U0429,C012,0.2,5.0,
A002208,U0430,C004,1.0,2.0,2022-11-26
A002209,U0430,C005,0.18,2.5,
A002210,U0430,C009,0.54,3.0,
A002211,U0430,C013,0.33,4.0,
A002212,U0431,C015,0.77,3.5,
A002213,U0431,C012,0.59,4.5,
A002214,U0431,C014,0.65,4.0,2024-12-20
A002215,U0432,C011,1.0,4.0,2024-09-30
A002216,U0432,C007,0.86,,
A002217,U0432,C002,0.53,3.0,
A002218,U0432,C009,0.51,3.0,
A002219,U0433,C001,0.97,4.0,2023-01-14
A002220,U0433,C014,0.67,,2023-04-04
A002221,U0433,C007,1.0,4.0,2023-07-19
A002222,U0433,C005,0.65,4.0,
A002223,U0433,C015,0.96,3.5,2024-10-20
A002224,U0433,C006,1.0,3.5,2024-10-12
A002225,U0434,C013,1.0,4.5,2024-08-02
A002226,U0434,C014,0.78,4.0,2024-10-13
A002227,U0434,C011,1.0,4.0,2024-09-18
A002228,U0434,C006,0.54,4.0,
A002229,U0435,C010,0.97,3.0,2024-12-30
A002230,U0435,C011,1.0,,2024-09-25
A002231,U0436,C012,0.97,,2023-04-19
A002232,U0436,C010,0.73,5.0,
A002233,U0436,C013,1.0,3.5,2024-12-31
A002234,U0437,C007,0.15,2.5,
A002235,U0437,C002,0.67,,
A002236,U0437,C011,0.5,,
A002237,U0437,C012,0.66,,
A002238,U0437,C013,0.93,4.0,
A002239,U0438,C005,0.46,3.5,
A002240,U0438,C006,0.26,3.5,
A002241,U0439,C003,0.37,,
A002242,U0439,C012,0.76,4.5,
A002243,U0439,C005,0.9,,2024-01-14
A002244,U0439,C006,1.0,4.0,2024-07-08
A002245,U0439,C011,0.31,4.0,
A002246,U0439,C013,1.0,4.0,2024-07-06
A002247,U0439,C010,0.1,,
A002248,U0440,C015,1.0,,2024-07-21
A002249,U0440,C001,1.0,4.5,2024-08-17
A002250,U0440,C010,0.97,,2024-11-25
A002251,U0440,C005,0.82,4.0,2024-11-09
A002252,U0440,C013,1.0,5.0,2024-12-27
A002253,U0440,C007,0.91,4.0,2024-12-04
A002254,U0440,C006,1.0,5.0,2024-12-13
A002255,U0441,C010,0.98,2.0,2023-06-23
A002256,U0441,C004,0.26,,
A002257,U0441,C012,0.99,4.0,2024-01-22
A002258,U0442,C012,0.99,3.5,2023-03-13
A002259,U0443,C003,0.9,4.0,2024-08-06
A002260,U0443,C013,1.0,4.0,2024-11-10
A002261,U0443,C001,1.0,4.0,2024-09-26
A002262,U0443,C004,0.21,5.0,
A002263,U0444,C006,1.0,,2024-08-13
A002264,U0444,C014,0.53,4.0,
A002265,U0444,C013,1.0,4.0,2024-11-29
A002266,U0444,C001,0.82,4.0,
A002267,U0445,C010,0.69,3.0,
A002268,U0445,C013,1.0,5.0,2024-04-19
A002269,U0445,C006,0.94,,2024-09-23
A002270,U0445,C002,0.93,4.5,2024-12-24
A002271,U0446,C003,0.36,5.0,
A002272,U0446,C004,0.89,,2024-07-04
A002273,U0446,C012,0.96,4.0,2024-10-06
A002274,U0446,C001,0.91,4.0,2024-12-21
A002275,U0447,C004,0.85,,2024-07-18
A002276,U0447,C007,0.89,3.5,2024-08-28
A002277,U0447,C012,0.86,4.0,
A002278,U0447,C005,0.88,,2024-10-18
A002279,U0447,C001,0.91,,2024-10-01
A002280,U0447,C009,1.0,4.0,2024-12-19
A002281,U0448,C003,0.8,3.5,
A002282,U0448,C007,0.64,1.5,
A002283,U0448,C005,0.03,3.0,
A002284,U0448,C010,0.67,,
A002285,U0449,C014,0.4,3.5,
A002286,U0449,C011,0.89,,
A002287,U0449,C008,0.8,2.5,2023-08-11
A002288,U0449,C015,0.49,4.0,
A002289,U0449,C009,0.21,,
A002290,U0449,C013,0.75,,
A002291,U0449,C001,0.56,4.0,
A002292,U0449,C007,0.27,,
A002293,U0450,C009,0.22,3.5,
A002294,U0450,C002,0.28,3.0,
A002295,U0450,C008,0.31,,
A002296,U0450,C001,0.48,3.0,
A002297,U0450,C004,0.67,,
A002298,U0450,C007,0.27,3.0,
A002299,U0450,C003,0.58,4.0,
A002300,U0450,C011,0.9,,
A002301,U0451,C004,0.45,5.0,
A002302,U0451,C009,0.91,4.5,2024-10-06
A002303,U0451,C002,0.18,4.5,
A002304,U0452,C002,0.73,4.5,
A002305,U0452,C008,0.76,,2023-01-20
A002306,U0452,C001,0.93,4.5,2022-12-16
A002307,U0452,C004,0.93,,2023-07-31
A002308,U0452,C014,0.19,4.5,
A002309,U0452,C009,1.0,4.0,2024-08-08
A002310,U0452,C006,0.14,4.5,
A002311,U0452,C011,0.98,5.0,2024-10-24
A002312,U0452,C005,0.76,4.5,2024-10-10
A002313,U0452,C010,0.87,4.5,2024-12-23
A002314,U0452,C015,0.22,4.5,
A002315,U0452,C012,0.93,4.5,2024-11-19
A002316,U0453,C014,0.0,4.0,
A002317,U0453,C001,0.3,4.5,
A002318,U0453,C006,0.9,2.5,
A002319,U0453,C004,0.56,4.5,
A002320,U0454,C006,0.97,3.5,2024-07-18
A002321,U0454,C013,0.73,3.5,
A002322,U0454,C010,0.36,2.5,
A002323,U0455,C012,1.0,4.0,2024-12-24
A002324,U0455,C015,0.54,4.5,
A002325,U0455,C011,1.0,5.0,2024-12-29
A002326,U0455,C008,0.78,4.0,2024-12-31
A002327,U0456,C010,0.72,4.0,
A002328,U0456,C006,0.38,3.0,
A002329,U0456,C003,0.39,3.5,
A002330,U0456,C007,0.89,,2024-12-09
A002331,U0457,C007,0.27,3.5,
A002332,U0457,C005,0.0,4.0,
A002333,U0457,C013,1.0,4.0,2024-08-16
A002334,U0457,C014,0.84,,2024-11-06
A002335,U0458,C004,0.87,5.0,2022-07-16
A002336,U0458,C011,1.0,4.5,2023-02-22
A002337,U0458,C015,0.93,4.0,2023-01-17
A002338,U0458,C005,0.73,4.5,2024-01-09
A002339,U0458,C014,0.68,3.5,2024-07-18
A002340,U0458,C003,0.92,5.0,2024-12-16
A002341,U0458,C012,0.9,4.0,2024-12-31
A002342,U0459,C002,0.36,,
A002343,U0459,C001,0.3,4.0,
A002344,U0459,C005,0.81,4.0,2023-11-25
A002345,U0459,C004,1.0,4.0,2024-03-14
A002346,U0459,C012,0.81,4.0,
A002347,U0459,C013,1.0,4.5,2024-12-09
A002348,U0459,C006,0.92,,2024-11-29
A002349,U0460,C013,1.0,,2024-07-21
A002350,U0460,C002,0.59,,
A002351,U0460,C012,0.4,,
A002352,U0460,C014,0.15,3.5,
A002353,U0460,C006,0.18,,
A002354,U0460,C003,0.77,4.5,
A002355,U0460,C004,0.24,4.0,
A002356,U0460,C011,0.91,3.5,
A002357,U0460,C010,0.16,3.0,
A002358,U0461,C002,0.45,4.5,
A002359,U0461,C007,0.73,2.0,
A002360,U0461,C014,0.36,,
A002361,U0461,C010,0.71,,
A002362,U0461,C009,0.85,3.5,
A002363,U0461,C015,0.69,2.5,
A002364,U0461,C005,0.23,4.5,
A002365,U0461,C011,0.64,4.0,
A002366,U0461,C003,0.3,3.5,
A002367,U0461,C013,0.95,4.5,
A002368,U0462,C002,0.89,,2024-05-14
A002369,U0462,C015,0.9,,2024-08-23
A002370,U0462,C014,0.78,,2024-09-02
A002371,U0462,C012,1.0,4.5,2024-09-18
A002372,U0462,C013,1.0,4.5,2024-10-26
A002373,U0462,C009,0.94,3.5,2024-10-02
A002374,U0462,C007,1.0,,2024-11-08
A002375,U0463,C013,0.5,,
A002376,U0463,C003,0.84,5.0,
A002377,U0463,C014,0.72,3.5,2024-02-15
A002378,U0463,C001,1.0,,2024-05-02
A002379,U0463,C005,0.88,3.0,2024-08-31
A002380,U0463,C002,0.82,5.0,2024-11-23
A002381,U0463,C012,0.46,4.5,
A002382,U0464,C011,0.96,,2023-06-20
A002383,U0464,C009,1.0,4.0,2024-06-17
A002384,U0464,C003,0.54,4.5,
A002385,U0464,C005,0.86,3.5,2024-07-28
A002386,U0464,C001,0.14,4.5,
A002387,U0465,C012,0.47,4.0,
A002388,U0466,C004,1.0,,2023-07-04
A002389,U0466,C013,0.61,3.5,
A002390,U0466,C014,0.59,3.5,
A002391,U0466,C015,0.92,3.0,2024-02-02
A002392,U0466,C003,0.46,,
A002393,U0466,C007,0.38,3.5,
A002394,U0466,C009,0.35,2.0,
A002395,U0467,C009,0.29,,
A002396,U0467,C010,0.98,,2023-06-29
A002397,U0467,C006,0.23,3.5,
A002398,U0467,C015,0.86,4.5,2024-02-15
A002399,U0468,C006,1.0,3.5,2023-01-25
A002400,U0468,C014,0.65,3.0,2024-03-15
A002401,U0469,C004,1.0,4.5,2022-12-19
A002402,U0469,C014,0.01,,
A002403,U0469,C009,1.0,4.5,2024-06-06
A002404,U0469,C006,0.92,,2024-06-16
A002405,U0469,C010,0.95,4.5,2024-12-18
A002406,U0469,C011,0.54,,
A002407,U0469,C015,0.85,,2024-12-27
A002408,U0470,C005,0.75,3.5,2023-10-09
A002409,U0471,C015,0.82,3.5,
A002410,U0471,C008,0.0,2.5,
A002411,U0472,C014,0.5,,
A002412,U0472,C007,0.3,4.0,
A002413,U0472,C010,0.16,4.0,
A002414,U0472,C008,0.73,4.5,2024-10-06
A002415,U0473,C005,0.24,4.0,
A002416,U0473,C009,0.22,,
A002417,U0473,C002,0.91,3.5,2024-04-06
A002418,U0474,C012,0.93,4.5,2023-09-06
A002419,U0474,C015,0.95,4.0,2023-09-21
A002420,U0474,C005,0.72,4.0,2023-09-30
A002421,U0474,C004,0.95,4.5,2024-04-08
A002422,U0474,C002,0.09,,
A002423,U0474,C008,0.79,,2024-11-19
A002424,U0475,C012,0.99,4.5,2024-12-29
A002425,U0476,C007,0.97,,2023-08-26
A002426,U0476,C013,1.0,4.5,2024-01-28
A002427,U0476,C011,1.0,,2023-12-12
A002428,U0476,C005,0.84,3.5,2024-02-26
A002429,U0476,C012,0.96,5.0,2024-06-24
A002430,U0476,C008,0.33,,
A002431,U0476,C015,0.88,,2024-08-05
A002432,U0476,C006,0.49,,
A002433,U0476,C003,1.0,4.5,2024-08-25
A002434,U0476,C001,0.99,4.0,2024-09-08
A002435,U0476,C002,0.82,4.5,2024-12-07
A002436,U0476,C010,0.82,4.5,
A002437,U0477,C013,0.84,4.5,
A002438,U0477,C007,1.0,,2024-08-25
A002439,U0477,C015,0.59,3.0,
A002440,U0477,C003,0.27,2.5,
A002441,U0477,C012,0.59,,
A002442,U0477,C001,0.17,5.0,
A002443,U0478,C008,0.85,4.0,2024-10-14
A002444,U0478,C011,0.99,5.0,2024-10-30
A002445,U0478,C015,0.9,4.0,2024-12-17
A002446,U0478,C006,1.0,5.0,2024-11-04
A002447,U0478,C004,0.37,,
A002448,U0478,C003,1.0,4.5,2024-11-24
A002449,U0478,C010,1.0,5.0,2024-12-10
A002450,U0478,C002,0.77,4.5,2024-12-07
A002451,U0478,C009,1.0,,2024-12-30
A002452,U0478,C005,0.16,4.5,
A002453,U0478,C012,0.13,5.0,
A002454,U0478,C007,0.94,4.5,2024-12-28
A002455,U0479,C005,0.17,,
A002456,U0479,C015,0.98,2.5,2024-03-13
A002457,U0479,C013,0.92,3.5,
A002458,U0479,C011,1.0,,2024-12-27
A002459,U0480,C003,1.0,,2024-05-08
A002460,U0480,C007,0.18,3.5,
A002461,U0480,C008,0.82,,2024-10-20
A002462,U0480,C005,0.73,3.5,2024-09-15
A002463,U0480,C012,0.65,5.0,
A002464,U0480,C014,0.44,4.0,
A002465,U0480,C009,0.59,4.0,
A002466,U0481,C004,1.0,4.5,2024-02-02
A002467,U0481,C008,0.73,4.5,2024-10-05
A002468,U0481,C010,1.0,3.5,2024-12-10
A002469,U0482,C001,1.0,4.5,2024-08-30
A002470,U0482,C013,1.0,4.5,2024-12-21
A002471,U0482,C010,0.18,4.5,
A002472,U0482,C003,0.86,4.5,
A002473,U0482,C002,0.75,5.0,2024-12-24
A002474,U0482,C009,1.0,,2024-12-30
A002475,U0483,C013,0.96,4.0,
A002476,U0483,C014,0.28,3.0,
A002477,U0483,C011,0.86,4.0,
A002478,U0483,C002,0.15,4.0,
A002479,U0484,C014,0.29,3.5,
A002480,U0484,C010,0.97,,2024-08-01
A002481,U0484,C004,0.81,3.5,
A002482,U0484,C012,0.32,3.0,
A002483,U0484,C011,1.0,2.5,2024-09-29
A002484,U0485,C009,0.5,3.5,
A002485,U0485,C011,0.86,4.0,
A002486,U0485,C015,0.09,3.0,
A002487,U0485,C001,0.15,3.5,
A002488,U0485,C003,0.31,5.0,
A002489,U0486,C006,0.96,4.5,2023-10-01
A002490,U0486,C003,1.0,5.0,2023-08-29
A002491,U0486,C010,0.99,4.0,2024-03-02
A002492,U0486,C001,1.0,,2024-04-05
A002493,U0486,C011,1.0,4.5,2024-05-28
A002494,U0486,C015,1.0,4.0,2024-12-18
A002495,U0486,C009,0.99,5.0,2024-12-11
A002496,U0487,C011,0.47,3.5,
A002497,U0487,C015,0.98,,2023-07-05
A002498,U0487,C002,0.55,4.5,
A002499,U0487,C014,0.85,4.5,2024-11-30
A002500,U0487,C004,0.87,2.5,2024-11-24
A002501,U0488,C005,0.77,3.5,2024-03-15
A002502,U0488,C001,0.91,,2024-05-19
A002503,U0488,C007,1.0,3.0,2024-06-12
A002504,U0488,C003,0.58,,
A002505,U0488,C015,0.81,,
A002506,U0489,C003,0.58,4.5,
A002507,U0489,C008,0.26,,
A002508,U0490,C013,1.0,3.5,2024-01-07
A002509,U0490,C006,0.22,3.5,
A002510,U0490,C007,0.68,3.5,
A002511,U0490,C009,0.87,,
A002512,U0490,C004,0.63,3.5,
A002513,U0491,C005,0.72,3.5,2023-12-04
A002514,U0491,C001,1.0,4.0,2023-11-14
A002515,U0491,C004,0.28,3.0,
A002516,U0491,C011,1.0,3.5,2024-01-27
A002517,U0491,C003,1.0,,2024-07-22
A002518,U0492,C014,0.7,,2023-10-18
A002519,U0492,C004,0.34,4.5,
A002520,U0492,C008,0.82,2.5,2024-07-13
A002521,U0492,C007,1.0,4.0,2024-07-11
A002522,U0492,C010,0.97,4.0,2024-05-21
A002523,U0492,C009,0.92,3.5,2024-12-31
A002524,U0493,C003,1.0,4.0,2023-07-21
A002525,U0493,C011,0.25,3.5,
A002526,U0493,C010,0.96,4.0,2024-06-19
A002527,U0493,C001,1.0,3.5,2024-03-29
A002528,U0493,C007,0.92,3.5,2024-09-22
A002529,U0494,C014,0.0,,
A002530,U0494,C005,0.38,2.5,
A002531,U0494,C013,0.87,3.0,
A002532,U0494,C010,0.27,3.5,
A002533,U0494,C003,0.9,,2024-04-26
A002534,U0494,C009,0.88,,
A002535,U0494,C001,0.62,4.5,
A002536,U0494,C002,0.91,2.5,2024-10-26
A002537,U0495,C008,0.7,4.0,2023-02-14
A002538,U0495,C013,0.24,4.5,
A002539,U0495,C001,0.94,,2023-06-12
A002540,U0495,C004,0.89,4.5,2023-11-03
A002541,U0495,C003,0.99,5.0,2024-01-13
A002542,U0495,C006,1.0,5.0,2024-01-17
A002543,U0495,C012,0.93,5.0,2023-12-06
A002544,U0495,C010,1.0,,2024-05-12
A002545,U0495,C002,0.82,4.5,2024-05-13
A002546,U0495,C014,0.77,,2024-10-28
A002547,U0495,C015,0.7,5.0,
A002548,U0495,C011,1.0,,2024-12-07
A002549,U0496,C003,0.55,4.0,
A002550,U0496,C014,0.84,,2023-06-21
A002551,U0497,C012,0.41,,
A002552,U0497,C014,0.79,3.0,2024-06-23
A002553,U0497,C002,0.87,,2024-06-21
A002554,U0497,C008,0.27,2.5,
A002555,U0497,C004,0.48,3.5,
A002556,U0497,C006,1.0,,2024-11-03
A002557,U0497,C011,0.54,3.0,
A002558,U0498,C002,0.79,,2022-12-10
A002559,U0498,C004,0.62,4.5,
A002560,U0498,C013,1.0,,2024-09-04
A002561,U0499,C007,0.8,3.0,
A002562,U0499,C005,0.75,,2024-12-26
A002563,U0500,C013,1.0,4.0,2023-09-05
A002564,U0500,C010,0.4,3.0,
A002565,U0500,C012,0.89,3.5,2024-01-04
A002566,U0500,C002,0.8,,2024-02-07
A002567,U0500,C009,1.0,5.0,2024-05-10
A002568,U0500,C011,0.99,4.0,2024-08-11
A002569,U0500,C014,0.74,4.0,2024-12-18
A002570,U0501,C012,0.99,4.0,2022-12-11
A002571,U0501,C004,0.79,3.5,
A002572,U0501,C014,0.85,3.0,2023-05-07
A002573,U0501,C010,0.89,4.0,2024-03-15
A002574,U0501,C001,1.0,,2024-05-03
A002575,U0501,C006,0.97,5.0,2024-09-11
A002576,U0501,C013,0.74,,
A002577,U0502,C014,0.47,4.0,
A002578,U0502,C015,0.95,3.5,2024-10-12
A002579,U0502,C006,0.21,4.5,
A002580,U0503,C009,1.0,4.0,2023-06-03
A002581,U0503,C001,0.94,3.0,2023-06-21
A002582,U0503,C004,0.6,3.5,
A002583,U0503,C007,0.1,3.5,
A002584,U0503,C011,0.18,4.5,
A002585,U0503,C015,0.28,,
A002586,U0503,C002,0.72,,
A002587,U0503,C012,0.23,,
A002588,U0504,C012,0.78,3.5,
A002589,U0504,C005,0.5,2.5,
A002590,U0504,C011,0.63,5.0,
A002591,U0504,C001,0.5,4.0,
A002592,U0504,C010,1.0,,2024-09-06
A002593,U0505,C008,0.04,2.0,
A002594,U0505,C010,0.95,2.5,2024-04-18
A002595,U0505,C001,0.84,,
A002596,U0506,C008,0.68,,2024-10-30
A002597,U0506,C005,0.38,4.0,
A002598,U0506,C012,0.92,5.0,2024-09-20
A002599,U0506,C013,1.0,5.0,2024-12-12
A002600,U0506,C003,1.0,,2024-11-15
A002601,U0506,C011,0.49,5.0,
A002602,U0506,C002,0.91,4.0,2024-12-25
A002603,U0506,C001,1.0,4.0,2024-12-19
A002604,U0506,C004,0.91,5.0,2024-12-29
A002605,U0506,C010,0.88,,2024-12-22
A002606,U0507,C003,1.0,,2023-08-31
A002607,U0507,C008,0.7,4.0,2024-01-27
A002608,U0507,C009,1.0,4.5,2023-09-24
A002609,U0507,C005,0.22,4.5,
A002610,U0507,C015,0.86,5.0,2024-12-31
A002611,U0508,C009,0.69,3.0,
A002612,U0509,C008,0.13,3.0,
A002613,U0509,C009,0.92,4.5,2023-07-21
A002614,U0509,C013,1.0,,2024-05-08
A002615,U0509,C011,0.96,,2024-12-14
A002616,U0510,C008,0.07,,
A002617,U0510,C001,0.67,4.0,
A002618,U0510,C010,0.59,,
A002619,U0510,C009,0.42,4.0,
A002620,U0510,C011,0.5,5.0,
A002621,U0510,C004,0.9,3.0,2024-10-20
A002622,U0511,C007,1.0,3.5,2024-11-11
A002623,U0511,C009,0.94,,2024-10-17
A002624,U0511,C015,0.66,3.5,
A002625,U0511,C013,1.0,,2024-11-24
A002626,U0511,C006,1.0,3.0,2024-12-27
A002627,U0511,C005,0.79,3.5,2024-12-14
A002628,U0512,C013,1.0,4.0,2024-06-23
A002629,U0512,C009,1.0,,2024-10-12
A002630,U0512,C012,1.0,,2024-06-22
A002631,U0512,C010,0.95,3.0,2024-07-10
A002632,U0513,C008,0.75,4.5,2024-11-29
A002633,U0513,C014,0.8,4.5,2024-11-19
A002634,U0513,C010,0.9,4.5,2024-12-15
A002635,U0513,C007,0.98,4.5,2024-12-09
A002636,U0513,C013,1.0,5.0,2024-12-17
A002637,U0513,C001,1.0,,2024-12-15
A002638,U0513,C005,0.49,5.0,
A002639,U0513,C003,0.97,4.0,2024-12-25
A002640,U0513,C006,1.0,4.5,2024-12-29
A002641,U0513,C002,0.56,4.5,
A002642,U0514,C003,0.95,4.0,2024-12-05
A002643,U0514,C012,0.93,4.5,2024-12-12
A002644,U0514,C010,1.0,4.0,2024-11-09
A002645,U0514,C008,0.71,,2024-12-10
A002646,U0515,C005,0.79,4.0,2024-05-02
A002647,U0515,C012,0.91,,2024-02-21
A002648,U0515,C013,1.0,,2024-06-14
A002649,U0515,C010,0.94,,2024-11-17
A002650,U0515,C003,0.9,,2024-11-11
A002651,U0516,C007,0.93,4.0,2023-04-19
A002652,U0516,C012,1.0,5.0,2023-07-17
A002653,U0517,C005,0.78,4.5,2023-12-13
A002654,U0517,C007,0.89,,2024-06-22
A002655,U0517,C006,0.94,,2024-10-24
A002656,U0517,C012,0.69,,
A002657,U0518,C015,0.08,4.5,
A002658,U0519,C012,1.0,4.0,2023-06-05
A002659,U0519,C008,0.27,4.0,
A002660,U0519,C009,0.3,,
A002661,U0519,C015,0.88,3.5,2024-03-22
A002662,U0519,C007,0.99,4.0,2024-09-22
A002663,U0519,C002,0.13,,
A002664,U0519,C010,0.22,,
A002665,U0520,C014,0.19,3.0,
A002666,U0520,C013,0.33,,
A002667,U0520,C011,0.96,,2024-01-16
A002668,U0520,C008,0.23,3.5,
A002669,U0520,C002,0.17,2.0,
A002670,U0521,C008,0.85,3.5,2024-04-02
A002671,U0521,C005,0.77,4.0,2024-06-02
A002672,U0521,C011,1.0,4.0,2024-07-01
A002673,U0521,C007,1.0,,2024-07-03
A002674,U0521,C009,0.9,4.5,2024-06-20
A002675,U0521,C002,0.81,5.0,2024-10-20
A002676,U0521,C006,0.29,5.0,
A002677,U0521,C015,0.84,,2024-12-03
A002678,U0522,C003,0.84,3.0,
A002679,U0522,C006,0.6,,
A002680,U0522,C007,0.59,,
A002681,U0522,C015,0.54,2.5,
A002682,U0522,C013,0.33,,
A002683,U0522,C001,0.46,,
A002684,U0522,C005,0.51,3.5,
A002685,U0522,C012,0.94,3.5,2024-05-18
A002686,U0522,C004,0.23,5.0,
A002687,U0522,C009,0.24,5.0,
A002688,U0523,C006,0.31,4.0,
A002689,U0523,C004,0.65,,
A002690,U0524,C015,0.86,4.0,2023-04-24
A002691,U0524,C014,0.77,4.0,2024-11-08
A002692,U0524,C007,0.87,4.5,
A002693,U0525,C011,1.0,,2023-10-16
A002694,U0525,C009,1.0,4.5,2024-02-27
A002695,U0525,C004,0.61,5.0,
A002696,U0525,C003,0.93,5.0,2023-12-23
A002697,U0525,C012,0.92,4.5,2024-03-16
A002698,U0525,C002,0.94,4.5,2024-07-13
A002699,U0525,C010,0.89,4.5,2024-08-09
A002700,U0525,C015,1.0,4.5,2024-11-20
A002701,U0525,C014,0.75,4.0,2024-12-23
A002702,U0525,C005,0.79,4.5,2024-12-01
A002703,U0525,C013,1.0,4.0,2024-12-16
A002704,U0526,C008,0.75,4.5,2024-03-23
A002705,U0526,C005,0.85,4.0,2024-08-24
A002706,U0526,C002,0.51,3.0,
A002707,U0526,C014,0.77,3.0,2024-12-18
A002708,U0527,C001,0.95,4.0,2024-04-05
A002709,U0527,C003,0.95,,2024-06-18
A002710,U0527,C011,1.0,,2024-11-05
A002711,U0527,C014,0.74,,2024-12-31
A002712,U0527,C002,0.85,3.0,2024-12-11
A002713,U0528,C004,0.19,,
A002714,U0528,C005,0.8,,2024-12-27
A002715,U0529,C002,0.41,4.0,
A002716,U0529,C012,0.9,4.5,2024-09-20
A002717,U0529,C010,0.98,,2024-10-02
A002718,U0529,C015,1.0,,2024-11-27
A002719,U0529,C009,0.99,3.0,2024-12-11
A002720,U0529,C006,1.0,4.0,2024-12-08
A002721,U0530,C015,0.07,3.0,
A002722,U0530,C013,1.0,4.0,2024-06-29
A002723,U0530,C008,0.72,3.5,2024-07-23
A002724,U0530,C004,0.87,,2024-08-17
A002725,U0530,C011,0.96,,2024-10-21
A002726,U0530,C009,0.76,4.5,
A002727,U0530,C014,0.79,3.5,2024-09-13
A002728,U0531,C010,0.95,3.5,2024-07-08
A002729,U0531,C015,1.0,,2024-11-02
A002730,U0531,C002,0.81,3.5,2024-10-25
A002731,U0531,C009,0.93,,2024-12-05
A002732,U0531,C011,0.62,,
A002733,U0531,C004,0.89,3.0,2024-12-29
A002734,U0532,C014,0.79,,2024-04-13
A002735,U0532,C004,0.48,3.0,
A002736,U0532,C001,0.36,3.0,
A002737,U0532,C008,0.37,,
A002738,U0532,C002,0.53,2.5,
A002739,U0532,C003,0.84,3.5,
A002740,U0532,C013,0.68,4.0,
A002741,U0533,C006,0.84,,
A002742,U0533,C003,0.99,4.5,2024-11-05
A002743,U0533,C009,0.76,3.5,
A002744,U0534,C002,0.54,4.5,
A002745,U0535,C013,0.95,3.5,
A002746,U0535,C009,0.27,,
A002747,U0535,C001,1.0,5.0,2024-08-22
A002748,U0535,C012,0.26,3.5,
A002749,U0535,C011,1.0,4.5,2024-11-23
A002750,U0536,C010,0.48,3.0,
A002751,U0536,C007,0.97,3.5,2024-11-14
A002752,U0536,C004,0.99,4.0,2024-12-25
A002753,U0537,C001,0.4,4.0,
A002754,U0537,C011,1.0,3.5,2024-10-03
A002755,U0537,C005,0.34,,
A002756,U0538,C005,0.09,4.0,
A002757,U0538,C012,1.0,4.0,2024-04-16
A002758,U0538,C004,1.0,4.0,2024-08-09
A002759,U0538,C001,0.95,,2024-09-26
A002760,U0539,C004,0.51,4.0,
A002761,U0539,C010,0.18,3.0,
A002762,U0539,C009,0.13,,
A002763,U0539,C003,0.74,4.5,
A002764,U0539,C007,0.48,,
A002765,U0539,C008,0.37,,
A002766,U0539,C006,0.55,5.0,
A002767,U0539,C014,0.31,,
A002768,U0539,C013,1.0,3.5,2024-11-20
A002769,U0539,C011,0.83,3.5,
A002770,U0540,C005,0.84,4.5,2024-11-20
A002771,U0540,C004,0.88,4.0,2024-09-18
A002772,U0540,C015,0.16,4.0,
A002773,U0540,C009,1.0,4.5,2024-10-31
A002774,U0540,C007,0.58,4.0,
A002775,U0540,C008,0.69,,2024-12-30
A002776,U0541,C012,0.93,4.5,2022-09-25
A002777,U0541,C001,0.99,4.5,2022-10-25
A002778,U0541,C014,0.75,,2023-05-15
A002779,U0541,C013,0.25,,
A002780,U0542,C010,0.24,4.0,
A002781,U0542,C006,1.0,3.5,2024-10-10
A002782,U0542,C002,0.89,3.0,2024-10-28
A002783,U0542,C013,0.83,4.5,
A002784,U0542,C007,0.95,3.0,2024-12-21
A002785,U0542,C012,0.53,3.5,
A002786,U0543,C004,0.88,3.0,2023-10-11
A002787,U0543,C015,0.43,3.0,
A002788,U0544,C011,1.0,,2024-04-07
A002789,U0544,C002,0.92,4.0,2024-08-12
A002790,U0544,C014,0.67,4.5,2024-06-22
A002791,U0544,C013,1.0,,2024-05-08
A002792,U0544,C007,0.91,,2024-07-25
A002793,U0544,C006,0.98,,2024-10-13
A002794,U0544,C005,0.74,,2024-07-31
A002795,U0544,C012,0.89,5.0,2024-08-06
A002796,U0544,C001,1.0,,2024-12-14
A002797,U0544,C004,1.0,,2024-12-08
A002798,U0544,C010,1.0,4.5,2024-12-07
A002799,U0544,C009,0.96,,2024-12-14
A002800,U0545,C012,0.62,3.5,
A002801,U0545,C003,1.0,4.5,2023-11-08
A002802,U0545,C008,0.87,,2023-09-19
A002803,U0545,C007,0.58,3.5,
A002804,U0545,C010,0.37,3.0,
A002805,U0545,C006,0.23,4.0,
A002806,U0545,C015,0.18,,
A002807,U0545,C005,0.48,4.0,
A002808,U0546,C014,0.01,,
A002809,U0546,C006,0.92,4.0,2024-09-03
A002810,U0546,C003,0.82,5.0,
A002811,U0547,C004,0.47,3.0,
A002812,U0548,C002,0.2,3.0,
A002813,U0548,C008,0.71,,2024-01-04
A002814,U0548,C014,0.74,4.5,2024-05-05
A002815,U0548,C004,0.94,4.0,2024-05-14
A002816,U0548,C010,0.71,3.5,
A002817,U0548,C005,0.81,4.0,2024-11-22
A002818,U0549,C005,0.7,,2024-06-23
A002819,U0549,C001,0.8,,
A002820,U0549,C014,0.26,4.0,
A002821,U0549,C011,1.0,4.5,2024-09-16
A002822,U0549,C008,0.73,3.5,2024-10-18
A002823,U0549,C010,0.32,,
A002824,U0550,C014,0.23,4.0,
A002825,U0550,C003,0.98,4.5,2024-04-30
A002826,U0551,C008,0.28,3.5,
A002827,U0551,C012,0.66,,
A002828,U0551,C013,0.75,3.5,
A002829,U0551,C003,0.5,4.0,
A002830,U0551,C007,0.33,,
A002831,U0551,C005,0.22,3.0,
A002832,U0551,C004,0.46,4.0,
A002833,U0551,C011,0.28,3.5,
A002834,U0552,C011,0.33,,
A002835,U0552,C009,1.0,4.5,2024-10-22
A002836,U0552,C003,0.45,4.0,
A002837,U0553,C008,0.77,3.5,2024-07-10
A002838,U0553,C003,0.95,4.0,2024-11-11
A002839,U0553,C012,0.94,4.0,2024-10-14
A002840,U0553,C015,0.64,,
A002841,U0554,C002,0.5,,
A002842,U0555,C002,0.76,3.5,2023-02-09
A002843,U0555,C015,0.89,,2024-12-31
A002844,U0556,C008,0.44,4.0,
A002845,U0556,C003,0.93,5.0,2024-07-20
A002846,U0556,C009,0.75,4.5,
A002847,U0556,C005,0.76,,2024-11-13
A002848,U0556,C012,0.94,5.0,2024-10-13
A002849,U0556,C011,0.96,4.5,2024-12-13
A002850,U0556,C002,0.81,,2024-11-16
A002851,U0556,C015,0.88,5.0,2024-12-20
A002852,U0556,C006,0.98,4.5,2024-12-28
A002853,U0557,C009,0.78,4.5,
A002854,U0557,C008,0.17,,
A002855,U0557,C007,0.36,3.5,
A002856,U0557,C011,0.49,3.5,
A002857,U0557,C005,0.55,3.5,
A002858,U0557,C004,0.33,4.0,
A002859,U0557,C015,1.0,3.5,2024-10-04
A002860,U0558,C014,0.06,3.5,
A002861,U0558,C007,0.27,3.5,
A002862,U0558,C002,0.81,,2024-07-13
A002863,U0558,C004,0.64,3.0,
A002864,U0558,C008,0.67,3.5,
A002865,U0558,C006,0.71,3.5,
A002866,U0558,C013,0.61,4.0,
A002867,U0558,C005,0.5,4.0,
A002868,U0559,C002,0.79,3.5,2023-09-26
A002869,U0559,C005,0.16,2.5,
A002870,U0560,C014,0.4,3.5,
A002871,U0560,C010,0.61,3.0,
A002872,U0560,C007,0.43,2.0,
A002873,U0560,C005,0.74,3.5,2024-01-28
A002874,U0560,C013,1.0,4.0,2024-02-01
A002875,U0560,C008,0.36,,
A002876,U0560,C009,0.81,4.5,
A002877,U0560,C001,0.53,3.5,
A002878,U0561,C013,0.96,5.0,
A002879,U0561,C002,0.77,4.5,2023-07-02
A002880,U0561,C014,0.75,4.0,2023-08-01
A002881,U0561,C009,0.38,4.5,
A002882,U0561,C007,1.0,4.0,2024-11-08
A002883,U0561,C003,0.96,5.0,2024-12-09
A002884,U0562,C001,0.91,2.5,2022-12-19
A002885,U0562,C013,1.0,5.0,2023-07-28
A002886,U0563,C012,1.0,4.5,2024-11-29
A002887,U0563,C014,0.08,4.0,
A002888,U0563,C006,1.0,3.5,2024-12-21
A002889,U0563,C011,1.0,4.0,2024-10-08
A002890,U0563,C007,0.99,,2024-10-27
A002891,U0563,C008,0.85,4.0,2024-10-25
A002892,U0564,C007,0.95,4.5,2022-06-19
A002893,U0564,C012,0.57,4.0,
A002894,U0564,C010,1.0,4.0,2024-04-23
A002895,U0564,C005,0.88,4.5,2024-05-24
A002896,U0565,C003,1.0,4.5,2024-04-21
A002897,U0565,C002,0.77,4.5,2024-05-14
A002898,U0565,C014,0.67,4.5,2024-06-10
A002899,U0565,C012,1.0,5.0,2024-09-09
A002900,U0565,C007,0.97,4.0,2024-09-29
A002901,U0565,C008,0.84,,2024-11-10
A002902,U0565,C015,0.85,4.0,2024-10-03
A002903,U0565,C011,1.0,4.5,2024-11-14
A002904,U0565,C013,1.0,,2024-11-16
A002905,U0565,C009,1.0,5.0,2024-12-26
A002906,U0566,C013,1.0,,2022-12-09
A002907,U0566,C012,1.0,4.0,2023-04-21
A002908,U0566,C015,0.83,3.5,2023-09-25
A002909,U0566,C001,0.66,4.0,
A002910,U0566,C007,0.97,3.5,2024-06-22
A002911,U0566,C014,0.0,,
A002912,U0567,C010,0.88,3.5,2024-09-05
A002913,U0567,C008,0.83,,2024-12-08
A002914,U0567,C001,1.0,,2024-11-01
A002915,U0567,C007,1.0,4.0,2024-12-25
A002916,U0568,C014,0.66,3.5,2023-11-22
A002917,U0568,C001,1.0,,2024-08-23
A002918,U0568,C007,0.98,,2024-11-06
A002919,U0568,C011,1.0,,2024-12-29
A002920,U0569,C004,0.88,,2024-12-31
A002921,U0570,C013,1.0,3.5,2024-11-17
A002922,U0570,C008,0.2,3.5,
A002923,U0570,C001,0.36,4.5,
A002924,U0571,C015,0.43,4.5,
A002925,U0571,C006,0.29,,
A002926,U0571,C012,0.22,3.5,
A002927,U0571,C013,0.48,4.0,
A002928,U0571,C011,0.54,4.0,
A002929,U0571,C010,1.0,,2024-12-02
A002930,U0572,C008,0.37,3.5,
A002931,U0572,C007,0.47,1.5,
A002932,U0572,C003,0.2,4.5,
A002933,U0572,C014,0.0,4.0,
A002934,U0572,C004,0.54,3.5,
A002935,U0573,C008,0.58,4.0,
A002936,U0573,C013,0.42,,
A002937,U0573,C007,0.18,4.0,
A002938,U0574,C003,1.0,4.0,2024-12-15
A002939,U0574,C012,1.0,5.0,2024-12-14
A002940,U0574,C009,0.5,4.0,
A002941,U0575,C015,0.08,4.5,
A002942,U0575,C010,0.9,4.5,2023-07-29
A002943,U0575,C005,0.9,,2024-05-22
A002944,U0576,C010,0.49,3.5,
A002945,U0576,C011,1.0,4.0,2024-12-20
A002946,U0577,C001,0.23,4.5,
A002947,U0577,C003,0.86,4.0,
A002948,U0577,C010,0.88,3.5,2022-10-11
A002949,U0577,C008,0.71,4.0,2023-03-13
A002950,U0577,C009,1.0,4.5,2024-01-04
A002951,U0577,C002,0.33,3.5,
A002952,U0577,C007,0.13,,
A002953,U0578,C005,0.23,,
A002954,U0578,C010,0.1,,
A002955,U0578,C015,0.94,4.5,2024-11-13
A002956,U0578,C008,0.04,4.0,
A002957,U0579,C014,0.83,3.5,2023-12-30
A002958,U0580,C005,0.77,5.0,2023-08-24
A002959,U0580,C001,0.17,,
A002960,U0580,C010,0.09,4.5,
A002961,U0580,C012,0.9,4.5,2024-05-16
A002962,U0580,C014,0.67,4.5,2024-11-09
A002963,U0581,C015,0.63,4.5,
A002964,U0581,C001,0.82,,
A002965,U0581,C006,0.96,,2024-07-03
A002966,U0581,C009,0.27,3.0,
A002967,U0582,C014,0.52,,
A002968,U0582,C004,0.91,,2024-09-14
A002969,U0582,C002,0.59,4.0,
A002970,U0582,C012,1.0,3.5,2024-12-29
A002971,U0582,C003,0.2,4.0,
A002972,U0582,C007,0.95,,2024-12-09
A002973,U0583,C014,0.71,4.0,2024-11-14
A002974,U0583,C010,1.0,4.5,2024-11-15
A002975,U0583,C001,1.0,4.5,2024-11-27
A002976,U0583,C003,0.94,4.0,2024-12-27
A002977,U0583,C002,0.75,,2024-12-10
A002978,U0583,C006,1.0,5.0,2024-12-05
A002979,U0583,C013,1.0,,2024-11-28
A002980,U0583,C011,1.0,4.5,2024-12-09
A002981,U0583,C012,1.0,5.0,2024-12-23
A002982,U0583,C008,0.84,,2024-12-10
A002983,U0584,C001,0.3,,
A002984,U0584,C011,1.0,4.0,2024-11-18
A002985,U0584,C014,0.66,,2024-12-01
A002986,U0584,C010,0.87,4.0,2024-10-31
A002987,U0585,C009,1.0,,2023-05-11
A002988,U0585,C004,0.29,3.5,
A002989,U0585,C006,0.7,,
A002990,U0585,C008,0.39,,
A002991,U0585,C002,0.39,3.5,
A002992,U0585,C005,0.69,3.0,
A002993,U0585,C015,0.27,,
A002994,U0585,C003,0.63,4.0,
A002995,U0585,C013,0.52,,
A002996,U0585,C010,0.26,,
A002997,U0586,C005,0.1,3.5,
A002998,U0586,C011,0.68,4.0,
A002999,U0586,C004,0.94,4.5,2024-12-20
A003000,U0587,C006,1.0,4.5,2023-07-16
A003001,U0587,C002,0.91,4.0,2023-11-25
A003002,U0587,C011,0.18,,
A003003,U0587,C015,0.39,,
A003004,U0587,C007,0.9,,2024-12-30
A003005,U0588,C006,0.53,4.0,
A003006,U0588,C011,0.98,,2023-03-23
A003007,U0588,C014,0.45,,
A003008,U0588,C007,0.49,,
A003009,U0589,C007,1.0,3.5,2024-07-15
A003010,U0589,C015,0.81,4.0,
A003011,U0589,C009,1.0,3.5,2024-04-02
A003012,U0589,C001,0.66,,
A003013,U0589,C003,0.89,4.0,2024-05-04
A003014,U0590,C003,0.66,,
A003015,U0590,C002,0.46,4.5,
A003016,U0591,C013,0.38,3.5,
A003017,U0591,C010,0.88,3.5,2024-09-07
A003018,U0592,C006,1.0,5.0,2024-03-12
A003019,U0592,C013,0.32,5.0,
A003020,U0592,C015,0.86,4.5,2024-10-13
A003021,U0592,C009,0.93,,2024-08-01
A003022,U0592,C007,0.92,4.0,2024-12-14
A003023,U0592,C002,0.89,,2024-12-28
A003024,U0593,C011,0.87,,
A003025,U0594,C007,0.96,4.5,2024-11-08
A003026,U0594,C004,1.0,5.0,2024-12-30
A003027,U0594,C006,1.0,,2024-12-26
A003028,U0594,C015,0.34,4.5,
A003029,U0594,C010,0.9,4.0,2024-12-31
A003030,U0594,C001,0.92,4.5,2024-12-25
A003031,U0594,C013,1.0,5.0,2024-12-24
A003032,U0594,C014,0.76,,2024-12-22
A003033,U0594,C008,0.79,,2024-12-23
A003034,U0595,C005,0.76,4.0,2023-03-11
A003035,U0595,C010,1.0,5.0,2023-06-10
A003036,U0595,C002,0.64,4.5,
A003037,U0595,C008,0.77,4.5,2023-08-27
A003038,U0595,C014,0.81,3.5,2023-09-12
A003039,U0595,C009,1.0,4.5,2024-02-09
A003040,U0595,C012,0.96,4.0,2023-10-07
A003041,U0595,C006,1.0,5.0,2024-05-03
A003042,U0595,C015,0.84,4.5,2024-04-24
A003043,U0595,C001,0.9,,2024-09-08
A003044,U0595,C004,0.86,,2024-11-11
A003045,U0595,C011,1.0,4.0,2024-12-31
A003046,U0596,C007,0.19,3.5,
A003047,U0596,C010,0.19,4.0,
A003048,U0596,C005,0.47,,
A003049,U0596,C003,0.6,3.0,
A003050,U0596,C013,0.63,4.0,
A003051,U0596,C012,1.0,4.5,2024-09-29
A003052,U0596,C015,0.19,3.0,
A003053,U0596,C002,0.08,4.0,
A003054,U0596,C006,0.26,3.5,
A003055,U0596,C014,0.44,3.5,
A003056,U0597,C009,0.28,2.5,
A003057,U0597,C012,0.38,3.5,
A003058,U0597,C014,0.62,4.0,
A003059,U0597,C013,0.88,2.0,
A003060,U0597,C008,0.71,3.5,2024-05-30
A003061,U0597,C010,0.14,5.0,
A003062,U0597,C001,1.0,3.5,2024-11-26
A003063,U0598,C011,0.62,,
A003064,U0598,C005,0.78,4.0,2023-07-01
A003065,U0598,C015,0.94,5.0,2023-08-08
A003066,U0598,C008,0.82,4.5,2023-11-06
A003067,U0598,C013,1.0,4.5,2024-03-26
A003068,U0598,C002,0.06,4.5,
A003069,U0598,C010,0.9,5.0,2023-12-12
A003070,U0598,C012,0.94,,2024-09-28
A003071,U0598,C006,1.0,5.0,2024-10-22
A003072,U0598,C007,1.0,5.0,2024-11-25
A003073,U0599,C005,0.09,3.5,
A003074,U0599,C003,0.96,3.0,2024-11-29
A003075,U0599,C014,0.72,,2024-12-17
A003076,U0600,C009,1.0,5.0,2023-11-27
A003077,U0600,C002,0.89,,2023-12-31
A003078,U0600,C008,0.72,4.5,2024-08-23
A003079,U0600,C004,0.89,4.5,2024-11-15
A003080,U0600,C013,1.0,5.0,2024-12-04
A003081,U0601,C005,0.79,4.5,2024-11-19
A003082,U0601,C009,1.0,,2024-12-15
A003083,U0601,C010,1.0,4.0,2024-11-23
A003084,U0601,C001,0.22,,
A003085,U0601,C014,0.76,4.0,2024-12-20
A003086,U0601,C008,0.78,,2024-11-27
A003087,U0601,C002,0.43,,
A003088,U0602,C013,1.0,4.5,2023-05-06
A003089,U0602,C008,0.74,4.0,2023-11-14
A003090,U0602,C012,0.29,4.5,
A003091,U0602,C010,0.97,3.5,2024-12-29
A003092,U0603,C006,0.98,,2024-06-23
A003093,U0603,C001,1.0,4.0,2024-07-27
A003094,U0603,C014,0.36,,
A003095,U0603,C003,0.94,4.5,2024-09-24
A003096,U0603,C012,0.93,4.5,2024-11-13
A003097,U0604,C009,1.0,,2023-01-24
A003098,U0604,C002,0.88,3.5,2023-05-21
A003099,U0604,C003,1.0,,2024-04-25
A003100,U0605,C002,0.92,,2023-02-13
A003101,U0605,C013,0.89,3.0,
A003102,U0605,C012,0.24,3.5,
A003103,U0605,C003,0.76,,
A003104,U0605,C007,0.68,3.5,
A003105,U0605,C006,0.57,5.0,
A003106,U0606,C012,0.83,4.5,
A003107,U0606,C005,0.1,4.0,
A003108,U0607,C015,0.85,,2024-05-21
A003109,U0607,C003,1.0,2.5,2024-11-06
A003110,U0608,C007,0.92,4.0,2024-12-29
A003111,U0608,C013,1.0,,2024-12-05
A003112,U0608,C012,0.94,,2024-12-11
A003113,U0608,C015,0.39,2.5,
A003114,U0608,C002,0.88,3.0,2024-12-07
A003115,U0608,C001,1.0,,2024-12-24
A003116,U0609,C012,0.94,5.0,2023-02-16
A003117,U0609,C004,0.48,4.5,
A003118,U0609,C015,1.0,4.5,2023-11-25
A003119,U0609,C011,1.0,,2023-11-02
A003120,U0609,C009,0.16,4.5,
A003121,U0609,C010,1.0,,2024-02-09
A003122,U0609,C013,1.0,,2024-05-22
A003123,U0609,C002,0.82,5.0,2024-06-17
A003124,U0609,C003,0.89,5.0,2024-09-24
A003125,U0609,C005,0.79,4.5,2024-11-04
A003126,U0609,C006,0.96,,2024-11-28
A003127,U0609,C008,0.87,4.0,2024-11-28
A003128,U0610,C007,0.98,3.5,2023-07-23
A003129,U0610,C003,1.0,5.0,2023-11-09
A003130,U0610,C014,0.67,4.0,2024-02-06
A003131,U0610,C006,0.95,,2024-11-15
A003132,U0610,C015,1.0,3.5,2024-08-01
A003133,U0610,C002,0.64,,
A003134,U0611,C009,0.98,,2024-04-03
A003135,U0611,C013,1.0,4.5,2024-12-26
A003136,U0611,C012,0.89,,2024-11-11
A003137,U0611,C007,1.0,,2024-12-08
A003138,U0611,C015,0.92,4.5,2024-12-11
A003139,U0612,C006,0.47,5.0,
A003140,U0612,C002,0.87,4.0,2024-08-07
A003141,U0612,C010,0.97,5.0,2024-09-01
A003142,U0612,C014,0.78,,2024-06-08
A003143,U0612,C011,0.99,5.0,2024-08-05
A003144,U0612,C004,0.97,4.5,2024-07-08
A003145,U0612,C001,0.94,5.0,2024-11-03
A003146,U0612,C013,1.0,,2024-12-30
A003147,U0613,C005,0.74,,2024-12-13
A003148,U0613,C006,0.93,,2024-12-17
A003149,U0613,C002,0.95,,2024-12-26
A003150,U0614,C003,0.34,5.0,
A003151,U0614,C014,0.14,,
A003152,U0614,C015,0.16,3.0,
A003153,U0615,C009,1.0,3.5,2024-10-30
A003154,U0615,C005,0.3,5.0,
A003155,U0616,C008,0.81,4.0,2022-09-02
A003156,U0616,C002,0.63,5.0,
A003157,U0616,C010,0.4,4.0,
A003158,U0616,C006,1.0,,2024-05-24
A003159,U0616,C009,0.43,,
A003160,U0616,C005,0.44,3.5,
A003161,U0617,C015,1.0,4.0,2022-12-02
A003162,U0617,C001,0.97,5.0,2022-10-07
A003163,U0617,C008,0.72,,2023-09-13
A003164,U0617,C012,1.0,,2023-09-30
A003165,U0617,C005,0.84,3.5,2024-03-13
A003166,U0617,C010,0.97,,2024-04-29
A003167,U0617,C013,1.0,4.5,2024-12-26
A003168,U0617,C009,1.0,5.0,2024-09-29
A003169,U0617,C006,1.0,4.5,2024-12-24
A003170,U0618,C012,0.76,,
A003171,U0618,C001,0.44,,
A003172,U0618,C006,1.0,3.5,2024-12-17
A003173,U0619,C009,0.35,4.0,
A003174,U0620,C005,0.8,3.0,2023-11-30
A003175,U0621,C005,0.84,3.0,2023-10-20
A003176,U0621,C008,0.82,4.0,2023-11-04
A003177,U0621,C011,0.26,3.0,
A003178,U0621,C003,1.0,,2024-05-22
A003179,U0621,C012,0.91,4.0,2024-09-30
A003180,U0622,C002,0.94,,2024-03-18
A003181,U0622,C014,0.84,4.0,2024-05-19
A003182,U0623,C001,0.78,,
A003183,U0623,C014,0.67,4.0,2022-11-05
A003184,U0623,C004,0.93,,2023-02-19
A003185,U0623,C015,0.97,5.0,2023-03-14
A003186,U0623,C008,0.86,4.0,2023-10-10
A003187,U0623,C011,1.0,,2024-01-25
A003188,U0623,C003,0.88,4.0,2024-05-16
A003189,U0623,C007,1.0,4.5,2024-06-19
A003190,U0623,C002,0.89,4.0,2024-05-22
A003191,U0623,C012,0.91,,2024-07-21
A003192,U0623,C009,0.94,4.5,2024-12-24
A003193,U0623,C006,1.0,,2024-12-10
A003194,U0624,C013,1.0,5.0,2023-09-26
A003195,U0624,C011,1.0,4.5,2024-01-26
A003196,U0624,C007,0.94,4.0,2024-09-30
A003197,U0624,C001,0.38,,
A003198,U0624,C008,0.75,3.5,2024-10-21
A003199,U0625,C005,0.58,3.0,
A003200,U0625,C011,0.58,5.0,
A003201,U0625,C006,0.91,,
A003202,U0625,C002,0.61,3.5,
A003203,U0625,C007,0.85,2.5,
A003204,U0625,C001,0.39,4.0,
A003205,U0625,C004,0.82,,
A003206,U0625,C012,0.49,4.5,
A003207,U0625,C009,0.41,,
A003208,U0626,C002,0.91,4.0,2024-07-23
A003209,U0626,C010,0.98,,2024-10-28
A003210,U0626,C012,1.0,5.0,2024-09-24
A003211,U0626,C009,1.0,5.0,2024-10-10
A003212,U0626,C011,1.0,4.5,2024-12-07
A003213,U0626,C003,0.23,4.5,
A003214,U0626,C005,0.88,,2024-12-08
A003215,U0626,C014,0.82,,2024-12-21
A003216,U0626,C004,0.46,4.5,
A003217,U0627,C008,0.7,,2024-12-30
A003218,U0628,C008,0.0,4.0,
A003219,U0628,C004,0.52,3.0,
A003220,U0628,C007,0.29,,
A003221,U0628,C011,0.55,3.0,
A003222,U0628,C001,0.63,4.5,
A003223,U0628,C012,0.59,4.0,
A003224,U0628,C015,0.66,3.0,
A003225,U0628,C014,0.56,,
A003226,U0629,C003,0.75,4.0,
A003227,U0629,C002,0.25,3.0,
A003228,U0629,C015,0.31,4.0,
A003229,U0629,C005,0.47,3.5,
A003230,U0629,C004,0.83,3.5,
A003231,U0629,C008,0.02,,
A003232,U0629,C006,0.55,,
A003233,U0629,C011,0.76,,
A003234,U0629,C009,0.13,4.5,
A003235,U0630,C005,0.55,,
A003236,U0630,C007,0.62,3.0,
A003237,U0630,C001,0.43,3.5,
A003238,U0630,C015,0.44,3.5,
A003239,U0630,C010,0.23,4.5,
A003240,U0630,C012,0.85,4.0,
A003241,U0630,C008,0.75,,2024-11-16
A003242,U0630,C011,0.99,3.5,2024-10-24
A003243,U0630,C006,0.79,,
A003244,U0630,C003,0.52,,
A003245,U0631,C011,0.54,4.0,
A003246,U0632,C005,0.8,,2024-02-15
A003247,U0632,C004,0.6,4.5,
A003248,U0633,C001,1.0,4.0,2024-06-07
A003249,U0633,C005,0.22,2.0,
A003250,U0634,C010,0.9,4.0,2024-03-28
A003251,U0634,C012,1.0,4.5,2024-09-29
A003252,U0634,C014,0.32,,
A003253,U0634,C011,1.0,4.5,2024-10-19
A003254,U0634,C008,0.84,4.5,2024-12-27
A003255,U0635,C007,0.76,,
A003256,U0635,C008,0.25,3.0,
A003257,U0635,C014,0.36,4.0,
A003258,U0635,C009,0.97,3.0,2024-05-09
A003259,U0636,C001,0.91,5.0,2023-08-03
A003260,U0636,C003,0.96,5.0,2023-11-10
A003261,U0636,C002,0.87,,2023-08-29
A003262,U0636,C005,0.76,4.5,2024-06-17
A003263,U0636,C015,0.95,,2024-11-23
A003264,U0636,C004,1.0,4.5,2024-12-29
A003265,U0637,C002,0.04,3.5,
A003266,U0637,C014,0.1,3.5,
A003267,U0637,C003,1.0,3.5,2024-10-27
A003268,U0637,C005,0.0,2.5,
A003269,U0638,C005,0.03,4.5,
A003270,U0639,C001,0.27,4.5,
A003271,U0639,C015,0.25,5.0,
A003272,U0639,C006,1.0,,2024-08-24
A003273,U0640,C011,1.0,,2024-08-20
A003274,U0640,C010,0.9,,2024-11-18
A003275,U0640,C008,0.7,,2024-11-11
A003276,U0640,C002,0.84,,2024-10-27
A003277,U0640,C015,0.87,4.5,2024-11-28
A003278,U0640,C013,1.0,5.0,2024-12-10
A003279,U0640,C014,0.74,4.5,2024-09-23
A003280,U0640,C004,0.41,5.0,
A003281,U0640,C001,1.0,4.0,2024-12-14
A003282,U0641,C003,0.51,5.0,
A003283,U0641,C009,1.0,,2024-10-31
A003284,U0641,C001,1.0,3.5,2024-11-05
A003285,U0641,C008,0.17,3.5,
A003286,U0642,C013,1.0,4.5,2024-06-16
A003287,U0642,C005,0.28,4.5,
A003288,U0642,C007,1.0,4.0,2024-09-06
A003289,U0642,C010,1.0,4.0,2024-10-28
A003290,U0642,C011,1.0,,2024-12-14
A003291,U0643,C006,0.67,,
A003292,U0643,C013,0.68,3.5,
A003293,U0643,C007,0.91,3.5,2023-09-11
A003294,U0643,C002,0.27,3.0,
A003295,U0643,C012,1.0,,2024-02-28
A003296,U0643,C009,0.52,2.5,
A003297,U0643,C014,0.35,2.5,
A003298,U0643,C005,0.17,3.0,
A003299,U0643,C011,0.37,3.0,
A003300,U0644,C005,0.67,3.0,
A003301,U0644,C007,0.29,1.5,
A003302,U0644,C014,0.09,2.5,
A003303,U0644,C002,0.29,,
A003304,U0644,C011,0.99,4.0,2024-06-26
A003305,U0644,C003,0.53,3.5,
A003306,U0645,C011,0.8,4.0,
A003307,U0645,C004,1.0,4.5,2022-10-27
A003308,U0645,C001,0.71,,
A003309,U0645,C002,0.28,,
A003310,U0645,C008,0.74,4.0,2023-09-05
A003311,U0645,C015,0.86,,2024-12-25
A003312,U0646,C015,0.85,3.5,2024-09-20
A003313,U0646,C009,0.95,4.5,2024-11-17
A003314,U0647,C005,0.77,3.0,2024-05-05
A003315,U0647,C007,0.46,,
A003316,U0647,C010,0.9,,2024-08-28
A003317,U0647,C008,0.0,3.5,
A003318,U0648,C009,1.0,5.0,2022-07-21
A003319,U0648,C006,1.0,4.5,2022-09-01
A003320,U0648,C010,0.61,,
A003321,U0648,C001,0.93,5.0,2024-08-08
A003322,U0648,C005,0.53,5.0,
A003323,U0648,C003,0.91,4.5,2024-12-31
A003324,U0649,C014,0.0,3.0,
A003325,U0649,C010,0.68,2.5,
A003326,U0650,C012,0.9,4.5,2023-10-29
A003327,U0650,C006,1.0,,2024-03-14
A003328,U0650,C003,0.28,4.0,
A003329,U0651,C009,0.91,3.5,2023-07-04
A003330,U0651,C008,0.12,3.5,
A003331,U0651,C011,0.71,,
A003332,U0652,C009,0.98,4.5,2023-11-20
A003333,U0652,C008,0.7,,2023-11-29
A003334,U0652,C004,0.88,4.5,2023-11-11
A003335,U0652,C007,1.0,,2024-01-22
A003336,U0652,C010,0.3,4.0,
A003337,U0652,C014,0.54,5.0,
A003338,U0652,C015,0.41,4.0,
A003339,U0652,C002,0.78,,2024-09-09
A003340,U0652,C001,0.31,,
A003341,U0652,C005,0.78,4.5,2024-12-29
A003342,U0653,C007,0.55,4.0,
A003343,U0653,C013,1.0,4.5,2023-08-09
A003344,U0653,C011,1.0,3.5,2024-02-03
A003345,U0653,C012,0.94,4.0,2023-12-24
A003346,U0653,C009,0.8,5.0,
A003347,U0653,C010,0.55,,
A003348,U0653,C005,0.0,,
A003349,U0654,C012,0.22,4.5,
A003350,U0654,C007,0.81,4.5,
A003351,U0654,C008,0.16,,
A003352,U0654,C002,0.08,4.0,
A003353,U0654,C015,0.08,3.0,
A003354,U0654,C009,0.53,3.5,
A003355,U0654,C005,0.0,3.0,
A003356,U0655,C006,0.56,,
A003357,U0655,C002,0.86,,2024-03-02
A003358,U0655,C008,0.36,4.5,
A003359,U0655,C005,0.41,3.0,
A003360,U0656,C015,0.8,3.5,
A003361,U0656,C004,0.97,4.5,2023-07-29
A003362,U0656,C005,0.35,5.0,
A003363,U0656,C007,0.51,,
A003364,U0657,C007,0.41,3.5,
A003365,U0657,C011,0.44,3.5,
A003366,U0657,C003,0.2,3.5,
A003367,U0658,C008,0.43,3.5,
A003368,U0658,C011,0.81,5.0,
A003369,U0658,C003,0.33,4.0,
A003370,U0658,C002,0.46,3.0,
A003371,U0658,C014,0.04,3.0,
A003372,U0659,C013,1.0,,2024-03-18
A003373,U0659,C010,0.88,4.0,2024-11-14
A003374,U0659,C001,1.0,4.0,2024-10-23
A003375,U0659,C003,0.45,4.5,
A003376,U0659,C004,0.66,4.0,
A003377,U0659,C014,0.7,3.5,2024-12-14
A003378,U0660,C015,0.88,,2023-02-20
A003379,U0660,C001,0.91,4.5,2023-05-04
A003380,U0660,C014,0.73,,2023-06-05
A003381,U0660,C003,0.92,,2023-05-29
A003382,U0660,C005,0.74,3.5,2024-04-03
A003383,U0660,C008,0.23,4.5,
A003384,U0660,C012,0.95,4.5,2024-09-27
A003385,U0661,C011,1.0,4.0,2024-12-31
A003386,U0662,C001,0.97,,2023-11-01
A003387,U0662,C005,0.86,4.0,2024-10-09
A003388,U0662,C013,1.0,,2024-12-10
A003389,U0663,C002,0.28,4.0,
A003390,U0663,C008,0.37,,
A003391,U0663,C003,0.79,,
A003392,U0663,C012,0.62,,
A003393,U0663,C013,0.54,,
A003394,U0664,C015,0.91,5.0,2024-09-28
A003395,U0664,C006,1.0,4.5,2024-06-26
A003396,U0664,C014,0.69,4.0,2024-09-09
A003397,U0664,C001,0.58,5.0,
A003398,U0664,C003,0.98,,2024-11-08
A003399,U0664,C004,1.0,5.0,2024-09-21
A003400,U0665,C010,0.29,,
A003401,U0665,C006,1.0,4.0,2024-07-23
A003402,U0666,C008,0.84,,2023-01-13
A003403,U0666,C012,0.25,,
A003404,U0666,C011,1.0,4.5,2023-08-30
A003405,U0666,C014,0.77,4.5,2024-03-07
A003406,U0666,C004,0.99,4.5,2024-12-11
A003407,U0666,C010,0.89,4.0,2024-12-31
A003408,U0666,C001,0.99,5.0,2024-12-16
A003409,U0667,C014,0.5,3.0,
A003410,U0667,C013,0.59,3.0,
A003411,U0667,C011,0.7,2.5,
A003412,U0667,C008,0.88,,2024-11-21
A003413,U0667,C010,0.6,5.0,
A003414,U0667,C009,0.43,3.0,
A003415,U0667,C012,0.59,3.0,
A003416,U0667,C015,0.23,,
A003417,U0668,C004,0.93,4.5,2023-12-06
A003418,U0668,C003,0.89,,2023-10-23
A003419,U0668,C005,0.87,,2024-03-16
A003420,U0668,C014,0.12,4.0,
A003421,U0668,C013,0.7,5.0,
A003422,U0668,C001,0.97,5.0,2024-12-11
A003423,U0668,C008,0.7,,2024-12-19
A003424,U0668,C009,0.97,5.0,2024-12-30
A003425,U0669,C012,0.23,5.0,
A003426,U0669,C007,0.29,4.0,
A003427,U0669,C006,0.16,,
A003428,U0669,C005,0.17,3.0,
A003429,U0669,C001,0.67,4.0,
A003430,U0670,C007,0.47,3.0,
A003431,U0670,C010,0.57,4.5,
A003432,U0670,C002,0.9,2.5,2024-05-18
A003433,U0670,C013,0.57,4.0,
A003434,U0670,C012,0.6,4.0,
A003435,U0670,C015,0.43,,
A003436,U0670,C006,0.41,4.0,
A003437,U0670,C014,0.66,,2024-12-28
A003438,U0670,C011,1.0,3.0,2024-11-27
A003439,U0671,C015,0.92,4.5,2023-11-24
A003440,U0671,C007,0.96,4.5,2024-03-27
A003441,U0671,C008,0.76,,2024-08-11
A003442,U0671,C003,0.9,,2024-11-30
A003443,U0671,C012,0.99,4.0,2024-12-08
A003444,U0671,C001,1.0,,2024-12-30
A003445,U0672,C011,0.54,,
A003446,U0672,C009,0.76,4.0,
A003447,U0672,C001,0.28,4.5,
A003448,U0672,C006,0.3,,
A003449,U0672,C015,0.53,3.0,
A003450,U0672,C013,0.35,,
A003451,U0672,C003,0.59,4.0,
A003452,U0672,C002,0.48,,
A003453,U0672,C004,0.78,3.5,
A003454,U0672,C012,1.0,3.5,2024-12-26
A003455,U0673,C005,0.71,4.5,2024-04-06
A003456,U0673,C001,1.0,5.0,2024-03-25
A003457,U0673,C004,0.51,5.0,
A003458,U0674,C013,1.0,,2024-02-21
A003459,U0674,C002,0.94,5.0,2024-04-28
A003460,U0674,C005,0.82,4.5,2024-02-25
A003461,U0674,C011,1.0,,2024-07-07
A003462,U0674,C014,0.75,,2024-06-02
A003463,U0674,C012,1.0,,2024-10-08
A003464,U0674,C009,1.0,5.0,2024-09-13
A003465,U0674,C015,1.0,4.5,2024-12-26
A003466,U0674,C003,0.42,4.5,
A003467,U0674,C010,1.0,4.5,2024-11-09
A003468,U0675,C002,0.71,4.0,
A003469,U0675,C001,0.96,,2023-03-26
A003470,U0675,C013,1.0,5.0,2024-04-08
A003471,U0675,C003,0.95,,2024-04-25
A003472,U0675,C007,1.0,4.5,2024-07-05
A003473,U0675,C011,1.0,4.0,2024-04-27
A003474,U0675,C005,0.73,4.5,2024-08-19
A003475,U0675,C010,1.0,,2024-06-25
A003476,U0675,C004,0.89,5.0,2024-11-22
A003477,U0675,C012,0.23,,
A003478,U0676,C001,0.71,4.0,
A003479,U0677,C007,0.29,3.5,
A003480,U0677,C009,0.88,4.0,
A003481,U0677,C015,0.95,2.5,2023-10-31
A003482,U0677,C004,0.88,4.5,2024-06-16
A003483,U0678,C003,0.66,,
A003484,U0678,C009,0.92,,2024-04-21
A003485,U0678,C002,0.11,,
A003486,U0678,C004,0.91,3.5,2024-09-26
A003487,U0679,C005,0.24,3.5,
A003488,U0679,C008,0.19,4.5,
A003489,U0680,C003,0.5,2.5,
A003490,U0680,C015,0.9,,2023-06-16
A003491,U0681,C008,0.21,2.5,
A003492,U0681,C007,0.91,4.0,2023-10-17
A003493,U0681,C013,0.81,4.0,
A003494,U0681,C002,0.24,4.0,
A003495,U0681,C010,0.79,3.5,
A003496,U0681,C014,0.01,3.0,
A003497,U0681,C009,0.73,3.5,
A003498,U0681,C006,0.74,4.0,
A003499,U0681,C003,0.37,3.5,
A003500,U0681,C015,0.93,,2024-11-10
A003501,U0682,C003,0.98,,2023-01-22
A003502,U0682,C001,0.83,,
A003503,U0682,C011,1.0,4.5,2024-12-08
A003504,U0683,C003,0.99,4.0,2023-06-17
A003505,U0683,C004,0.85,,2023-07-01
A003506,U0683,C012,0.95,,2023-10-16
A003507,U0683,C013,1.0,4.5,2023-12-01
A003508,U0683,C015,0.85,4.5,2023-11-10
A003509,U0683,C007,1.0,,2024-02-21
A003510,U0683,C011,1.0,4.0,2024-12-24
A003511,U0683,C002,0.89,,2024-11-07
A003512,U0683,C010,0.29,4.0,
A003513,U0683,C014,0.5,,
A003514,U0683,C006,0.28,4.5,
A003515,U0684,C004,0.87,3.0,2024-12-05
A003516,U0684,C010,0.88,3.0,2024-11-17
A003517,U0685,C011,0.35,3.5,
A003518,U0686,C007,0.28,3.5,
A003519,U0686,C002,0.79,4.0,2023-02-10
A003520,U0686,C013,0.26,4.5,
A003521,U0686,C005,0.2,4.0,
A003522,U0687,C004,0.42,3.0,
A003523,U0687,C006,0.73,5.0,
A003524,U0687,C001,0.85,,
A003525,U0687,C002,0.0,,
A003526,U0687,C008,0.4,3.5,
A003527,U0687,C011,0.96,3.0,2024-08-25
A003528,U0687,C005,0.44,3.5,
A003529,U0688,C014,0.0,3.5,
A003530,U0688,C011,0.62,4.5,
A003531,U0688,C004,0.82,4.0,
A003532,U0688,C008,0.7,,2023-10-02
A003533,U0688,C006,0.49,,
A003534,U0688,C002,0.09,3.0,
A003535,U0688,C013,0.29,4.0,
A003536,U0688,C009,0.31,,
A003537,U0688,C012,0.73,3.5,
A003538,U0689,C002,0.12,4.5,
A003539,U0689,C011,0.42,4.0,
A003540,U0689,C013,0.93,,
A003541,U0689,C007,0.89,4.5,2024-08-16
A003542,U0689,C012,0.24,4.5,
A003543,U0689,C004,0.47,4.0,
A003544,U0689,C001,0.22,3.5,
A003545,U0690,C012,0.73,,
A003546,U0690,C004,0.83,3.0,
A003547,U0690,C011,0.82,3.0,
A003548,U0690,C006,0.45,4.0,
A003549,U0691,C012,0.97,,2024-11-24
A003550,U0691,C009,0.92,,2024-10-22
A003551,U0691,C004,0.13,,
A003552,U0691,C001,1.0,,2024-11-17
A003553,U0691,C006,0.32,5.0,
A003554,U0692,C012,0.61,2.5,
A003555,U0692,C014,0.54,3.5,
A003556,U0692,C001,0.39,4.5,
A003557,U0692,C015,1.0,2.0,2024-04-26
A003558,U0692,C003,0.98,,2024-06-14
A003559,U0692,C006,0.23,3.0,
A003560,U0692,C010,0.91,4.5,2024-12-30
A003561,U0693,C013,1.0,4.0,2023-08-30
A003562,U0693,C012,0.56,5.0,
A003563,U0693,C015,0.72,3.0,
A003564,U0693,C008,0.26,,
A003565,U0693,C003,0.11,4.0,
A003566,U0693,C001,0.7,3.5,
A003567,U0693,C006,0.42,4.5,
A003568,U0693,C007,0.54,3.5,
A003569,U0693,C005,0.02,,
A003570,U0694,C003,0.98,4.5,2024-04-26
A003571,U0694,C008,0.25,2.5,
A003572,U0694,C001,0.56,3.5,
A003573,U0694,C010,0.94,3.5,2024-08-20
A003574,U0694,C014,0.69,5.0,2024-07-26
A003575,U0695,C004,0.48,3.5,
A003576,U0695,C014,0.21,,
A003577,U0695,C015,0.81,,
A003578,U0695,C009,0.37,4.5,
A003579,U0695,C013,0.57,2.5,
A003580,U0695,C002,0.95,3.5,2024-09-22
A003581,U0696,C002,0.06,4.0,
A003582,U0696,C010,0.94,,2024-06-02
A003583,U0696,C003,0.94,5.0,2024-07-30
A003584,U0697,C009,0.47,,
A003585,U0698,C009,0.96,,2024-03-08
A003586,U0698,C006,1.0,,2024-12-31
A003587,U0698,C012,0.33,4.0,
A003588,U0699,C011,0.21,3.5,
A003589,U0699,C007,0.29,,
A003590,U0699,C005,0.42,,
A003591,U0699,C003,0.57,3.0,
A003592,U0699,C010,0.21,,
A003593,U0699,C015,0.88,3.0,2024-12-01
A003594,U0700,C007,1.0,3.0,2024-11-17
A003595,U0700,C012,0.7,,
A003596,U0700,C014,0.8,4.0,2024-12-28
A003597,U0701,C007,0.98,,2024-04-03
A003598,U0701,C015,1.0,,2024-02-09
A003599,U0701,C014,0.38,3.5,
A003600,U0701,C001,0.96,5.0,2024-06-25
A003601,U0701,C004,0.95,,2024-12-02
A003602,U0701,C009,1.0,4.5,2024-11-03
A003603,U0701,C002,0.02,5.0,
A003604,U0701,C013,1.0,5.0,2024-12-31
A003605,U0702,C009,0.99,4.5,2022-10-15
A003606,U0702,C004,1.0,,2023-05-29
A003607,U0702,C007,0.9,4.5,2023-03-15
A003608,U0702,C015,0.97,,2023-02-11
A003609,U0702,C008,0.86,,2023-06-25
A003610,U0702,C001,1.0,3.5,2023-06-12
A003611,U0702,C010,0.88,,2023-12-07
A003612,U0702,C006,1.0,4.5,2024-02-04
A003613,U0702,C013,1.0,4.5,2024-04-07
A003614,U0702,C011,1.0,5.0,2024-03-02
A003615,U0702,C005,0.83,4.0,2023-12-28
A003616,U0702,C012,1.0,5.0,2024-12-26
A003617,U0703,C001,1.0,4.5,2023-11-02
A003618,U0703,C002,0.26,4.5,
A003619,U0703,C009,1.0,,2024-03-23
A003620,U0703,C011,1.0,,2024-05-02
A003621,U0703,C005,0.78,4.5,2024-08-08
A003622,U0703,C004,0.95,,2024-06-19
A003623,U0703,C006,0.95,4.5,2024-09-17
A003624,U0703,C007,0.98,,2024-11-17
A003625,U0703,C012,0.95,4.5,2024-10-09
A003626,U0703,C015,0.18,5.0,
A003627,U0703,C014,0.68,4.0,2024-12-07
A003628,U0704,C006,0.57,,
A003629,U0704,C004,0.88,,2024-08-14
A003630,U0705,C004,0.17,3.5,
A003631,U0706,C011,0.97,2.5,2024-11-03
A003632,U0706,C002,0.84,,2024-10-03
A003633,U0706,C006,0.8,3.0,
A003634,U0706,C009,0.57,5.0,
A003635,U0706,C015,0.44,4.0,
A003636,U0707,C004,0.48,5.0,
A003637,U0707,C005,0.38,4.0,
A003638,U0708,C001,0.95,,2024-11-15
A003639,U0708,C004,1.0,5.0,2024-12-18
A003640,U0708,C002,0.9,4.0,2024-11-17
A003641,U0708,C010,0.73,4.0,
A003642,U0708,C013,1.0,,2024-12-15
A003643,U0708,C007,0.95,4.5,2024-12-14
A003644,U0708,C006,1.0,5.0,2024-12-29
A003645,U0708,C003,1.0,4.5,2024-11-29
A003646,U0709,C015,0.85,,2023-12-07
A003647,U0709,C012,1.0,4.0,2024-04-04
A003648,U0709,C002,0.77,,2024-01-31
A003649,U0709,C001,0.31,,
A003650,U0709,C007,1.0,3.0,2024-08-04
A003651,U0710,C008,0.79,3.5,2022-10-24
A003652,U0710,C013,1.0,,2023-10-31
A003653,U0710,C005,0.06,3.5,
A003654,U0710,C006,0.21,3.5,
A003655,U0711,C014,0.28,3.0,
A003656,U0711,C006,0.37,4.5,
A003657,U0711,C005,0.86,4.0,2024-06-13
A003658,U0711,C007,0.7,4.0,
A003659,U0711,C002,0.73,4.5,
A003660,U0711,C004,0.67,,
A003661,U0711,C015,0.43,3.0,
A003662,U0712,C010,0.87,3.5,2024-11-28
A003663,U0712,C002,0.57,,
A003664,U0712,C004,0.39,,
A003665,U0713,C007,0.75,3.0,
A003666,U0713,C012,0.15,4.5,
A003667,U0713,C008,0.55,3.0,
A003668,U0713,C010,0.82,,
A003669,U0714,C010,1.0,3.5,2023-03-26
A003670,U0714,C007,0.89,4.5,2024-06-30
A003671,U0715,C009,0.17,4.0,
A003672,U0715,C008,0.86,,2024-01-31
A003673,U0716,C007,0.75,3.5,
A003674,U0716,C015,0.37,4.0,
A003675,U0716,C005,0.67,,
A003676,U0717,C013,0.28,5.0,
A003677,U0717,C004,0.89,,2024-10-17
A003678,U0717,C010,0.96,3.5,2024-10-21
A003679,U0718,C005,0.01,2.5,
A003680,U0718,C002,0.77,3.0,2023-12-11
A003681,U0718,C009,0.58,,
A003682,U0718,C001,0.4,,
A003683,U0718,C010,0.92,2.5,2024-08-07
A003684,U0719,C010,0.92,3.5,2024-09-30
A003685,U0719,C001,0.95,4.5,2024-11-29
A003686,U0719,C014,0.81,4.0,2024-11-13
A003687,U0720,C001,0.35,3.0,
A003688,U0720,C006,0.24,3.5,
A003689,U0720,C002,0.4,4.0,
A003690,U0720,C008,0.21,,
A003691,U0720,C012,0.65,2.0,
A003692,U0720,C010,0.75,3.5,
A003693,U0720,C003,0.81,,
A003694,U0720,C013,1.0,3.0,2024-07-09
A003695,U0720,C014,0.19,,
A003696,U0721,C007,1.0,,2024-11-13
A003697,U0721,C015,0.88,,2024-12-30
A003698,U0721,C005,0.84,,2024-11-30
A003699,U0721,C010,1.0,4.0,2024-12-31
A003700,U0722,C013,1.0,3.0,2024-11-18
A003701,U0722,C014,0.0,4.0,
A003702,U0722,C012,0.29,5.0,
A003703,U0722,C006,1.0,,2024-10-26
A003704,U0722,C009,0.43,3.0,
A003705,U0723,C008,0.83,3.5,2023-08-22
A003706,U0723,C001,1.0,,2023-11-10
A003707,U0724,C013,1.0,4.0,2024-04-17
A003708,U0725,C003,0.81,4.5,
A003709,U0725,C010,0.37,,
A003710,U0725,C004,0.1,3.5,
A003711,U0725,C002,0.36,2.5,
A003712,U0725,C013,0.47,3.5,
A003713,U0726,C015,0.07,4.5,
A003714,U0726,C012,1.0,4.5,2024-06-07
A003715,U0726,C008,0.78,4.5,2024-10-30
A003716,U0726,C001,1.0,4.0,2024-09-15
A003717,U0726,C009,0.16,,
A003718,U0726,C005,0.76,4.5,2024-11-28
A003719,U0726,C003,0.55,,
A003720,U0727,C013,1.0,,2022-08-01
A003721,U0727,C004,0.9,,2022-08-18
A003722,U0727,C014,0.75,,2023-04-20
A003723,U0727,C011,0.22,4.0,
A003724,U0727,C006,0.23,,
A003725,U0727,C008,0.7,3.5,2024-12-07
A003726,U0727,C012,0.49,5.0,
A003727,U0728,C003,0.97,4.5,2024-11-25
A003728,U0728,C001,0.91,,2024-12-20
A003729,U0729,C006,1.0,5.0,2023-04-21
A003730,U0729,C004,0.85,,2023-07-08
A003731,U0729,C003,0.97,4.5,2024-03-04
A003732,U0729,C010,1.0,4.5,2024-04-19
A003733,U0729,C001,0.53,5.0,
A003734,U0729,C012,0.9,,2024-12-13
A003735,U0729,C007,0.92,,2024-12-19
A003736,U0730,C006,0.6,2.5,
A003737,U0730,C008,0.55,2.5,
A003738,U0730,C007,0.41,,
A003739,U0730,C010,0.38,4.5,
A003740,U0730,C005,0.59,,
A003741,U0731,C006,1.0,,2023-05-24
A003742,U0731,C011,0.96,,2023-07-28
A003743,U0731,C005,0.73,4.0,2023-12-04
A003744,U0731,C007,0.93,3.5,2023-12-22
A003745,U0731,C014,0.81,4.0,2024-03-29
A003746,U0731,C003,0.92,4.5,2024-10-01
A003747,U0731,C012,0.4,,
A003748,U0732,C015,0.83,,2024-03-29
A003749,U0732,C014,0.76,3.5,2024-01-11
A003750,U0732,C007,1.0,,2024-04-02
A003751,U0732,C011,0.75,5.0,
A003752,U0732,C008,0.8,4.0,2024-12-25
A003753,U0732,C012,0.19,4.5,
A003754,U0732,C001,0.67,,
A003755,U0733,C007,0.41,3.5,
A003756,U0733,C008,0.23,4.0,
A003757,U0733,C002,0.32,4.5,
A003758,U0733,C001,0.12,4.0,
A003759,U0734,C013,1.0,5.0,2024-06-15
A003760,U0734,C009,0.91,4.5,2024-10-31
A003761,U0734,C007,0.97,,2024-06-10
A003762,U0734,C002,0.8,4.5,2024-10-07
A003763,U0734,C014,0.69,,2024-09-02
A003764,U0734,C001,1.0,5.0,2024-12-07
A003765,U0734,C008,0.88,4.5,2024-11-17
A003766,U0734,C010,1.0,4.0,2024-12-08
A003767,U0735,C008,0.88,4.5,2024-10-28
A003768,U0735,C003,1.0,4.5,2024-10-16
A003769,U0735,C014,0.77,,2024-11-24
A003770,U0735,C002,0.94,5.0,2024-12-19
A003771,U0735,C012,0.95,5.0,2024-12-28
A003772,U0735,C010,0.98,4.5,2024-12-31
A003773,U0736,C009,0.94,4.0,2024-08-30
A003774,U0736,C004,0.92,4.0,2024-10-17
A003775,U0736,C007,0.75,3.0,
A003776,U0736,C010,0.9,,2024-12-08
A003777,U0736,C008,0.0,4.0,
A003778,U0737,C007,0.94,3.5,2023-04-19
A003779,U0737,C013,1.0,3.5,2023-09-09
A003780,U0737,C001,0.94,4.0,2023-07-10
A003781,U0737,C012,0.91,,2023-06-25
A003782,U0737,C005,0.8,,2024-09-22
A003783,U0738,C012,0.96,3.5,2024-02-29
A003784,U0738,C008,0.86,3.5,2024-04-13
A003785,U0738,C002,0.45,4.5,
A003786,U0738,C007,1.0,3.5,2024-12-23
A003787,U0739,C006,0.29,5.0,
A003788,U0739,C002,0.59,3.0,
A003789,U0739,C011,0.52,4.5,
A003790,U0740,C012,0.32,4.5,
A003791,U0740,C014,0.0,4.0,
A003792,U0740,C004,0.81,4.0,
A003793,U0740,C011,1.0,3.5,2024-10-13
A003794,U0740,C002,0.86,4.5,2024-11-23
A003795,U0740,C001,1.0,4.5,2024-12-08
A003796,U0741,C009,1.0,,2024-08-14
A003797,U0741,C005,0.18,5.0,
A003798,U0741,C002,0.88,5.0,2024-08-15
A003799,U0741,C008,0.69,,2024-06-16
A003800,U0741,C013,1.0,,2024-12-11
A003801,U0741,C001,1.0,4.5,2024-12-31
A003802,U0741,C007,0.95,,2024-11-26
A003803,U0742,C002,0.47,,
A003804,U0742,C010,0.8,,
A003805,U0742,C001,0.49,3.5,
A003806,U0742,C005,0.39,4.0,
A003807,U0742,C009,0.76,,
A003808,U0742,C013,0.94,5.0,
A003809,U0743,C005,0.2,4.0,
A003810,U0743,C004,0.77,3.0,
A003811,U0743,C009,1.0,4.0,2023-07-21
A003812,U0743,C006,0.24,,
A003813,U0743,C007,0.17,3.0,
A003814,U0743,C010,1.0,3.5,2024-06-01
A003815,U0743,C013,1.0,3.5,2024-12-15
A003816,U0744,C015,0.51,2.0,
A003817,U0744,C005,0.0,,
A003818,U0744,C001,0.36,4.0,
A003819,U0744,C007,0.84,,
A003820,U0744,C013,0.81,,
A003821,U0744,C003,0.62,3.5,
A003822,U0744,C006,0.52,3.0,
A003823,U0744,C009,0.68,,
A003824,U0745,C006,0.24,3.0,
A003825,U0745,C001,0.39,,
A003826,U0745,C005,0.39,3.0,
A003827,U0745,C004,0.23,3.5,
A003828,U0745,C007,0.79,,
A003829,U0746,C003,0.88,4.0,2024-09-07
A003830,U0746,C014,0.77,3.5,2024-07-04
A003831,U0746,C015,0.85,4.5,2024-09-04
A003832,U0746,C006,1.0,4.5,2024-12-04
A003833,U0746,C007,0.19,3.0,
A003834,U0746,C013,1.0,4.5,2024-12-29
A003835,U0746,C012,0.84,4.0,
A003836,U0747,C013,1.0,4.0,2024-08-25
A003837,U0747,C012,0.87,3.0,
A003838,U0747,C009,0.38,4.0,
A003839,U0748,C002,0.75,,2024-08-04
A003840,U0748,C014,0.79,,2024-04-06
A003841,U0748,C013,1.0,5.0,2024-12-29
A003842,U0748,C009,1.0,,2024-11-26
A003843,U0748,C015,0.96,,2024-10-26
A003844,U0748,C004,0.89,5.0,2024-12-01
A003845,U0749,C002,0.14,,
A003846,U0749,C010,0.83,,
A003847,U0749,C015,0.77,2.5,
A003848,U0749,C009,0.47,3.0,
A003849,U0749,C006,0.57,3.5,
A003850,U0749,C012,0.75,3.0,
A003851,U0750,C010,0.43,,
A003852,U0751,C007,0.48,3.5,
A003853,U0751,C004,0.98,4.5,2024-07-13
A003854,U0752,C011,1.0,,2023-06-09
A003855,U0753,C013,1.0,5.0,2022-11-17
A003856,U0753,C008,0.76,4.5,2023-01-09
A003857,U0753,C012,0.95,4.0,2023-05-17
A003858,U0753,C007,1.0,4.0,2024-01-23
A003859,U0753,C014,0.05,4.5,
A003860,U0753,C009,0.15,4.5,
A003861,U0753,C011,1.0,5.0,2024-12-10
A003862,U0754,C003,0.51,3.5,
A003863,U0754,C009,0.96,,2024-02-23
A003864,U0755,C013,1.0,4.0,2022-11-28
A003865,U0755,C004,0.61,4.5,
A003866,U0755,C001,0.99,4.0,2024-12-20
A003867,U0756,C002,0.06,4.5,
A003868,U0756,C001,0.37,,
A003869,U0756,C008,0.88,3.5,2024-11-08
A003870,U0756,C014,0.5,3.0,
A003871,U0756,C004,0.88,5.0,2024-12-20
A003872,U0756,C012,0.91,,2024-12-27
A003873,U0757,C005,0.73,4.5,2024-02-29
A003874,U0757,C015,0.86,,2024-03-05
A003875,U0757,C013,1.0,,2024-09-07
A003876,U0757,C009,0.91,,2024-07-08
A003877,U0757,C010,1.0,,2024-12-26
A003878,U0758,C012,0.63,4.5,
A003879,U0758,C002,0.47,4.0,
A003880,U0758,C015,0.42,3.5,
A003881,U0758,C014,0.74,2.5,2024-03-26
A003882,U0758,C006,0.94,,2024-12-02
A003883,U0758,C008,0.81,4.0,2024-12-21
A003884,U0759,C003,0.33,2.5,
A003885,U0760,C004,0.66,,
A003886,U0760,C006,0.63,,
A003887,U0760,C009,0.94,,2024-05-06
A003888,U0761,C004,0.69,4.0,
A003889,U0761,C011,0.97,,2023-08-28
A003890,U0761,C012,0.96,3.0,2024-06-26
A003891,U0761,C001,1.0,,2024-05-13
A003892,U0762,C013,1.0,4.5,2024-04-17
A003893,U0762,C011,1.0,4.5,2024-05-02
A003894,U0763,C004,0.79,3.5,
A003895,U0763,C006,1.0,3.0,2024-02-07
A003896,U0763,C012,1.0,,2024-05-15
A003897,U0763,C015,0.91,4.0,2024-11-05
A003898,U0763,C002,0.82,3.0,2024-12-29
A003899,U0764,C002,0.9,5.0,2024-04-25
A003900,U0764,C014,0.62,5.0,
A003901,U0764,C004,0.87,5.0,2024-10-21
A003902,U0764,C006,0.94,4.5,2024-11-22
A003903,U0764,C015,0.97,4.0,2024-12-18
A003904,U0764,C009,0.97,5.0,2024-12-13
A003905,U0764,C011,1.0,5.0,2024-12-07
A003906,U0765,C014,0.65,4.5,2023-02-14
A003907,U0765,C007,0.92,4.5,2023-11-20
A003908,U0765,C011,1.0,,2024-09-10
A003909,U0766,C013,1.0,4.5,2023-05-23
A003910,U0766,C010,0.88,2.5,2024-01-08
A003911,U0766,C006,0.41,4.0,
A003912,U0767,C006,0.71,,
A003913,U0767,C003,0.71,4.5,
A003914,U0768,C014,0.09,4.0,
A003915,U0768,C009,1.0,,2024-03-06
A003916,U0768,C005,0.83,3.5,2024-04-07
A003917,U0768,C003,1.0,4.0,2024-10-24
A003918,U0768,C013,1.0,,2024-10-13
A003919,U0769,C009,1.0,,2024-12-04
A003920,U0769,C003,1.0,4.5,2024-10-10
A003921,U0769,C004,1.0,4.0,2024-11-07
A003922,U0769,C006,1.0,,2024-10-09
A003923,U0769,C014,0.73,,2024-11-06
A003924,U0769,C001,0.44,4.0,
A003925,U0769,C007,0.9,4.0,2024-12-02
A003926,U0769,C008,0.81,,2024-11-28
A003927,U0769,C012,0.93,4.5,2024-12-28
A003928,U0769,C015,0.58,5.0,
A003929,U0769,C005,0.79,,2024-12-28
A003930,U0769,C010,0.24,5.0,
A003931,U0770,C015,0.2,3.5,
A003932,U0770,C011,0.81,,
A003933,U0770,C009,0.52,3.0,
A003934,U0770,C013,0.58,3.5,
A003935,U0770,C003,0.71,5.0,
A003936,U0770,C012,0.28,3.0,
A003937,U0770,C001,0.43,,
A003938,U0770,C008,0.88,2.5,2024-10-14
A003939,U0770,C005,0.41,,
A003940,U0771,C006,1.0,4.5,2024-02-07
A003941,U0771,C012,0.97,4.5,2024-05-19
A003942,U0771,C015,0.87,4.5,2024-09-04
A003943,U0771,C005,0.76,4.0,2024-07-27
A003944,U0771,C014,0.78,4.5,2024-07-10
A003945,U0771,C007,0.97,4.0,2024-12-03
A003946,U0771,C004,0.86,5.0,2024-12-31
A003947,U0772,C002,0.81,5.0,2024-10-29
A003948,U0772,C008,0.73,4.5,2024-11-29
A003949,U0772,C001,0.13,,
A003950,U0772,C003,0.97,4.5,2024-10-16
A003951,U0772,C007,1.0,4.5,2024-10-12
A003952,U0772,C013,1.0,5.0,2024-12-21
A003953,U0772,C006,1.0,4.5,2024-10-25
A003954,U0772,C012,0.95,,2024-10-02
A003955,U0772,C009,1.0,,2024-12-07
A003956,U0772,C011,1.0,4.5,2024-11-28
A003957,U0772,C005,0.86,4.0,2024-12-25
A003958,U0772,C010,0.94,,2024-12-21
A003959,U0773,C007,1.0,4.5,2023-10-07
A003960,U0773,C008,0.74,,2024-03-12
A003961,U0773,C010,0.94,,2024-02-03
A003962,U0773,C003,0.89,,2024-07-22
A003963,U0773,C006,1.0,5.0,2024-05-11
A003964,U0773,C015,0.87,,2024-06-19
A003965,U0773,C004,0.94,,2024-10-14
A003966,U0773,C014,0.76,5.0,2024-10-31
A003967,U0773,C002,0.86,4.0,2024-11-18
A003968,U0774,C004,0.35,4.0,
A003969,U0774,C006,0.54,4.0,
A003970,U0774,C013,1.0,4.0,2024-05-09
A003971,U0774,C001,0.5,4.5,
A003972,U0774,C015,0.86,3.5,2024-12-22
A003973,U0774,C014,0.55,3.5,
A003974,U0774,C003,0.3,,
A003975,U0775,C006,1.0,4.5,2023-12-07
A003976,U0775,C007,0.18,3.0,
A003977,U0775,C002,0.42,,
A003978,U0776,C003,0.21,,
A003979,U0776,C005,0.0,4.0,
A003980,U0776,C002,0.86,,2024-12-05
A003981,U0777,C004,0.89,4.5,2024-09-29
A003982,U0777,C010,0.9,4.5,2024-08-03
A003983,U0777,C015,0.86,5.0,2024-11-22
A003984,U0777,C002,0.83,4.0,2024-10-18
A003985,U0777,C014,0.77,4.0,2024-09-10
A003986,U0777,C005,0.78,4.0,2024-12-24
A003987,U0777,C012,1.0,,2024-11-25
A003988,U0777,C006,1.0,,2024-12-27
A003989,U0777,C001,1.0,4.5,2024-10-30
A003990,U0777,C011,1.0,,2024-12-11
A003991,U0777,C008,0.58,4.5,
A003992,U0777,C007,0.95,,2024-12-03
A003993,U0778,C015,0.83,3.5,2023-04-11
A003994,U0778,C002,0.93,,2024-05-13
A003995,U0778,C014,0.79,,2024-10-02
A003996,U0778,C011,0.9,4.5,
A003997,U0778,C003,1.0,3.5,2024-12-28
A003998,U0779,C009,0.68,,
A003999,U0779,C002,0.87,3.0,2024-07-02
A004000,U0779,C010,0.66,,
A004001,U0779,C011,0.26,3.5,
A004002,U0780,C013,0.65,,
A004003,U0780,C007,0.21,4.5,
A004004,U0781,C009,1.0,4.5,2022-10-17
A004005,U0781,C011,1.0,5.0,2023-06-28
A004006,U0781,C001,1.0,5.0,2023-09-05
A004007,U0781,C003,1.0,,2023-06-28
A004008,U0781,C006,1.0,5.0,2023-12-24
A004009,U0781,C002,0.11,4.5,
A004010,U0781,C012,1.0,,2023-10-13
A004011,U0781,C014,0.79,4.5,2024-05-11
A004012,U0781,C005,0.75,4.0,2024-07-17
A004013,U0781,C004,0.94,5.0,2024-05-19
A004014,U0781,C008,0.81,4.5,2024-05-22
A004015,U0781,C007,1.0,,2024-12-29
A004016,U0782,C004,0.26,4.5,
A004017,U0782,C015,0.57,,
A004018,U0782,C008,0.57,3.0,
A004019,U0782,C012,0.7,4.0,
A004020,U0782,C003,0.8,4.0,
A004021,U0782,C010,0.44,3.5,
A004022,U0782,C011,0.71,,
A004023,U0782,C007,0.11,,
A004024,U0782,C013,0.9,,
A004025,U0782,C014,0.4,3.0,
A004026,U0783,C010,1.0,4.0,2024-10-06
A004027,U0783,C008,0.7,,2024-09-17
A004028,U0783,C014,0.69,,2024-10-19
A004029,U0783,C002,0.89,4.0,2024-11-12
A004030,U0783,C006,1.0,4.5,2024-09-22
A004031,U0783,C011,0.45,4.0,
A004032,U0783,C013,1.0,4.0,2024-12-06
A004033,U0784,C006,1.0,4.5,2022-11-16
A004034,U0784,C012,0.98,5.0,2023-04-12
A004035,U0784,C002,0.85,4.5,2023-03-10
A004036,U0784,C009,0.75,5.0,
A004037,U0784,C013,1.0,,2023-11-20
A004038,U0784,C003,1.0,,2024-05-31
A004039,U0784,C015,0.9,4.5,2024-09-21
A004040,U0784,C007,1.0,5.0,2024-12-01
A004041,U0784,C014,0.75,5.0,2024-10-07
A004042,U0784,C004,0.88,5.0,2024-12-24
A004043,U0785,C009,0.59,4.0,
A004044,U0786,C012,1.0,5.0,2023-02-22
A004045,U0786,C007,0.75,5.0,
A004046,U0787,C003,0.72,4.5,
A004047,U0787,C013,0.42,,
A004048,U0787,C002,0.0,3.5,
A004049,U0787,C001,0.34,,
A004050,U0787,C006,0.78,,
A004051,U0787,C011,0.29,4.0,
A004052,U0787,C012,0.18,4.0,
A004053,U0787,C009,1.0,3.5,2024-12-26
A004054,U0788,C008,0.83,4.0,2024-09-30
A004055,U0788,C015,0.98,,2024-11-04
A004056,U0788,C006,0.79,4.0,
A004057,U0788,C003,1.0,4.5,2024-11-26
A004058,U0789,C003,0.61,,
A004059,U0789,C015,0.94,4.0,2024-12-25
A004060,U0790,C011,0.93,3.5,
A004061,U0790,C009,0.3,2.0,
A004062,U0790,C012,0.65,3.5,
A004063,U0790,C007,0.15,4.0,
A004064,U0790,C005,0.0,4.0,
A004065,U0790,C010,0.67,3.0,
A004066,U0790,C014,0.06,4.0,
A004067,U0790,C015,0.08,,
A004068,U0790,C003,1.0,3.0,2024-08-20
A004069,U0790,C008,0.0,2.5,
A004070,U0791,C005,0.85,3.5,2022-10-11
A004071,U0791,C010,0.97,4.5,2023-08-31
A004072,U0791,C003,1.0,4.5,2023-06-23
A004073,U0791,C004,1.0,4.5,2024-01-05
A004074,U0791,C009,0.91,,2024-08-10
A004075,U0791,C008,0.69,4.5,2024-12-15
A004076,U0791,C006,0.92,4.5,2024-10-16
A004077,U0791,C013,1.0,4.5,2024-12-05
A004078,U0792,C006,0.95,1.5,2023-04-04
A004079,U0792,C003,1.0,4.0,2023-06-16
A004080,U0793,C013,1.0,4.0,2022-12-15
A004081,U0793,C014,0.85,3.5,2023-12-16
A004082,U0793,C010,0.77,4.5,
A004083,U0793,C003,0.79,4.5,
A004084,U0793,C012,0.95,,2024-10-23
A004085,U0794,C009,1.0,4.5,2022-09-20
A004086,U0794,C007,0.67,,
A004087,U0794,C014,0.74,,2024-07-03
A004088,U0795,C012,0.98,5.0,2024-11-27
A004089,U0795,C009,1.0,4.5,2024-12-15
A004090,U0795,C013,1.0,,2024-12-02
A004091,U0795,C014,0.78,4.0,2024-12-17
A004092,U0795,C015,0.9,4.5,2024-12-17
A004093,U0795,C007,1.0,4.5,2024-12-01
A004094,U0795,C011,1.0,4.5,2024-11-27
A004095,U0795,C002,0.94,4.5,2024-12-28
A004096,U0796,C008,0.72,3.5,2023-06-06
A004097,U0796,C015,0.87,,2023-05-08
A004098,U0796,C011,0.33,3.5,
A004099,U0796,C004,0.96,4.5,2024-02-18
A004100,U0797,C005,0.83,3.0,2023-12-06
A004101,U0797,C010,0.98,,2024-02-07
A004102,U0797,C004,0.96,,2024-03-06
A004103,U0797,C013,0.61,3.5,
A004104,U0797,C001,0.32,4.5,
A004105,U0798,C005,0.21,3.5,
A004106,U0798,C015,0.15,4.0,
A004107,U0798,C013,0.47,5.0,
A004108,U0798,C010,0.53,,
A004109,U0798,C014,0.25,2.5,
A004110,U0798,C009,0.72,5.0,
A004111,U0798,C012,0.71,4.5,
A004112,U0798,C006,0.63,,
A004113,U0798,C007,0.8,3.0,
A004114,U0799,C010,0.21,5.0,
A004115,U0799,C007,0.42,,
A004116,U0799,C001,0.91,,2023-07-29
A004117,U0799,C005,0.85,5.0,2023-06-05
A004118,U0799,C006,0.95,5.0,2024-01-21
A004119,U0799,C013,1.0,4.5,2024-01-25
A004120,U0799,C004,0.22,4.5,
A004121,U0799,C015,0.9,4.0,2024-12-04
A004122,U0799,C011,1.0,5.0,2024-12-26
A004123,U0800,C013,1.0,,2024-01-30
A004124,U0800,C004,0.91,4.5,2024-02-19
A004125,U0800,C011,1.0,4.5,2024-03-31
A004126,U0800,C006,1.0,,2024-08-05
A004127,U0800,C003,0.96,5.0,2024-06-30
A004128,U0800,C001,0.71,5.0,
A004129,U0800,C010,1.0,4.5,2024-12-02
A004130,U0800,C008,0.0,4.0,
A004131,U0800,C005,0.87,4.5,2024-12-13
A004132,U0801,C003,0.82,4.0,
A004133,U0801,C014,0.0,3.0,
A004134,U0801,C008,0.13,2.5,
A004135,U0801,C011,1.0,,2024-01-26
A004136,U0801,C013,0.69,3.5,
A004137,U0802,C007,1.0,,2023-10-31
A004138,U0802,C013,1.0,4.5,2023-11-15
A004139,U0802,C011,1.0,3.5,2024-05-14
A004140,U0802,C008,0.78,4.5,2024-03-20
A004141,U0802,C002,0.81,4.0,2024-11-24
A004142,U0802,C012,0.99,4.0,2024-12-26
A004143,U0802,C003,0.42,5.0,
A004144,U0803,C011,0.43,,
A004145,U0803,C004,0.97,,2023-08-13
A004146,U0803,C005,0.82,4.0,2024-09-11
A004147,U0803,C008,0.65,3.0,
A004148,U0803,C014,0.22,2.5,
A004149,U0804,C006,0.21,4.0,
A004150,U0804,C014,0.74,3.5,2024-04-08
A004151,U0804,C002,0.8,4.0,2024-03-08
A004152,U0804,C015,0.12,4.0,
A004153,U0805,C003,1.0,4.0,2023-11-12
A004154,U0805,C006,1.0,,2023-12-05
A004155,U0805,C009,1.0,4.0,2024-03-03
A004156,U0805,C008,0.85,5.0,2024-10-26
A004157,U0805,C001,1.0,4.0,2024-12-06
A004158,U0806,C006,1.0,5.0,2024-02-16
A004159,U0806,C004,1.0,5.0,2024-02-15
A004160,U0806,C014,0.74,4.5,2024-01-22
A004161,U0806,C011,1.0,,2024-05-26
A004162,U0806,C015,0.84,,2024-04-08
A004163,U0806,C002,0.77,4.5,2024-11-29
A004164,U0806,C009,0.75,5.0,
A004165,U0806,C010,1.0,,2024-11-26
A004166,U0806,C001,0.38,,
A004167,U0806,C007,1.0,3.5,2024-12-01
A004168,U0806,C013,0.92,5.0,
A004169,U0807,C015,0.82,2.5,
A004170,U0807,C001,0.7,,
A004171,U0807,C009,0.41,,
A004172,U0807,C006,0.5,,
A004173,U0807,C014,0.0,3.0,
A004174,U0808,C004,0.34,3.0,
A004175,U0808,C010,0.11,,
A004176,U0808,C011,0.51,,
A004177,U0809,C003,1.0,4.0,2023-12-15
A004178,U0809,C002,0.77,4.0,2024-02-04
A004179,U0809,C006,0.97,4.0,2024-07-02
A004180,U0809,C009,0.77,3.5,
A004181,U0810,C013,0.59,1.5,
A004182,U0810,C004,0.26,4.5,
A004183,U0810,C010,0.35,3.5,
A004184,U0810,C002,0.58,3.5,
A004185,U0810,C012,0.7,3.5,
A004186,U0810,C007,0.9,,2024-01-03
A004187,U0810,C003,0.66,,
A004188,U0810,C015,0.4,3.5,
A004189,U0810,C009,0.68,3.0,
A004190,U0811,C007,0.8,4.0,
A004191,U0811,C006,0.85,3.5,
A004192,U0811,C014,0.7,,2024-01-31
A004193,U0811,C008,0.84,3.5,2024-05-22
A004194,U0811,C009,0.72,,
A004195,U0812,C008,0.43,3.5,
A004196,U0812,C007,0.76,,
A004197,U0812,C003,0.66,4.0,
A004198,U0812,C010,1.0,3.0,2024-11-14
A004199,U0813,C002,0.38,4.0,
A004200,U0813,C015,0.21,3.0,
A004201,U0813,C004,0.11,,
A004202,U0813,C008,0.76,2.0,2024-09-08
A004203,U0813,C013,0.83,3.0,
A004204,U0813,C010,0.17,4.5,
A004205,U0814,C009,0.99,,2023-05-04
A004206,U0814,C012,0.89,3.5,2023-01-29
A004207,U0814,C008,0.85,4.5,2023-05-23
A004208,U0814,C010,0.87,4.5,2023-09-12
A004209,U0814,C011,0.81,,
A004210,U0815,C004,0.88,4.0,2024-04-21
A004211,U0815,C001,0.48,,
A004212,U0815,C010,0.93,4.0,2024-10-05
A004213,U0815,C002,0.94,4.5,2024-11-02
A004214,U0815,C013,1.0,,2024-12-27
A004215,U0816,C015,0.87,,2024-02-21
A004216,U0816,C013,1.0,4.0,2024-06-02
A004217,U0816,C009,0.94,4.5,2024-12-28
A004218,U0817,C001,0.74,,
A004219,U0817,C004,0.79,,
A004220,U0817,C015,0.89,4.5,2023-10-21
A004221,U0817,C003,0.44,4.0,
A004222,U0817,C008,0.71,3.5,2024-12-12
A004223,U0817,C006,0.28,,
A004224,U0817,C007,0.96,3.0,2024-12-08
A004225,U0818,C015,0.9,,2024-08-21
A004226,U0818,C002,0.93,3.5,2024-10-04
A004227,U0818,C006,0.98,4.5,2024-12-23
A004228,U0819,C007,0.87,3.5,
A004229,U0820,C006,0.84,4.5,
A004230,U0820,C003,0.12,3.5,
A004231,U0820,C015,0.34,4.0,
A004232,U0820,C001,1.0,,2023-07-22
A004233,U0820,C010,0.39,4.0,
A004234,U0820,C004,0.19,4.5,
A004235,U0820,C012,0.15,2.5,
A004236,U0820,C007,0.92,,2024-11-30
A004237,U0821,C009,0.55,5.0,
A004238,U0822,C009,0.69,,
A004239,U0822,C011,1.0,3.5,2024-04-30
A004240,U0822,C014,0.41,,
A004241,U0822,C007,0.31,2.5,
A004242,U0823,C001,0.99,4.5,2022-05-11
A004243,U0823,C013,1.0,4.5,2023-05-04
A004244,U0823,C010,0.89,4.5,2023-05-02
A004245,U0823,C012,0.93,5.0,2023-09-20
A004246,U0823,C008,0.71,4.0,2023-12-13
A004247,U0823,C009,1.0,4.5,2024-01-28
A004248,U0823,C014,0.0,3.5,
A004249,U0823,C011,1.0,,2024-07-16
A004250,U0823,C002,0.85,4.5,2024-12-25
A004251,U0824,C006,0.88,4.5,
A004252,U0825,C011,0.87,5.0,
A004253,U0825,C013,1.0,3.0,2023-04-18
A004254,U0825,C015,0.07,3.5,
A004255,U0825,C012,0.85,,
A004256,U0825,C002,0.46,2.5,
A004257,U0825,C010,0.64,,
A004258,U0825,C001,0.18,,
A004259,U0825,C004,0.1,,
A004260,U0826,C015,0.28,4.5,
A004261,U0826,C009,0.96,4.0,2024-08-16
A004262,U0827,C008,0.71,5.0,2023-03-03
A004263,U0827,C007,1.0,,2023-03-19
A004264,U0827,C003,0.51,4.5,
A004265,U0827,C006,0.92,4.5,2023-11-15
A004266,U0827,C013,1.0,5.0,2023-12-23
A004267,U0827,C015,0.93,,2024-06-16
A004268,U0827,C002,0.84,4.0,2024-12-07
A004269,U0827,C005,0.77,,2024-12-05
A004270,U0828,C013,1.0,4.5,2022-11-17
A004271,U0828,C001,0.25,3.5,
A004272,U0828,C009,0.37,3.5,
A004273,U0828,C003,0.4,3.5,
A004274,U0828,C006,1.0,3.0,2023-08-17
A004275,U0828,C011,0.44,3.5,
A004276,U0828,C014,0.26,3.5,
A004277,U0828,C008,0.86,4.0,2024-02-27
A004278,U0828,C012,1.0,4.5,2024-09-11
A004279,U0829,C004,0.89,3.5,2022-08-26
A004280,U0829,C006,0.68,4.5,
A004281,U0829,C009,0.49,,
A004282,U0829,C011,0.53,3.5,
A004283,U0829,C012,0.81,,
A004284,U0829,C015,0.23,3.0,
A004285,U0829,C008,0.21,4.0,
A004286,U0829,C005,0.03,3.5,
A004287,U0830,C010,1.0,,2023-11-27
A004288,U0830,C013,0.63,5.0,
A004289,U0830,C004,0.27,,
A004290,U0831,C011,0.98,3.0,2024-01-25
A004291,U0831,C013,0.94,4.0,
A004292,U0831,C005,0.78,3.5,2024-03-31
A004293,U0831,C007,0.35,3.0,
A004294,U0831,C009,0.34,2.5,
A004295,U0831,C003,0.39,3.5,
A004296,U0832,C015,0.86,3.0,2022-07-16
A004297,U0832,C011,1.0,4.0,2024-04-01
A004298,U0832,C003,1.0,4.5,2024-07-25
A004299,U0832,C012,0.36,,
A004300,U0833,C005,0.85,4.0,2022-12-06
A004301,U0833,C011,0.97,4.5,2023-06-06
A004302,U0833,C007,1.0,5.0,2023-11-07
A004303,U0833,C003,1.0,,2024-01-01
A004304,U0833,C009,0.92,,2024-03-23
A004305,U0833,C006,0.9,5.0,
A004306,U0833,C002,0.87,4.5,2024-02-29
A004307,U0833,C001,1.0,5.0,2024-03-07
A004308,U0833,C013,1.0,4.0,2024-12-15
A004309,U0833,C010,0.99,,2024-12-27
A004310,U0834,C005,0.08,3.0,
A004311,U0834,C009,1.0,,2024-03-21
A004312,U0834,C001,1.0,4.5,2024-02-29
A004313,U0834,C010,0.96,4.0,2024-01-25
A004314,U0834,C002,0.21,4.0,
A004315,U0834,C012,0.48,4.5,
A004316,U0834,C011,1.0,,2024-11-28
A004317,U0835,C001,0.59,5.0,
A004318,U0835,C011,0.33,,
A004319,U0835,C006,1.0,,2024-11-23
A004320,U0836,C005,0.48,,
A004321,U0836,C002,0.17,,
A004322,U0836,C010,0.72,3.5,
A004323,U0836,C015,0.15,3.0,
A004324,U0837,C003,0.92,,2022-10-10
A004325,U0837,C014,0.42,3.5,
A004326,U0837,C015,0.85,4.0,2024-03-17
A004327,U0837,C012,0.62,4.5,
A004328,U0838,C010,1.0,,2024-01-08
A004329,U0838,C008,0.83,4.5,2024-02-22
A004330,U0838,C009,0.19,5.0,
A004331,U0838,C001,0.9,5.0,2024-01-29
A004332,U0838,C003,0.97,3.5,2024-06-10
A004333,U0838,C013,0.7,,
A004334,U0838,C015,0.93,5.0,2024-11-30
A004335,U0838,C006,1.0,,2024-12-22
A004336,U0838,C012,0.64,5.0,
A004337,U0838,C005,0.79,5.0,2024-11-13
A004338,U0839,C014,0.67,3.0,2023-06-03
A004339,U0839,C008,0.37,4.0,
A004340,U0839,C007,1.0,4.0,2024-02-29
A004341,U0839,C009,0.94,4.0,2024-08-19
A004342,U0839,C015,0.97,3.0,2024-12-06
A004343,U0840,C015,0.26,2.0,
A004344,U0840,C008,0.36,3.5,
A004345,U0841,C015,0.14,5.0,
A004346,U0841,C011,0.32,,
A004347,U0842,C013,1.0,,2024-09-01
A004348,U0842,C008,0.37,,
A004349,U0843,C007,0.98,4.5,2023-08-11
A004350,U0843,C006,1.0,5.0,2024-01-01
A004351,U0843,C010,0.92,3.5,2024-05-02
A004352,U0843,C002,0.8,3.5,2024-04-24
A004353,U0843,C004,0.61,4.5,
A004354,U0844,C008,0.37,3.5,
A004355,U0844,C015,0.94,4.0,2024-11-29
A004356,U0845,C010,0.94,,2023-12-11
A004357,U0845,C005,0.02,4.5,
A004358,U0845,C013,1.0,,2024-06-15
A004359,U0845,C001,0.91,5.0,2024-03-16
A004360,U0845,C006,0.76,5.0,
A004361,U0845,C008,0.71,,2024-08-18
A004362,U0845,C002,0.22,4.0,
A004363,U0845,C009,0.52,,
A004364,U0845,C012,0.9,5.0,2024-08-03
A004365,U0845,C007,1.0,4.5,2024-11-02
A004366,U0845,C004,0.95,4.0,2024-12-31
A004367,U0845,C014,0.72,3.0,2024-11-24
A004368,U0846,C011,0.37,3.5,
A004369,U0846,C010,0.66,3.5,
A004370,U0846,C012,0.6,,
A004371,U0846,C002,0.87,4.0,2024-09-18
A004372,U0846,C015,0.14,4.0,
A004373,U0846,C005,0.16,,
A004374,U0846,C001,0.95,4.0,2024-12-31
A004375,U0847,C006,0.96,,2023-11-16
A004376,U0847,C010,0.82,,
A004377,U0848,C015,0.58,3.5,
A004378,U0848,C012,0.48,4.0,
A004379,U0848,C014,0.24,,
A004380,U0848,C001,0.91,,2024-12-10
A004381,U0849,C004,0.33,4.0,
A004382,U0849,C009,0.4,3.5,
A004383,U0849,C013,0.59,,
A004384,U0849,C007,0.67,3.5,
A004385,U0849,C010,0.42,3.0,
A004386,U0849,C015,0.97,4.0,2024-11-27
A004387,U0850,C012,0.89,4.5,2024-10-19
A004388,U0850,C015,0.06,,
A004389,U0851,C007,0.89,,2022-05-13
A004390,U0851,C006,0.86,,
A004391,U0851,C011,1.0,,2024-06-10
A004392,U0852,C003,0.52,5.0,
A004393,U0852,C004,1.0,,2024-04-22
A004394,U0852,C015,0.97,,2024-10-11
A004395,U0852,C014,0.66,5.0,2024-08-06
A004396,U0852,C002,0.77,4.0,2024-12-21
A004397,U0852,C007,1.0,4.0,2024-12-18
A004398,U0852,C009,1.0,4.0,2024-11-05
A004399,U0852,C013,1.0,,2024-12-23
A004400,U0852,C012,0.91,5.0,2024-12-16
A004401,U0853,C005,0.78,4.5,2023-02-01
A004402,U0853,C013,1.0,5.0,2023-07-11
A004403,U0853,C014,0.82,,2024-02-10
A004404,U0853,C008,0.8,,2024-01-09
A004405,U0853,C010,0.98,4.0,2024-03-16
A004406,U0853,C009,0.95,5.0,2023-12-02
A004407,U0853,C012,0.92,,2024-02-05
A004408,U0853,C003,0.98,4.5,2024-05-13
A004409,U0853,C015,0.92,4.5,2024-04-27
A004410,U0853,C011,1.0,,2024-09-29
A004411,U0853,C007,0.78,,
A004412,U0853,C004,0.99,,2024-11-28
A004413,U0854,C007,0.83,3.5,
A004414,U0854,C011,1.0,,2023-11-12
A004415,U0854,C009,1.0,4.5,2023-10-13
A004416,U0854,C015,0.19,3.5,
A004417,U0854,C002,0.46,,
A004418,U0854,C010,0.92,4.0,2024-09-16
A004419,U0854,C004,0.93,4.0,2024-11-06
A004420,U0855,C008,0.8,2.5,2024-04-10
A004421,U0855,C011,1.0,4.0,2024-03-25
A004422,U0855,C012,0.95,4.0,2024-02-29
A004423,U0856,C011,1.0,3.5,2023-08-14
A004424,U0856,C015,0.11,,
A004425,U0856,C010,0.88,5.0,2023-12-25
A004426,U0856,C005,0.89,4.5,2024-12-19
A004427,U0857,C011,1.0,4.5,2023-05-29
A004428,U0857,C012,0.27,4.5,
A004429,U0857,C006,0.5,4.5,
A004430,U0857,C014,0.75,4.5,2024-06-26
A004431,U0857,C001,0.95,5.0,2024-12-14
A004432,U0857,C007,1.0,4.0,2024-12-31
A004433,U0858,C015,0.91,4.5,2023-09-15
A004434,U0858,C011,1.0,3.5,2024-06-02
A004435,U0858,C002,0.43,,
A004436,U0858,C014,0.74,4.0,2024-12-30
A004437,U0859,C015,0.12,,
A004438,U0859,C011,0.17,,
A004439,U0860,C011,0.98,,2023-10-03
A004440,U0860,C008,0.81,4.0,2024-02-26
A004441,U0860,C015,0.99,5.0,2023-12-17
A004442,U0860,C012,1.0,4.5,2024-03-24
A004443,U0860,C007,0.66,5.0,
A004444,U0860,C014,0.73,4.0,2024-05-22
A004445,U0860,C010,0.27,,
A004446,U0860,C001,0.2,5.0,
A004447,U0860,C005,0.85,4.5,2024-10-30
A004448,U0860,C003,0.98,5.0,2024-10-25
A004449,U0860,C009,0.91,,2024-12-09
A004450,U0861,C010,0.22,3.5,
A004451,U0861,C014,0.51,4.5,
A004452,U0862,C014,0.69,3.5,2024-05-16
A004453,U0862,C008,0.75,3.5,2024-08-03
A004454,U0862,C002,0.87,,2024-06-27
A004455,U0862,C005,0.39,3.0,
A004456,U0862,C004,0.48,3.5,
A004457,U0863,C011,0.87,4.0,
A004458,U0863,C014,0.0,4.0,
A004459,U0863,C004,0.13,,
A004460,U0863,C010,0.26,,
A004461,U0863,C006,0.34,4.5,
A004462,U0863,C012,0.13,,
A004463,U0863,C015,0.39,3.0,
A004464,U0863,C003,0.78,,
A004465,U0864,C006,0.42,4.5,
A004466,U0864,C011,0.25,4.5,
A004467,U0864,C014,0.04,,
A004468,U0864,C010,0.36,2.5,
A004469,U0864,C002,0.34,3.5,
A004470,U0864,C007,0.7,,
A004471,U0864,C005,0.36,3.5,
A004472,U0864,C008,0.11,,
A004473,U0865,C001,0.93,5.0,2024-12-27
A004474,U0865,C012,1.0,4.5,2024-08-20
A004475,U0865,C004,0.9,4.5,2024-10-05
A004476,U0865,C015,1.0,5.0,2024-10-07
A004477,U0865,C007,0.9,4.0,2024-12-01
A004478,U0865,C002,0.9,,2024-12-22
A004479,U0865,C014,0.8,4.0,2024-12-08
A004480,U0865,C003,0.73,,
A004481,U0865,C009,1.0,5.0,2024-12-20
A004482,U0865,C013,1.0,5.0,2024-12-22
A004483,U0865,C005,0.46,4.5,
A004484,U0866,C006,0.97,5.0,2024-01-12
A004485,U0866,C014,0.68,,2023-11-16
A004486,U0866,C011,0.91,4.5,
A004487,U0866,C009,0.96,5.0,2023-12-11
A004488,U0866,C001,0.97,4.5,2024-04-08
A004489,U0866,C012,0.98,4.5,2024-08-12
A004490,U0866,C008,0.86,4.0,2024-09-13
A004491,U0866,C007,0.93,,2024-09-25
A004492,U0866,C002,0.5,,
A004493,U0866,C003,0.8,5.0,
A004494,U0866,C004,1.0,5.0,2024-11-18
A004495,U0866,C013,0.97,4.5,
A004496,U0867,C001,1.0,3.5,2024-03-08
A004497,U0867,C002,0.85,4.0,2024-08-03
A004498,U0867,C003,0.88,4.5,2024-05-04
A004499,U0868,C014,0.66,3.5,2024-09-14
A004500,U0868,C008,0.76,4.0,2024-12-09
A004501,U0868,C013,0.73,,
A004502,U0869,C006,1.0,5.0,2022-07-07
A004503,U0869,C013,1.0,5.0,2023-05-03
A004504,U0869,C012,1.0,4.0,2023-09-12
A004505,U0869,C011,1.0,4.5,2023-10-03
A004506,U0869,C004,0.85,5.0,2023-11-09
A004507,U0869,C015,0.92,,2024-05-02
A004508,U0869,C007,0.91,,2024-03-09
A004509,U0869,C014,0.71,4.0,2024-12-10
A004510,U0870,C012,0.13,4.0,
A004511,U0870,C013,0.24,4.0,
A004512,U0871,C006,0.45,3.5,
A004513,U0872,C011,1.0,,2024-06-29
A004514,U0872,C015,1.0,5.0,2024-11-18
A004515,U0872,C003,0.95,5.0,2024-09-19
A004516,U0872,C009,0.95,4.5,2024-11-03
A004517,U0872,C006,1.0,5.0,2024-10-03
A004518,U0872,C008,0.74,4.5,2024-12-01
A004519,U0872,C005,0.84,,2024-12-10
A004520,U0872,C007,1.0,4.0,2024-11-30
A004521,U0872,C001,0.92,4.5,2024-11-18
A004522,U0872,C012,0.91,5.0,2024-11-23
A004523,U0872,C014,0.84,4.0,2024-12-18
A004524,U0872,C002,0.1,4.0,
A004525,U0873,C006,1.0,5.0,2023-09-17
A004526,U0873,C007,0.84,,
A004527,U0873,C010,0.97,4.0,2023-09-14
A004528,U0873,C012,0.91,,2024-08-15
A004529,U0874,C007,0.62,4.0,
A004530,U0874,C014,0.37,,
A004531,U0874,C006,0.98,,2024-12-30
A004532,U0875,C013,0.42,,
A004533,U0875,C005,0.18,4.0,
A004534,U0875,C003,1.0,,2024-12-30
A004535,U0876,C011,0.6,3.0,
A004536,U0876,C003,0.15,,
A004537,U0877,C004,0.9,,2023-11-28
A004538,U0877,C010,0.3,3.5,
A004539,U0877,C003,0.26,,
A004540,U0877,C011,0.9,4.0,
A004541,U0877,C014,0.74,3.5,2024-11-22
A004542,U0877,C009,0.97,,2024-12-23
A004543,U0877,C001,0.98,,2024-12-30
A004544,U0878,C015,0.53,4.0,
A004545,U0878,C002,0.16,,
A004546,U0878,C003,0.37,2.5,
A004547,U0878,C011,0.21,3.5,
A004548,U0878,C013,0.88,5.0,
A004549,U0878,C001,0.98,,2024-11-11
A004550,U0879,C014,0.39,3.5,
A004551,U0879,C007,1.0,4.5,2023-02-28
A004552,U0879,C012,0.4,3.0,
A004553,U0879,C013,0.49,4.5,
A004554,U0879,C004,0.88,2.5,2024-08-30
A004555,U0879,C010,0.3,1.5,
A004556,U0880,C002,0.16,,
A004557,U0880,C004,1.0,4.5,2024-01-04
A004558,U0880,C006,1.0,,2024-03-16
A004559,U0880,C012,0.92,4.5,2024-10-21
A004560,U0880,C007,0.93,,2024-11-20
A004561,U0880,C011,1.0,3.5,2024-12-17
A004562,U0880,C008,0.82,,2024-12-30
A004563,U0881,C013,1.0,4.5,2024-06-17
A004564,U0881,C008,0.7,4.5,2024-07-07
A004565,U0881,C005,0.3,,
A004566,U0881,C002,0.01,4.0,
A004567,U0881,C007,0.88,4.0,2024-11-03
A004568,U0881,C001,0.75,4.5,
A004569,U0881,C010,1.0,4.5,2024-08-23
A004570,U0881,C011,1.0,4.0,2024-10-19
A004571,U0881,C006,1.0,4.5,2024-11-26
A004572,U0881,C015,0.92,5.0,2024-12-04
A004573,U0881,C003,0.99,5.0,2024-12-27
A004574,U0882,C014,0.26,,
A004575,U0882,C011,0.75,4.5,
A004576,U0882,C008,0.75,4.5,2023-03-30
A004577,U0882,C010,0.9,4.5,2023-08-15
A004578,U0882,C009,1.0,,2023-12-10
A004579,U0882,C002,0.88,5.0,2024-05-04
A004580,U0882,C004,0.9,5.0,2024-02-15
A004581,U0882,C012,0.91,5.0,2024-03-13
A004582,U0882,C005,0.8,4.0,2024-05-28
A004583,U0882,C013,1.0,,2024-08-27
A004584,U0882,C003,1.0,,2024-06-24
A004585,U0882,C007,1.0,4.0,2024-11-25
A004586,U0883,C003,1.0,5.0,2023-01-29
A004587,U0883,C006,0.99,,2022-12-26
A004588,U0883,C009,1.0,,2023-05-12
A004589,U0883,C007,0.97,4.0,2023-04-26
A004590,U0883,C008,0.0,,
A004591,U0883,C002,0.83,,2023-04-23
A004592,U0883,C014,0.0,4.5,
A004593,U0883,C005,0.81,3.5,2024-01-15
A004594,U0883,C010,1.0,,2024-04-08
A004595,U0883,C015,0.89,,2024-03-06
A004596,U0883,C004,0.53,5.0,
A004597,U0883,C001,0.99,5.0,2024-11-15
A004598,U0884,C005,0.77,,2023-07-22
A004599,U0884,C007,1.0,3.0,2024-01-06
A004600,U0884,C011,1.0,4.0,2024-07-02
A004601,U0884,C015,0.92,4.5,2024-06-26
A004602,U0884,C006,0.87,4.0,
A004603,U0884,C008,0.86,,2024-12-18
A004604,U0885,C005,0.88,3.0,2023-03-20
A004605,U0885,C001,0.92,4.5,2023-02-22
A004606,U0885,C013,1.0,,2023-05-29
A004607,U0885,C010,0.88,4.0,2023-07-16
A004608,U0885,C003,0.97,4.0,2024-11-11
A004609,U0885,C007,1.0,4.0,2024-11-26
A004610,U0886,C003,1.0,3.0,2024-01-06
A004611,U0886,C011,1.0,,2024-04-11
A004612,U0886,C015,0.89,,2024-08-31
A004613,U0886,C004,0.44,,
A004614,U0887,C001,0.91,,2024-04-16
A004615,U0887,C003,0.76,4.0,
A004616,U0887,C010,0.69,2.5,
A004617,U0887,C009,0.51,,
A004618,U0888,C007,0.26,4.5,
A004619,U0888,C005,0.72,,2023-09-18
A004620,U0888,C004,0.99,,2023-10-23
A004621,U0888,C001,0.36,5.0,
A004622,U0888,C008,0.72,5.0,2023-12-02
A004623,U0888,C014,0.75,4.5,2023-10-21
A004624,U0888,C015,0.98,4.5,2024-01-31
A004625,U0888,C003,0.97,5.0,2024-06-01
A004626,U0888,C006,0.29,4.5,
A004627,U0888,C012,0.12,4.5,
A004628,U0889,C013,0.7,4.5,
A004629,U0889,C010,0.89,3.0,2024-11-08
A004630,U0889,C014,0.52,3.0,
A004631,U0889,C006,0.97,4.0,2024-11-24
A004632,U0889,C009,0.52,3.0,
A004633,U0889,C003,0.17,5.0,
A004634,U0889,C008,0.13,3.5,
A004635,U0890,C003,0.21,4.5,
A004636,U0890,C004,1.0,,2024-10-01
A004637,U0890,C002,0.93,3.5,2024-10-25
A004638,U0890,C006,1.0,3.5,2024-12-01
A004639,U0891,C013,1.0,4.5,2023-09-08
A004640,U0891,C003,0.89,5.0,2024-01-30
A004641,U0891,C006,1.0,5.0,2024-01-07
A004642,U0891,C001,1.0,4.5,2024-08-11
A004643,U0891,C012,0.89,5.0,2024-08-05
A004644,U0891,C015,0.93,5.0,2024-12-10
A004645,U0892,C006,1.0,,2023-05-14
A004646,U0892,C010,0.98,,2024-03-09
A004647,U0892,C003,1.0,4.0,2024-03-19
A004648,U0892,C008,0.83,4.0,2024-07-30
A004649,U0893,C002,0.74,,
A004650,U0894,C001,0.29,4.5,
A004651,U0894,C012,0.37,,
A004652,U0894,C008,0.88,,2024-08-10
A004653,U0894,C007,0.6,3.5,
A004654,U0895,C002,0.81,,2024-10-15
A004655,U0895,C015,0.19,5.0,
A004656,U0895,C012,0.95,,2024-12-10
A004657,U0896,C006,1.0,,2024-01-28
A004658,U0896,C009,0.94,4.0,2024-06-01
A004659,U0896,C004,1.0,,2024-02-09
A004660,U0896,C007,0.95,4.0,2024-06-02
A004661,U0896,C014,0.76,4.0,2024-06-27
A004662,U0896,C010,0.74,5.0,
A004663,U0897,C009,0.99,4.5,2024-03-30
A004664,U0897,C003,1.0,,2024-03-11
A004665,U0897,C002,0.94,5.0,2024-04-02
A004666,U0897,C014,0.66,,2024-03-04
A004667,U0897,C013,1.0,4.5,2024-09-01
A004668,U0897,C015,0.84,5.0,2024-11-01
A004669,U0897,C008,0.74,,2024-10-15
A004670,U0897,C005,0.86,,2024-12-24
A004671,U0897,C012,0.32,5.0,
A004672,U0898,C008,0.79,,2024-03-18
A004673,U0898,C005,0.12,5.0,
A004674,U0898,C001,1.0,5.0,2024-09-19
A004675,U0898,C004,0.64,3.0,
A004676,U0898,C014,0.78,3.5,2024-11-06
A004677,U0899,C003,0.27,5.0,
A004678,U0899,C012,0.59,3.5,
A004679,U0899,C007,0.92,,2024-04-22
A004680,U0900,C015,0.25,,
A004681,U0900,C012,0.71,3.0,
A004682,U0901,C008,0.85,3.5,2024-09-11
A004683,U0901,C013,1.0,4.5,2024-09-18
A004684,U0901,C003,0.99,,2024-10-02
A004685,U0901,C015,0.85,4.5,2024-12-09
A004686,U0902,C010,0.45,5.0,
A004687,U0902,C014,0.75,,2024-04-29
A004688,U0902,C013,1.0,,2024-03-29
A004689,U0902,C009,1.0,4.0,2024-07-11
A004690,U0902,C004,0.94,4.5,2024-07-21
A004691,U0902,C015,1.0,4.0,2024-10-10
A004692,U0902,C011,1.0,3.5,2024-12-27
A004693,U0903,C004,0.9,5.0,2023-02-03
A004694,U0903,C007,0.93,3.0,2023-08-31
A004695,U0903,C011,0.2,4.5,
A004696,U0904,C012,0.99,5.0,2024-03-19
A004697,U0904,C015,0.52,,
A004698,U0904,C010,0.85,3.0,
A004699,U0904,C013,0.46,,
A004700,U0904,C002,0.53,2.0,
A004701,U0904,C008,0.0,,
A004702,U0905,C014,0.27,,
A004703,U0905,C001,0.18,3.5,
A004704,U0905,C008,0.86,2.5,2024-04-04
A004705,U0905,C013,0.27,,
A004706,U0906,C014,0.67,3.5,2024-05-26
A004707,U0906,C011,0.98,4.5,2024-04-01
A004708,U0907,C002,0.16,2.5,
A004709,U0907,C006,0.19,4.0,
A004710,U0907,C012,0.58,3.0,
A004711,U0907,C004,0.74,,
A004712,U0907,C005,0.15,4.0,
A004713,U0908,C007,0.8,3.0,
A004714,U0908,C009,0.49,4.5,
A004715,U0908,C014,0.84,4.0,2024-01-31
A004716,U0908,C001,1.0,4.0,2024-08-21
A004717,U0908,C003,0.92,4.0,2024-09-17
A004718,U0909,C014,0.0,3.0,
A004719,U0909,C010,0.44,4.5,
A004720,U0909,C002,0.62,,
A004721,U0909,C013,0.35,2.5,
A004722,U0910,C012,1.0,3.5,2023-10-19
A004723,U0910,C013,1.0,3.5,2024-01-29
A004724,U0910,C008,0.79,4.0,2024-02-29
A004725,U0910,C009,0.96,4.5,2024-01-17
A004726,U0910,C006,0.64,4.5,
A004727,U0910,C003,0.76,4.5,
A004728,U0910,C007,0.92,,2024-09-20
A004729,U0911,C008,0.3,4.5,
A004730,U0911,C009,0.37,,
A004731,U0911,C007,0.48,3.5,
A004732,U0911,C006,0.76,3.5,
A004733,U0912,C012,0.39,3.0,
A004734,U0912,C015,0.58,3.5,
A004735,U0912,C006,0.8,3.0,
A004736,U0912,C004,0.83,,
A004737,U0912,C009,0.27,,
A004738,U0912,C003,0.89,4.0,2024-09-22
A004739,U0913,C010,0.23,3.0,
A004740,U0913,C009,1.0,3.5,2023-11-01
A004741,U0914,C014,0.68,4.0,2024-05-20
A004742,U0914,C005,0.01,4.5,
A004743,U0914,C015,0.97,,2024-07-07
A004744,U0914,C011,0.77,,
A004745,U0914,C002,0.77,3.5,2024-09-30
A004746,U0915,C008,0.44,4.5,
A004747,U0915,C001,0.98,4.0,2024-07-29
A004748,U0915,C009,1.0,,2024-08-24
A004749,U0915,C002,0.41,,
A004750,U0915,C007,0.44,4.0,
A004751,U0915,C012,1.0,4.5,2024-12-08
A004752,U0916,C001,1.0,4.5,2024-09-30
A004753,U0916,C004,0.48,4.5,
A004754,U0917,C008,0.77,,2024-07-18
A004755,U0917,C001,1.0,,2024-10-21
A004756,U0917,C011,1.0,4.0,2024-11-21
A004757,U0918,C013,1.0,4.5,2024-09-18
A004758,U0918,C008,0.74,,2024-11-12
A004759,U0918,C002,0.9,4.5,2024-10-07
A004760,U0918,C001,0.94,,2024-12-20
A004761,U0918,C007,1.0,4.0,2024-11-30
A004762,U0918,C004,0.99,4.0,2024-11-23
A004763,U0919,C011,0.99,,2023-12-04
A004764,U0919,C009,0.67,,
A004765,U0919,C013,1.0,5.0,2024-04-14
A004766,U0919,C001,0.63,,
A004767,U0919,C007,0.13,,
A004768,U0920,C005,0.78,4.5,2023-01-12
A004769,U0920,C006,1.0,5.0,2023-03-31
A004770,U0920,C011,1.0,4.5,2023-02-27
A004771,U0920,C015,0.98,,2024-06-09
A004772,U0920,C008,0.69,4.0,2024-12-31
A004773,U0921,C009,1.0,4.5,2024-12-20
A004774,U0922,C009,1.0,4.0,2023-10-13
A004775,U0922,C011,0.99,,2023-07-22
A004776,U0922,C010,0.65,,
A004777,U0922,C002,0.82,,2024-08-20
A004778,U0923,C002,0.5,4.0,
A004779,U0923,C004,0.53,2.5,
A004780,U0924,C015,0.79,3.5,
A004781,U0924,C014,0.23,2.0,
A004782,U0925,C012,0.92,,2024-03-13
A004783,U0925,C014,0.01,,
A004784,U0925,C009,0.66,3.5,
A004785,U0925,C007,0.68,3.5,
A004786,U0926,C011,0.46,,
A004787,U0926,C001,0.71,,
A004788,U0926,C014,0.34,,
A004789,U0926,C003,0.54,3.0,
A004790,U0926,C004,0.7,4.0,
A004791,U0926,C007,0.68,3.0,
A004792,U0927,C004,0.93,,2023-02-27
A004793,U0927,C007,0.85,,
A004794,U0927,C014,0.7,4.0,2023-12-18
A004795,U0927,C013,1.0,,2024-04-15
A004796,U0927,C003,0.98,4.0,2024-08-03
A004797,U0927,C010,0.48,5.0,
A004798,U0927,C009,0.95,,2024-12-16
A004799,U0927,C012,1.0,,2024-12-28
A004800,U0928,C001,0.34,4.5,
A004801,U0928,C006,0.98,4.0,2024-08-27
A004802,U0928,C010,0.9,,2024-09-22
A004803,U0928,C011,0.96,3.5,2024-12-09
A004804,U0929,C015,0.87,3.5,2024-12-25
A004805,U0929,C006,0.65,4.5,
A004806,U0929,C011,0.95,,2024-12-05
A004807,U0929,C002,0.76,,2024-10-30
A004808,U0929,C005,0.26,4.0,
A004809,U0930,C010,0.93,4.5,2024-09-08
A004810,U0930,C009,0.21,4.0,
A004811,U0930,C001,0.21,,
A004812,U0931,C002,0.13,,
A004813,U0931,C007,0.92,3.5,2023-08-31
A004814,U0931,C008,0.69,,2023-12-03
A004815,U0931,C010,0.72,,
A004816,U0931,C014,0.76,4.0,2024-10-22
A004817,U0931,C013,1.0,4.0,2024-11-04
A004818,U0932,C002,0.8,4.0,2023-10-25
A004819,U0932,C013,1.0,5.0,2023-12-03
A004820,U0932,C007,1.0,,2024-02-21
A004821,U0932,C015,0.74,4.5,
A004822,U0932,C001,1.0,,2024-06-22
A004823,U0932,C014,0.76,4.5,2024-12-05
A004824,U0932,C009,0.93,4.5,2024-12-14
A004825,U0932,C010,1.0,5.0,2024-12-30
A004826,U0933,C008,0.1,,
A004827,U0933,C009,1.0,3.0,2024-12-30
A004828,U0934,C013,0.6,,
A004829,U0934,C009,0.33,4.5,
A004830,U0934,C004,0.88,3.5,2024-11-14
A004831,U0935,C011,0.33,2.5,
A004832,U0935,C010,0.99,3.5,2024-12-15
A004833,U0935,C009,0.7,5.0,
A004834,U0935,C003,0.86,3.0,
A004835,U0935,C006,0.9,,
A004836,U0935,C002,0.81,2.5,2024-12-12
A004837,U0935,C001,0.39,3.5,
A004838,U0936,C012,0.96,,2023-07-27
A004839,U0936,C013,1.0,4.5,2024-04-26
A004840,U0936,C005,0.04,3.0,
A004841,U0936,C007,0.65,4.0,
A004842,U0936,C002,0.83,4.5,2024-11-16
A004843,U0936,C009,0.91,4.5,2024-12-08
A004844,U0936,C015,0.89,4.0,2024-12-19
A004845,U0937,C015,0.63,,
A004846,U0937,C009,0.23,4.0,
A004847,U0937,C007,0.63,,
A004848,U0937,C001,0.3,4.0,
A004849,U0937,C012,0.72,3.5,
A004850,U0937,C003,0.79,4.5,
A004851,U0937,C006,0.37,3.5,
A004852,U0937,C004,0.84,3.0,
A004853,U0937,C010,0.62,3.5,
A004854,U0938,C005,0.52,4.5,
A004855,U0938,C015,0.76,4.0,
A004856,U0938,C007,0.94,3.0,2024-05-24
A004857,U0939,C009,0.95,4.0,2023-09-06
A004858,U0939,C003,0.99,,2024-02-04
A004859,U0939,C010,0.88,4.0,2024-12-29
A004860,U0939,C012,0.99,4.5,2024-12-24
A004861,U0940,C001,1.0,4.5,2024-12-03
A004862,U0940,C007,0.89,4.5,2024-12-04
A004863,U0940,C008,0.81,4.0,2024-11-16
A004864,U0940,C013,0.85,5.0,
A004865,U0940,C009,0.47,4.5,
A004866,U0940,C003,0.99,,2024-12-14
A004867,U0940,C011,0.98,4.0,2024-11-10
A004868,U0941,C004,0.55,4.0,
A004869,U0941,C001,0.93,4.5,2024-09-23
A004870,U0941,C014,0.56,4.0,
A004871,U0941,C013,0.93,4.0,
A004872,U0941,C003,0.12,4.0,
A004873,U0941,C006,0.54,3.5,
A004874,U0941,C008,0.82,1.5,2024-10-02
A004875,U0941,C010,0.33,3.5,
A004876,U0941,C007,0.34,3.0,
A004877,U0941,C015,0.26,,
A004878,U0942,C007,0.82,4.0,
A004879,U0942,C011,0.35,,
A004880,U0942,C001,0.94,4.5,2024-09-06
A004881,U0942,C009,0.95,4.5,2024-09-23
A004882,U0942,C012,1.0,,2024-10-20
A004883,U0943,C013,1.0,5.0,2024-10-28
A004884,U0943,C002,0.77,4.5,2024-10-12
A004885,U0943,C005,0.87,,2024-12-11
A004886,U0943,C011,1.0,4.5,2024-12-13
A004887,U0943,C001,1.0,,2024-11-13
A004888,U0943,C007,0.98,,2024-11-06
A004889,U0943,C015,0.95,,2024-12-25
A004890,U0943,C006,1.0,5.0,2024-12-11
A004891,U0943,C012,0.96,4.5,2024-12-15
A004892,U0944,C013,0.65,2.5,
A004893,U0944,C005,0.89,4.0,2024-08-21
A004894,U0944,C014,0.1,,
A004895,U0944,C012,0.39,4.0,
A004896,U0944,C011,0.46,3.5,
A004897,U0944,C004,0.79,,
A004898,U0945,C010,0.99,,2024-10-18
A004899,U0945,C011,1.0,,2024-08-30
A004900,U0945,C007,0.63,3.5,
A004901,U0945,C015,0.4,,
A004902,U0945,C014,0.0,3.0,
A004903,U0945,C001,0.46,2.5,
A004904,U0945,C005,0.51,2.5,
A004905,U0945,C008,0.49,3.5,
A004906,U0946,C002,0.9,4.0,2024-09-23
A004907,U0946,C008,0.76,4.0,2024-10-04
A004908,U0946,C006,1.0,,2024-11-27
A004909,U0946,C011,0.98,4.0,2024-07-19
A004910,U0946,C015,0.91,,2024-09-16
A004911,U0946,C014,0.82,,2024-09-17
A004912,U0946,C003,0.34,5.0,
A004913,U0946,C004,0.87,4.5,2024-12-25
A004914,U0946,C001,1.0,4.5,2024-11-23
A004915,U0946,C013,1.0,4.5,2024-12-28
A004916,U0946,C010,0.93,4.5,2024-11-15
A004917,U0946,C012,0.99,,2024-11-27
A004918,U0947,C007,0.82,2.5,
A004919,U0947,C014,0.01,2.0,
A004920,U0947,C001,0.35,,
A004921,U0947,C006,0.5,3.0,
A004922,U0947,C008,0.23,,
A004923,U0947,C009,1.0,3.5,2024-06-07
A004924,U0947,C003,0.55,3.0,
A004925,U0947,C004,0.16,,
A004926,U0948,C002,0.01,5.0,
A004927,U0948,C011,0.71,3.0,
A004928,U0948,C008,0.61,2.5,
A004929,U0948,C005,0.62,4.0,
A004930,U0948,C012,0.11,3.5,
A004931,U0948,C007,1.0,3.5,2024-02-12
A004932,U0948,C001,0.5,3.5,
A004933,U0948,C014,0.0,,
A004934,U0948,C010,1.0,,2024-10-15
A004935,U0948,C006,0.21,4.5,
A004936,U0949,C001,0.73,,
A004937,U0949,C013,0.51,,
A004938,U0949,C015,0.79,2.5,
A004939,U0949,C011,0.36,4.5,
A004940,U0949,C005,0.22,,
A004941,U0949,C003,0.28,4.0,
A004942,U0949,C002,0.68,3.5,
A004943,U0949,C012,1.0,3.0,2024-12-10
A004944,U0949,C010,0.94,4.5,2024-11-19
A004945,U0949,C007,0.59,2.5,
A004946,U0950,C011,0.73,4.0,
A004947,U0951,C002,0.07,3.0,
A004948,U0952,C002,0.85,4.0,2024-10-16
A004949,U0952,C012,0.97,5.0,2024-09-12
A004950,U0952,C005,0.9,,2024-11-13
A004951,U0952,C011,0.54,,
A004952,U0952,C006,0.99,5.0,2024-11-01
A004953,U0952,C009,1.0,5.0,2024-09-15
A004954,U0952,C010,0.94,,2024-11-21
A004955,U0952,C013,1.0,4.5,2024-12-30
A004956,U0952,C001,1.0,,2024-12-24
A004957,U0952,C007,0.91,4.0,2024-11-04
A004958,U0952,C004,0.95,5.0,2024-12-04
A004959,U0952,C014,0.0,3.5,
A004960,U0953,C011,0.67,,
A004961,U0953,C010,0.95,,2024-11-27
A004962,U0953,C013,0.48,3.5,
A004963,U0954,C009,0.34,,
A004964,U0954,C003,1.0,4.5,2023-10-26
A004965,U0954,C002,0.87,4.0,2023-10-16
A004966,U0954,C008,0.16,4.0,
A004967,U0954,C005,0.73,,2024-06-30
A004968,U0955,C002,0.62,5.0,
A004969,U0956,C009,0.48,,
A004970,U0956,C015,0.07,3.5,
A004971,U0956,C011,0.2,,
A004972,U0956,C002,0.47,2.5,
A004973,U0956,C004,0.67,4.0,
A004974,U0957,C005,0.03,3.5,
A004975,U0957,C007,0.94,3.5,2023-11-27
A004976,U0957,C010,0.9,,2024-04-27
A004977,U0957,C014,0.69,3.5,2024-12-26
A004978,U0958,C008,0.39,,
A004979,U0958,C007,0.98,3.5,2023-06-30
A004980,U0958,C005,0.17,3.0,
A004981,U0958,C002,0.33,4.0,
A004982,U0958,C006,0.95,3.5,2024-04-25
A004983,U0959,C008,0.82,4.0,2023-07-11
A004984,U0960,C015,0.16,2.5,
A004985,U0960,C009,0.28,4.5,
A004986,U0960,C004,0.52,4.0,
A004987,U0960,C008,0.35,,
A004988,U0960,C012,0.98,4.0,2024-08-15
A004989,U0960,C007,0.42,,
A004990,U0960,C006,0.58,4.0,
A004991,U0960,C003,0.35,3.5,
A004992,U0960,C005,0.0,,
A004993,U0961,C007,0.92,,2023-12-01
A004994,U0961,C009,0.27,4.0,
A004995,U0961,C006,0.88,5.0,
A004996,U0961,C005,0.74,,2024-09-22
A004997,U0961,C003,0.56,4.0,
A004998,U0962,C002,0.64,3.0,
A004999,U0962,C013,0.95,4.0,
A005000,U0963,C001,0.98,4.5,2023-06-19
A005001,U0963,C007,1.0,4.0,2023-10-23
A005002,U0963,C011,1.0,3.0,2024-05-31
A005003,U0963,C013,1.0,,2024-04-04
A005004,U0963,C009,1.0,,2024-10-27
A005005,U0963,C010,0.27,4.0,
A005006,U0964,C002,0.6,3.5,
A005007,U0964,C013,1.0,,2023-08-28
A005008,U0964,C009,0.28,4.5,
A005009,U0964,C014,0.65,4.5,2024-10-17
A005010,U0965,C013,0.53,4.0,
A005011,U0965,C015,0.95,2.5,2024-02-20
A005012,U0965,C007,0.7,,
A005013,U0965,C011,1.0,,2024-03-11
A005014,U0965,C010,0.1,3.5,
A005015,U0965,C012,0.54,,
A005016,U0966,C006,1.0,5.0,2024-06-02
A005017,U0966,C010,0.7,4.0,
A005018,U0966,C004,0.97,4.5,2024-09-02
A005019,U0966,C003,0.74,,
A005020,U0966,C014,0.68,4.0,2024-12-24
A005021,U0967,C004,0.9,5.0,2022-08-30
A005022,U0967,C001,0.74,,
A005023,U0967,C013,1.0,,2022-12-29
A005024,U0967,C012,0.12,3.0,
A005025,U0968,C006,0.78,4.0,
A005026,U0968,C003,0.77,,
A005027,U0968,C007,0.25,,
A005028,U0969,C006,0.8,,
A005029,U0969,C004,0.14,4.5,
A005030,U0969,C010,0.72,,
A005031,U0969,C015,0.3,3.5,
A005032,U0969,C002,0.19,3.0,
A005033,U0969,C013,1.0,3.5,2024-11-09
A005034,U0969,C001,0.64,,
A005035,U0969,C012,0.55,3.0,
A005036,U0970,C005,0.82,3.5,2023-04-29
A005037,U0970,C002,0.33,4.5,
A005038,U0970,C001,0.22,,
A005039,U0970,C009,0.22,4.5,
A005040,U0970,C014,0.65,3.5,2024-02-19
A005041,U0970,C007,1.0,,2024-05-11
A005042,U0970,C012,0.95,,2024-11-07
A005043,U0970,C013,1.0,4.0,2024-12-22
A005044,U0970,C010,0.94,,2024-12-05
A005045,U0970,C006,1.0,4.5,2024-11-25
A005046,U0971,C008,0.72,4.5,2023-11-11
A005047,U0971,C012,0.54,5.0,
A005048,U0971,C003,1.0,5.0,2024-05-05
A005049,U0971,C002,0.91,3.0,2024-05-29
A005050,U0971,C005,0.6,5.0,
A005051,U0971,C006,0.96,4.5,2024-08-16
A005052,U0971,C010,0.9,5.0,2024-12-24
A005053,U0971,C007,0.95,4.0,2024-12-14
A005054,U0972,C001,0.98,4.0,2024-01-04
A005055,U0972,C004,0.07,3.5,
A005056,U0972,C015,0.98,,2024-12-27
A005057,U0973,C001,1.0,5.0,2023-02-21
A005058,U0973,C011,0.98,,2023-07-03
A005059,U0973,C013,0.24,5.0,
A005060,U0973,C003,1.0,5.0,2023-12-28
A005061,U0973,C002,0.84,4.0,2024-06-15
A005062,U0973,C014,0.81,,2024-07-28
A005063,U0973,C007,0.89,4.5,2024-08-30
A005064,U0973,C015,0.83,4.0,2024-09-16
A005065,U0973,C004,0.88,,2024-09-23
A005066,U0973,C008,0.87,5.0,2024-11-19
A005067,U0973,C006,0.48,5.0,
A005068,U0973,C005,0.87,4.0,2024-12-28
A005069,U0974,C011,0.97,4.0,2023-09-16
A005070,U0974,C006,0.93,5.0,2023-09-27
A005071,U0974,C013,1.0,,2024-10-26
A005072,U0974,C001,1.0,,2024-11-24
A005073,U0975,C006,0.98,4.5,2023-03-25
A005074,U0975,C008,0.05,3.5,
A005075,U0975,C014,0.37,4.0,
A005076,U0975,C002,0.32,3.5,
A005077,U0975,C004,0.46,4.5,
A005078,U0975,C005,0.76,2.5,2024-11-27
A005079,U0976,C008,0.85,4.5,2023-11-04
A005080,U0976,C012,1.0,4.5,2024-07-11
A005081,U0976,C013,0.52,,
A005082,U0976,C002,0.72,4.0,
A005083,U0977,C014,0.05,3.0,
A005084,U0977,C011,0.88,4.5,
A005085,U0977,C007,0.26,4.0,
A005086,U0978,C012,0.94,3.5,2024-12-19
A005087,U0978,C006,0.14,4.0,
A005088,U0978,C001,0.6,5.0,
A005089,U0978,C014,0.67,4.0,2024-12-27
A005090,U0979,C012,0.38,,
A005091,U0979,C001,1.0,3.5,2024-06-12
A005092,U0979,C004,0.65,3.0,
A005093,U0979,C015,0.45,4.0,
A005094,U0979,C008,0.66,3.5,
A005095,U0979,C002,0.54,,
A005096,U0979,C009,0.48,,
A005097,U0979,C014,0.56,,
A005098,U0980,C007,0.97,2.5,2024-01-15
A005099,U0980,C013,1.0,3.5,2024-01-09
A005100,U0980,C009,0.95,4.5,2024-02-01
A005101,U0980,C003,1.0,3.5,2024-05-21
A005102,U0981,C005,0.71,,2024-05-04
A005103,U0981,C009,1.0,4.5,2024-04-13
A005104,U0981,C013,1.0,5.0,2024-01-21
A005105,U0981,C006,0.84,,
A005106,U0981,C007,0.98,,2024-04-04
A005107,U0981,C015,0.68,4.5,
A005108,U0981,C008,0.87,4.0,2024-12-31
A005109,U0982,C006,1.0,,2024-04-06
A005110,U0982,C005,0.85,4.5,2024-05-09
A005111,U0982,C013,1.0,5.0,2024-01-26
A005112,U0982,C001,1.0,5.0,2024-06-18
A005113,U0982,C009,1.0,,2024-12-14
A005114,U0983,C004,0.99,5.0,2024-11-21
A005115,U0983,C014,0.78,,2024-11-22
A005116,U0983,C002,0.86,,2024-11-04
A005117,U0983,C008,0.68,4.0,2024-10-07
A005118,U0983,C009,1.0,5.0,2024-11-16
A005119,U0983,C011,0.9,,
A005120,U0984,C005,0.48,3.5,
A005121,U0984,C002,0.83,3.0,2023-11-18
A005122,U0984,C006,0.93,,2024-04-23
A005123,U0984,C014,0.78,3.5,2023-12-29
A005124,U0984,C015,1.0,3.0,2024-09-09
A005125,U0985,C010,0.87,,2023-07-18
A005126,U0985,C006,0.18,4.5,
A005127,U0985,C003,1.0,,2024-08-10
A005128,U0985,C007,1.0,4.0,2024-12-22
A005129,U0986,C002,0.86,4.5,2023-03-09
A005130,U0986,C014,0.0,4.5,
A005131,U0986,C004,0.91,,2024-07-14
A005132,U0986,C010,0.86,,2024-09-08
A005133,U0986,C011,1.0,,2024-11-03
A005134,U0986,C008,0.7,,2024-11-17
A005135,U0986,C009,0.99,4.0,2024-12-24
A005136,U0987,C012,0.2,,
A005137,U0987,C013,0.39,3.5,
A005138,U0987,C004,0.3,4.5,
A005139,U0987,C001,0.79,4.0,
A005140,U0987,C014,0.52,3.0,
A005141,U0987,C003,0.86,4.0,
A005142,U0988,C009,0.44,,
A005143,U0988,C012,0.83,3.5,
A005144,U0988,C006,0.35,3.0,
A005145,U0988,C011,0.31,,
A005146,U0988,C001,0.68,3.5,
A005147,U0988,C014,0.36,4.0,
A005148,U0988,C010,1.0,3.5,2024-07-14
A005149,U0988,C013,0.52,3.5,
A005150,U0988,C003,0.34,2.5,
A005151,U0988,C005,0.42,3.5,
A005152,U0989,C011,0.98,4.0,2022-07-26
A005153,U0989,C013,1.0,,2023-03-21
A005154,U0989,C003,0.51,4.0,
A005155,U0989,C014,0.74,,2024-09-04
A005156,U0989,C001,0.5,,
A005157,U0989,C015,0.93,,2024-12-29
A005158,U0990,C012,1.0,4.5,2024-05-19
A005159,U0990,C001,0.91,,2024-09-21
A005160,U0990,C005,0.83,,2024-12-11
A005161,U0990,C004,0.89,4.0,2024-10-25
A005162,U0990,C006,0.98,5.0,2024-12-11
A005163,U0990,C013,1.0,3.0,2024-12-04
A005164,U0990,C003,1.0,,2024-12-06
A005165,U0991,C012,0.16,5.0,
A005166,U0991,C001,0.8,4.5,
A005167,U0991,C007,1.0,,2024-02-27
A005168,U0991,C006,1.0,4.5,2024-06-23
A005169,U0992,C009,0.97,4.0,2023-05-07
A005170,U0993,C012,1.0,3.5,2023-10-06
A005171,U0994,C007,0.9,4.0,2023-03-05
A005172,U0994,C009,0.96,,2023-03-13
A005173,U0994,C002,0.78,,2023-05-27
A005174,U0994,C015,0.95,4.5,2023-09-17
A005175,U0994,C008,0.84,4.5,2023-10-28
A005176,U0994,C004,0.91,,2024-04-27
A005177,U0994,C011,1.0,,2024-08-19
A005178,U0994,C010,1.0,4.0,2024-11-06
A005179,U0994,C006,0.58,,
A005180,U0994,C012,0.98,4.5,2024-12-06
A005181,U0994,C005,0.71,4.5,2024-12-05
A005182,U0995,C014,0.25,4.5,
A005183,U0995,C001,0.92,,2023-05-02
A005184,U0995,C012,1.0,4.5,2023-06-11
A005185,U0995,C002,0.86,,2024-08-31
A005186,U0995,C010,0.96,4.5,2024-09-08
A005187,U0995,C005,0.75,4.5,2024-06-04
A005188,U0995,C015,0.99,,2024-08-21
A005189,U0995,C003,0.91,4.5,2024-10-17
A005190,U0995,C011,1.0,4.5,2024-12-28
A005191,U0996,C004,0.95,,2022-04-19
A005192,U0996,C015,0.54,4.5,
A005193,U0996,C010,0.95,,2022-06-20
A005194,U0996,C013,1.0,5.0,2022-09-12
A005195,U0996,C011,0.74,,
A005196,U0996,C005,0.76,,2023-01-11
A005197,U0996,C008,0.8,4.0,2023-09-04
A005198,U0996,C006,0.96,5.0,2024-06-21
A005199,U0996,C009,0.97,5.0,2024-09-30
A005200,U0996,C002,0.9,4.5,2024-08-18
A005201,U0996,C007,0.31,4.0,
A005202,U0997,C013,1.0,4.0,2023-11-09
A005203,U0997,C014,0.75,3.0,2024-03-27
A005204,U0997,C009,0.91,3.5,2024-06-08
A005205,U0998,C010,0.93,3.5,2024-05-21
A005206,U0998,C008,0.86,4.0,2024-07-18
A005207,U0998,C009,0.65,4.0,
A005208,U0999,C012,1.0,4.0,2024-02-22
A005209,U0999,C001,0.82,4.5,
A005210,U0999,C013,0.84,4.0,
A005211,U0999,C010,0.29,3.5,
A005212,U0999,C005,0.76,4.0,2024-08-07
A005213,U0999,C003,0.98,5.0,2024-09-01
A005214,U0999,C011,1.0,4.0,2024-11-27
A005215,U1000,C005,0.76,3.5,2024-04-16
A005216,U1000,C001,1.0,,2024-07-26
A005217,U1000,C013,0.63,,
