purchase_id,customer_id,course_id,purchase_date,amount_paid
P000001,U0001,C004,2022-11-11,99
P000002,U0001,C013,2023-01-02,69
P000003,U0001,C008,2023-09-05,29
P000004,U0001,C014,2024-10-18,79
P000005,U0002,C014,2023-01-08,79
P000006,U0002,C007,2023-12-04,19
P000007,U0002,C008,2024-09-23,29
P000008,U0003,C001,2023-09-12,99
P000009,U0003,C012,2024-04-01,49
P000010,U0004,C008,2024-10-08,29
P000011,U0004,C009,2024-10-10,39
P000012,U0004,C013,2024-10-20,69
P000013,U0004,C006,2024-10-26,49
P000014,U0004,C011,2024-10-30,79
P000015,U0004,C012,2024-10-30,49
P000016,U0004,C004,2024-11-03,99
P000017,U0004,C001,2024-11-06,99
P000018,U0004,C002,2024-11-07,89
P000019,U0004,C014,2024-11-09,79
P000020,U0004,C010,2024-11-10,49
P000021,U0004,C015,2024-11-10,89
P000022,U0005,C008,2022-11-30,29
P000023,U0005,C011,2023-02-04,79
P000024,U0005,C006,2023-07-19,49
P000025,U0005,C004,2024-05-14,99
P000026,U0005,C002,2024-07-02,89
P000027,U0005,C014,2024-08-21,79
P000028,U0005,C009,2024-08-28,39
P000029,U0006,C005,2023-03-27,49
P000030,U0006,C006,2023-05-30,49
P000031,U0006,C007,2023-12-04,19
P000032,U0006,C012,2024-04-24,49
P000033,U0006,C011,2024-07-15,79
P000034,U0007,C004,2023-02-10,99
P000035,U0007,C003,2024-01-17,79
P000036,U0007,C005,2024-01-25,49
P000037,U0008,C010,2024-12-12,49
P000038,U0009,C015,2023-05-26,89
P000039,U0009,C005,2024-06-04,49
P000040,U0009,C002,2024-07-13,89
P000041,U0009,C011,2024-07-22,79
P000042,U0009,C012,2024-07-23,49
P000043,U0009,C010,2024-08-01,49
P000044,U0009,C009,2024-08-04,39
P000045,U0009,C013,2024-08-19,69
P000046,U0009,C014,2024-11-02,79
P000047,U0009,C004,2024-11-06,99
P000048,U0010,C012,2023-09-21,49
P000049,U0010,C002,2023-10-29,89
P000050,U0010,C010,2023-12-14,49
P000051,U0010,C009,2024-01-12,39
P000052,U0010,C003,2024-02-24,79
P000053,U0010,C006,2024-08-23,49
P000054,U0010,C008,2024-11-13,29
P000055,U0011,C001,2024-02-08,99
P000056,U0011,C010,2024-03-21,49
P000057,U0011,C012,2024-05-29,49
P000058,U0011,C014,2024-08-17,79
P000059,U0011,C003,2024-09-18,79
P000060,U0012,C008,2023-05-12,29
P000061,U0012,C013,2024-08-18,69
P000062,U0012,C004,2024-10-14,99
P000063,U0013,C001,2023-03-20,99
P000064,U0013,C003,2023-04-18,79
P000065,U0014,C012,2023-10-06,49
P000066,U0015,C004,2023-01-25,99
P000067,U0015,C003,2024-03-09,79
P000068,U0015,C005,2024-10-18,49
P000069,U0016,C005,2024-04-28,49
P000070,U0016,C001,2024-05-17,99
P000071,U0016,C007,2024-06-17,19
P000072,U0016,C014,2024-07-25,79
P000073,U0016,C008,2024-09-08,29
P000074,U0016,C002,2024-09-16,89
P000075,U0016,C012,2024-10-07,49
P000076,U0017,C002,2023-08-02,89
P000077,U0017,C003,2023-08-26,79
P000078,U0017,C006,2024-01-19,49
P000079,U0017,C009,2024-02-25,39
P000080,U0017,C008,2024-06-24,29
P000081,U0017,C010,2024-10-24,49
P000082,U0018,C014,2024-06-18,79
P000083,U0018,C002,2024-07-08,89
P000084,U0018,C001,2024-07-21,99
P000085,U0018,C004,2024-09-08,99
P000086,U0018,C009,2024-09-14,39
P000087,U0018,C013,2024-10-04,69
P000088,U0018,C012,2024-10-11,49
P000089,U0018,C008,2024-10-27,29
P000090,U0018,C007,2024-11-18,19
P000091,U0018,C010,2024-11-22,49
P000092,U0019,C013,2024-07-25,69
P000093,U0019,C007,2024-07-30,19
P000094,U0019,C003,2024-09-03,79
P000095,U0019,C004,2024-09-08,99
P000096,U0019,C015,2024-09-10,89
P000097,U0019,C005,2024-09-29,49
P000098,U0019,C008,2024-10-13,29
P000099,U0019,C001,2024-10-17,99
P000100,U0019,C010,2024-11-07,49
P000101,U0020,C003,2024-01-04,79
P000102,U0020,C013,2024-01-06,69
P000103,U0020,C014,2024-01-25,79
P000104,U0020,C001,2024-02-19,99
P000105,U0021,C006,2023-10-09,49
P000106,U0021,C004,2023-10-12,99
P000107,U0021,C007,2024-02-01,19
P000108,U0021,C012,2024-02-04,49
P000109,U0021,C013,2024-09-29,69
P000110,U0022,C005,2024-01-16,49
P000111,U0022,C012,2024-01-16,49
P000112,U0022,C010,2024-02-04,49
P000113,U0022,C015,2024-03-16,89
P000114,U0022,C004,2024-04-30,99
P000115,U0023,C007,2022-01-24,19
P000116,U0023,C011,2024-04-11,79
P000117,U0023,C006,2024-12-01,49
P000118,U0024,C004,2024-10-23,99
P000119,U0024,C012,2024-10-24,49
P000120,U0024,C015,2024-11-03,89
P000121,U0024,C013,2024-11-13,69
P000122,U0024,C002,2024-12-04,89
P000123,U0024,C014,2024-12-05,79
P000124,U0024,C001,2024-12-20,99
P000125,U0024,C010,2024-12-20,49
P000126,U0024,C009,2024-12-20,39
P000127,U0025,C011,2023-08-30,79
P000128,U0025,C005,2023-12-19,49
P000129,U0025,C014,2024-12-22,79
P000130,U0026,C006,2024-03-04,49
P000131,U0026,C005,2024-03-20,49
P000132,U0026,C015,2024-12-16,89
P000133,U0027,C008,2023-03-04,29
P000134,U0027,C001,2023-04-16,99
P000135,U0027,C004,2024-07-18,99
P000136,U0027,C009,2024-07-18,39
P000137,U0027,C012,2024-12-05,49
P000138,U0028,C010,2024-05-18,49
P000139,U0028,C006,2024-06-30,49
P000140,U0028,C009,2024-10-26,39
P000141,U0028,C011,2024-11-22,79
P000142,U0029,C015,2022-08-07,89
P000143,U0029,C006,2022-09-17,49
P000144,U0029,C011,2023-01-26,79
P000145,U0029,C009,2023-05-01,39
P000146,U0029,C003,2023-09-11,79
P000147,U0029,C008,2023-09-16,29
P000148,U0029,C014,2023-12-14,79
P000149,U0029,C005,2023-12-28,49
P000150,U0029,C013,2024-05-10,69
P000151,U0029,C002,2024-05-12,89
P000152,U0029,C012,2024-12-18,49
P000153,U0029,C004,2024-12-29,99
P000154,U0030,C014,2022-09-06,79
P000155,U0030,C007,2022-09-30,19
P000156,U0030,C013,2023-05-14,69
P000157,U0030,C005,2023-10-29,49
P000158,U0030,C012,2024-06-17,49
P000159,U0031,C006,2023-09-13,49
P000160,U0031,C008,2023-09-18,29
P000161,U0031,C011,2024-09-05,79
P000162,U0031,C001,2024-11-11,99
P000163,U0031,C002,2024-11-13,89
P000164,U0032,C011,2024-03-15,79
P000165,U0032,C013,2024-04-04,69
P000166,U0032,C009,2024-04-23,39
P000167,U0032,C004,2024-09-19,99
P000168,U0033,C004,2022-10-30,99
P000169,U0033,C005,2023-01-14,49
P000170,U0033,C013,2023-07-25,69
P000171,U0033,C002,2023-10-30,89
P000172,U0033,C008,2024-05-20,29
P000173,U0033,C001,2024-08-09,99
P000174,U0034,C003,2023-03-20,79
P000175,U0034,C004,2023-04-04,99
P000176,U0034,C005,2023-10-04,49
P000177,U0034,C014,2024-01-08,79
P000178,U0034,C002,2024-03-17,89
P000179,U0034,C009,2024-03-25,39
P000180,U0034,C011,2024-12-03,79
P000181,U0035,C008,2024-01-08,29
P000182,U0035,C003,2024-02-24,79
P000183,U0035,C011,2024-05-25,79
P000184,U0035,C006,2024-06-09,49
P000185,U0035,C015,2024-07-10,89
P000186,U0036,C013,2022-06-10,69
P000187,U0036,C004,2022-10-20,99
P000188,U0036,C009,2023-01-12,39
P000189,U0036,C012,2023-01-16,49
P000190,U0036,C002,2023-03-04,89
P000191,U0036,C010,2023-03-28,49
P000192,U0036,C006,2023-06-23,49
P000193,U0036,C005,2023-10-29,49
P000194,U0036,C014,2023-12-17,79
P000195,U0036,C001,2024-06-13,99
P000196,U0036,C008,2024-07-29,29
P000197,U0036,C011,2024-11-23,79
P000198,U0037,C012,2024-10-14,49
P000199,U0037,C005,2024-10-21,49
P000200,U0037,C003,2024-11-05,79
P000201,U0037,C001,2024-12-27,99
P000202,U0038,C015,2022-04-21,89
P000203,U0038,C011,2022-08-26,79
P000204,U0038,C002,2023-02-21,89
P000205,U0038,C005,2023-04-04,49
P000206,U0038,C008,2023-09-12,29
P000207,U0038,C001,2023-12-18,99
P000208,U0038,C004,2024-05-14,99
P000209,U0038,C007,2024-12-01,19
P000210,U0039,C013,2024-07-10,69
P000211,U0039,C008,2024-07-16,29
P000212,U0039,C012,2024-07-16,49
P000213,U0039,C005,2024-07-30,49
P000214,U0039,C004,2024-07-30,99
P000215,U0039,C011,2024-08-02,79
P000216,U0039,C006,2024-08-19,49
P000217,U0039,C009,2024-08-23,39
P000218,U0039,C003,2024-08-29,79
P000219,U0040,C010,2023-07-03,49
P000220,U0040,C013,2023-08-15,69
P000221,U0040,C003,2024-06-23,79
P000222,U0040,C015,2024-07-14,89
P000223,U0040,C006,2024-10-23,49
P000224,U0041,C009,2023-08-03,39
P000225,U0041,C012,2023-08-18,49
P000226,U0041,C005,2023-11-12,49
P000227,U0041,C013,2024-01-09,69
P000228,U0042,C006,2023-10-10,49
P000229,U0042,C003,2023-12-08,79
P000230,U0042,C010,2023-12-09,49
P000231,U0042,C009,2024-03-04,39
P000232,U0042,C001,2024-04-12,99
P000233,U0042,C007,2024-04-17,19
P000234,U0042,C013,2024-04-19,69
P000235,U0042,C012,2024-05-17,49
P000236,U0042,C011,2024-11-15,79
P000237,U0042,C004,2024-12-15,99
P000238,U0043,C006,2024-07-30,49
P000239,U0043,C010,2024-08-04,49
P000240,U0043,C011,2024-08-09,79
P000241,U0043,C015,2024-08-10,89
P000242,U0043,C007,2024-10-16,19
P000243,U0043,C014,2024-10-23,79
P000244,U0043,C002,2024-11-07,89
P000245,U0043,C009,2024-11-25,39
P000246,U0043,C012,2024-11-26,49
P000247,U0043,C004,2024-11-29,99
P000248,U0043,C001,2024-12-08,99
P000249,U0043,C005,2024-12-17,49
P000250,U0044,C006,2024-02-11,49
P000251,U0044,C014,2024-03-08,79
P000252,U0044,C010,2024-03-26,49
P000253,U0045,C003,2022-08-04,79
P000254,U0045,C007,2022-10-27,19
P000255,U0045,C001,2023-01-28,99
P000256,U0045,C011,2023-06-13,79
P000257,U0045,C009,2023-09-15,39
P000258,U0045,C015,2024-09-11,89
P000259,U0046,C004,2024-04-30,99
P000260,U0046,C013,2024-06-14,69
P000261,U0046,C011,2024-08-24,79
P000262,U0047,C012,2022-11-19,49
P000263,U0047,C002,2023-02-06,89
P000264,U0047,C015,2023-05-10,89
P000265,U0047,C005,2023-11-28,49
P000266,U0047,C004,2023-12-29,99
P000267,U0047,C011,2024-07-17,79
P000268,U0047,C014,2024-07-26,79
P000269,U0047,C001,2024-11-20,99
P000270,U0047,C007,2024-12-22,19
P000271,U0048,C014,2024-01-27,79
P000272,U0048,C005,2024-03-31,49
P000273,U0048,C012,2024-05-07,49
P000274,U0048,C013,2024-06-26,69
P000275,U0048,C002,2024-10-27,89
P000276,U0049,C004,2024-03-03,99
P000277,U0049,C005,2024-03-19,49
P000278,U0049,C003,2024-05-01,79
P000279,U0049,C013,2024-08-20,69
P000280,U0049,C014,2024-09-17,79
P000281,U0049,C009,2024-09-20,39
P000282,U0049,C012,2024-10-16,49
P000283,U0049,C002,2024-10-19,89
P000284,U0049,C015,2024-11-01,89
P000285,U0050,C001,2023-05-24,99
P000286,U0050,C014,2024-09-15,79
P000287,U0050,C015,2024-09-15,89
P000288,U0051,C004,2023-09-15,99
P000289,U0052,C002,2023-12-13,89
P000290,U0052,C012,2023-12-15,49
P000291,U0052,C001,2024-01-24,99
P000292,U0052,C010,2024-07-13,49
P000293,U0052,C008,2024-07-13,29
P000294,U0053,C008,2022-06-27,29
P000295,U0053,C010,2022-11-21,49
P000296,U0053,C012,2023-01-24,49
P000297,U0053,C004,2023-03-13,99
P000298,U0053,C005,2023-09-09,49
P000299,U0053,C001,2024-01-01,99
P000300,U0053,C014,2024-01-10,79
P000301,U0053,C015,2024-02-15,89
P000302,U0053,C002,2024-03-12,89
P000303,U0053,C013,2024-09-03,69
P000304,U0054,C014,2024-01-09,79
P000305,U0054,C008,2024-01-21,29
P000306,U0054,C009,2024-02-04,39
P000307,U0054,C013,2024-04-02,69
P000308,U0054,C011,2024-05-19,79
P000309,U0054,C003,2024-10-04,79
P000310,U0055,C012,2024-11-25,49
P000311,U0055,C013,2024-11-25,69
P000312,U0055,C006,2024-11-26,49
P000313,U0055,C015,2024-11-28,89
P000314,U0055,C007,2024-11-28,19
P000315,U0055,C009,2024-11-28,39
P000316,U0056,C008,2022-07-06,29
P000317,U0056,C015,2023-02-08,89
P000318,U0056,C007,2023-03-24,19
P000319,U0056,C014,2024-02-19,79
P000320,U0057,C011,2023-05-31,79
P000321,U0057,C014,2023-06-09,79
P000322,U0058,C009,2022-12-28,39
P000323,U0058,C004,2024-04-19,99
P000324,U0058,C007,2024-07-23,19
P000325,U0058,C001,2024-11-07,99
P000326,U0059,C005,2022-05-18,49
P000327,U0059,C011,2022-07-05,79
P000328,U0059,C009,2023-03-26,39
P000329,U0059,C014,2023-05-16,79
P000330,U0059,C003,2023-12-31,79
P000331,U0059,C004,2024-08-21,99
P000332,U0059,C015,2024-11-25,89
P000333,U0060,C011,2023-03-19,79
P000334,U0060,C009,2023-03-24,39
P000335,U0060,C006,2023-07-21,49
P000336,U0060,C008,2024-01-16,29
P000337,U0060,C012,2024-02-13,49
P000338,U0060,C002,2024-03-11,89
P000339,U0060,C010,2024-08-13,49
P000340,U0060,C015,2024-08-17,89
P000341,U0060,C005,2024-11-20,49
P000342,U0061,C001,2022-03-26,99
P000343,U0061,C004,2022-09-19,99
P000344,U0061,C007,2024-06-12,19
P000345,U0062,C005,2023-02-07,49
P000346,U0062,C004,2023-07-02,99
P000347,U0062,C008,2023-08-22,29
P000348,U0062,C003,2023-09-22,79
P000349,U0062,C007,2023-10-04,19
P000350,U0062,C010,2023-10-31,49
P000351,U0062,C009,2023-12-25,39
P000352,U0062,C015,2024-05-09,89
P000353,U0062,C011,2024-05-23,79
P000354,U0062,C013,2024-06-24,69
P000355,U0062,C006,2024-11-21,49
P000356,U0063,C011,2022-06-16,79
P000357,U0063,C015,2023-12-12,89
P000358,U0063,C009,2024-07-04,39
P000359,U0064,C004,2024-07-01,99
P000360,U0064,C006,2024-08-21,49
P000361,U0064,C002,2024-09-16,89
P000362,U0064,C013,2024-11-12,69
P000363,U0065,C007,2022-06-19,19
P000364,U0065,C009,2022-10-26,39
P000365,U0065,C014,2023-01-19,79
P000366,U0065,C004,2023-02-20,99
P000367,U0065,C003,2024-02-09,79
P000368,U0065,C005,2024-07-12,49
P000369,U0065,C012,2024-08-06,49
P000370,U0065,C013,2024-08-09,69
P000371,U0065,C010,2024-10-01,49
P000372,U0066,C009,2022-11-22,39
P000373,U0066,C006,2023-03-17,49
P000374,U0066,C007,2023-07-14,19
P000375,U0066,C014,2023-09-01,79
P000376,U0066,C004,2024-04-07,99
P000377,U0066,C005,2024-05-12,49
P000378,U0066,C013,2024-09-25,69
P000379,U0066,C010,2024-10-11,49
P000380,U0067,C005,2023-01-17,49
P000381,U0067,C001,2023-07-09,99
P000382,U0068,C005,2023-11-07,49
P000383,U0068,C004,2024-02-24,99
P000384,U0069,C005,2022-11-28,49
P000385,U0069,C002,2023-02-22,89
P000386,U0069,C013,2023-03-16,69
P000387,U0069,C001,2023-06-30,99
P000388,U0069,C003,2023-09-24,79
P000389,U0069,C012,2024-08-17,49
P000390,U0070,C013,2023-12-25,69
P000391,U0070,C007,2024-02-01,19
P000392,U0070,C010,2024-03-04,49
P000393,U0070,C005,2024-04-06,49
P000394,U0070,C008,2024-05-27,29
P000395,U0070,C009,2024-09-10,39
P000396,U0070,C002,2024-10-06,89
P000397,U0071,C005,2023-07-07,49
P000398,U0071,C004,2023-10-27,99
P000399,U0071,C015,2023-12-15,89
P000400,U0071,C010,2024-03-26,49
P000401,U0071,C009,2024-04-29,39
P000402,U0071,C013,2024-12-05,69
P000403,U0072,C006,2023-02-26,49
P000404,U0072,C003,2024-03-12,79
P000405,U0072,C012,2024-04-10,49
P000406,U0072,C008,2024-05-30,29
P000407,U0072,C004,2024-07-12,99
P000408,U0072,C015,2024-08-11,89
P000409,U0072,C014,2024-10-05,79
P000410,U0073,C001,2024-07-12,99
P000411,U0073,C009,2024-07-14,39
P000412,U0073,C003,2024-09-16,79
P000413,U0073,C010,2024-09-21,49
P000414,U0073,C012,2024-10-08,49
P000415,U0073,C015,2024-10-17,89
P000416,U0073,C007,2024-11-17,19
P000417,U0074,C010,2024-12-23,49
P000418,U0075,C003,2023-06-01,79
P000419,U0075,C007,2023-08-09,19
P000420,U0075,C014,2023-12-07,79
P000421,U0075,C008,2023-12-16,29
P000422,U0075,C015,2024-02-14,89
P000423,U0075,C012,2024-02-27,49
P000424,U0075,C009,2024-09-20,39
P000425,U0075,C010,2024-10-23,49
P000426,U0076,C014,2023-12-14,79
P000427,U0076,C007,2024-12-13,19
P000428,U0077,C014,2024-12-28,79
P000429,U0078,C010,2024-02-19,49
P000430,U0078,C006,2024-06-12,49
P000431,U0078,C013,2024-08-09,69
P000432,U0078,C004,2024-09-07,99
P000433,U0078,C007,2024-11-09,19
P000434,U0078,C014,2024-11-22,79
P000435,U0079,C013,2022-09-05,69
P000436,U0079,C002,2022-09-28,89
P000437,U0079,C006,2023-07-05,49
P000438,U0079,C001,2023-07-14,99
P000439,U0079,C012,2024-09-23,49
P000440,U0079,C008,2024-11-04,29
P000441,U0080,C004,2022-03-25,99
P000442,U0080,C010,2023-06-05,49
P000443,U0080,C009,2024-06-24,39
P000444,U0081,C011,2024-07-30,79
P000445,U0081,C007,2024-08-09,19
P000446,U0081,C014,2024-08-20,79
P000447,U0081,C004,2024-08-24,99
P000448,U0081,C015,2024-10-01,89
P000449,U0081,C002,2024-10-25,89
P000450,U0081,C009,2024-11-10,39
P000451,U0081,C003,2024-11-15,79
P000452,U0081,C013,2024-11-15,69
P000453,U0081,C010,2024-12-09,49
P000454,U0081,C006,2024-12-10,49
P000455,U0081,C012,2024-12-28,49
P000456,U0082,C015,2024-12-13,89
P000457,U0083,C011,2023-03-02,79
P000458,U0083,C002,2024-03-17,89
P000459,U0083,C012,2024-06-02,49
P000460,U0083,C003,2024-08-29,79
P000461,U0084,C013,2024-10-10,69
P000462,U0084,C015,2024-12-07,89
P000463,U0085,C012,2023-02-25,49
P000464,U0085,C005,2023-10-19,49
P000465,U0085,C014,2024-01-11,79
P000466,U0085,C010,2024-01-16,49
P000467,U0085,C011,2024-02-01,79
P000468,U0085,C009,2024-02-19,39
P000469,U0085,C002,2024-09-16,89
P000470,U0085,C003,2024-12-23,79
P000471,U0086,C008,2023-07-20,29
P000472,U0086,C011,2023-12-09,79
P000473,U0086,C006,2024-02-01,49
P000474,U0086,C009,2024-07-14,39
P000475,U0086,C010,2024-10-20,49
P000476,U0086,C012,2024-11-03,49
P000477,U0087,C007,2024-11-12,19
P000478,U0087,C003,2024-12-19,79
P000479,U0088,C005,2024-11-16,49
P000480,U0088,C013,2024-11-24,69
P000481,U0088,C001,2024-11-26,99
P000482,U0088,C004,2024-11-29,99
P000483,U0088,C009,2024-12-04,39
P000484,U0089,C002,2024-12-06,89
P000485,U0090,C003,2023-02-22,79
P000486,U0090,C012,2023-07-30,49
P000487,U0091,C006,2024-11-07,49
P000488,U0091,C003,2024-12-04,79
P000489,U0091,C013,2024-12-11,69
P000490,U0092,C006,2023-06-10,49
P000491,U0092,C009,2023-12-06,39
P000492,U0092,C011,2024-03-04,79
P000493,U0092,C003,2024-08-16,79
P000494,U0093,C011,2022-07-25,79
P000495,U0093,C004,2022-09-13,99
P000496,U0093,C013,2022-12-10,69
P000497,U0093,C009,2023-11-09,39
P000498,U0093,C005,2023-11-26,49
P000499,U0093,C014,2024-03-29,79
P000500,U0093,C002,2024-04-13,89
P000501,U0093,C003,2024-04-14,79
P000502,U0093,C010,2024-06-05,49
P000503,U0093,C001,2024-07-03,99
P000504,U0093,C012,2024-11-15,49
P000505,U0094,C012,2022-10-08,49
P000506,U0094,C001,2023-06-26,99
P000507,U0094,C015,2023-10-21,89
P000508,U0094,C008,2024-01-19,29
P000509,U0094,C014,2024-08-17,79
P000510,U0095,C006,2023-03-17,49
P000511,U0095,C008,2024-01-26,29
P000512,U0095,C013,2024-10-14,69
P000513,U0096,C013,2024-07-31,69
P000514,U0096,C014,2024-08-11,79
P000515,U0096,C012,2024-12-19,49
P000516,U0097,C014,2024-06-07,79
P000517,U0097,C003,2024-06-18,79
P000518,U0097,C007,2024-07-11,19
P000519,U0097,C001,2024-08-15,99
P000520,U0097,C015,2024-08-17,89
P000521,U0097,C011,2024-09-02,79
P000522,U0097,C013,2024-09-12,69
P000523,U0097,C006,2024-10-03,49
P000524,U0097,C002,2024-11-06,89
P000525,U0097,C010,2024-11-22,49
P000526,U0097,C009,2024-12-03,39
P000527,U0098,C012,2023-03-12,49
P000528,U0098,C005,2023-03-16,49
P000529,U0098,C014,2023-06-29,79
P000530,U0098,C013,2023-08-01,69
P000531,U0098,C008,2023-10-24,29
P000532,U0098,C010,2024-02-26,49
P000533,U0098,C006,2024-03-07,49
P000534,U0098,C015,2024-04-01,89
P000535,U0098,C011,2024-05-01,79
P000536,U0098,C009,2024-08-02,39
P000537,U0098,C003,2024-11-16,79
P000538,U0099,C004,2022-11-17,99
P000539,U0099,C006,2023-04-18,49
P000540,U0099,C008,2024-02-16,29
P000541,U0099,C002,2024-08-18,89
P000542,U0099,C013,2024-08-28,69
P000543,U0099,C012,2024-10-16,49
P000544,U0099,C007,2024-11-30,19
P000545,U0100,C011,2023-09-21,79
P000546,U0100,C010,2024-01-06,49
P000547,U0100,C006,2024-02-18,49
P000548,U0100,C015,2024-05-20,89
P000549,U0100,C009,2024-06-16,39
P000550,U0100,C014,2024-06-19,79
P000551,U0100,C013,2024-07-11,69
P000552,U0100,C007,2024-07-12,19
P000553,U0100,C012,2024-07-24,49
P000554,U0100,C003,2024-09-16,79
P000555,U0100,C004,2024-11-02,99
P000556,U0100,C005,2024-11-05,49
P000557,U0101,C006,2022-11-28,49
P000558,U0101,C001,2022-12-17,99
P000559,U0101,C003,2023-02-23,79
P000560,U0101,C011,2023-11-12,79
P000561,U0101,C010,2024-01-30,49
P000562,U0101,C013,2024-09-03,69
P000563,U0101,C012,2024-11-30,49
P000564,U0102,C015,2023-10-01,89
P000565,U0102,C002,2023-10-03,89
P000566,U0102,C001,2024-03-17,99
P000567,U0102,C006,2024-08-15,49
P000568,U0102,C014,2024-09-01,79
P000569,U0102,C010,2024-11-18,49
P000570,U0103,C014,2024-07-21,79
P000571,U0103,C011,2024-09-16,79
P000572,U0103,C006,2024-12-29,49
P000573,U0104,C009,2024-03-26,39
P000574,U0104,C001,2024-06-19,99
P000575,U0104,C012,2024-08-08,49
P000576,U0104,C005,2024-08-18,49
P000577,U0105,C003,2024-02-27,79
P000578,U0105,C006,2024-09-17,49
P000579,U0105,C004,2024-09-23,99
P000580,U0105,C011,2024-11-16,79
P000581,U0105,C001,2024-12-11,99
P000582,U0106,C009,2023-06-01,39
P000583,U0106,C006,2023-06-06,49
P000584,U0106,C005,2023-07-02,49
P000585,U0106,C002,2023-08-30,89
P000586,U0106,C015,2024-07-24,89
P000587,U0106,C003,2024-11-21,79
P000588,U0106,C011,2024-11-28,79
P000589,U0107,C001,2024-08-16,99
P000590,U0107,C010,2024-08-21,49
P000591,U0107,C002,2024-12-02,89
P000592,U0108,C002,2023-12-19,89
P000593,U0108,C008,2024-03-21,29
P000594,U0108,C003,2024-11-10,79
P000595,U0108,C010,2024-11-21,49
P000596,U0109,C008,2024-03-01,29
P000597,U0109,C014,2024-04-04,79
P000598,U0109,C015,2024-09-15,89
P000599,U0109,C013,2024-09-23,69
P000600,U0109,C009,2024-11-07,39
P000601,U0110,C004,2024-12-01,99
P000602,U0110,C010,2024-12-20,49
P000603,U0111,C011,2023-03-17,79
P000604,U0112,C012,2023-01-07,49
P000605,U0112,C001,2023-07-01,99
P000606,U0112,C005,2023-07-10,49
P000607,U0112,C006,2024-02-06,49
P000608,U0112,C003,2024-04-03,79
P000609,U0113,C006,2023-11-24,49
P000610,U0113,C012,2024-01-12,49
P000611,U0113,C004,2024-05-14,99
P000612,U0113,C011,2024-05-21,79
P000613,U0113,C007,2024-06-11,19
P000614,U0113,C010,2024-10-06,49
P000615,U0113,C005,2024-11-03,49
P000616,U0114,C003,2024-12-15,79
P000617,U0115,C011,2022-05-27,79
P000618,U0115,C008,2023-09-20,29
P000619,U0115,C014,2023-10-11,79
P000620,U0115,C013,2024-05-04,69
P000621,U0115,C005,2024-11-05,49
P000622,U0116,C003,2024-07-17,79
P000623,U0116,C005,2024-07-22,49
P000624,U0116,C001,2024-07-26,99
P000625,U0116,C013,2024-08-15,69
P000626,U0116,C006,2024-09-25,49
P000627,U0116,C011,2024-10-13,79
P000628,U0116,C015,2024-11-06,89
P000629,U0116,C008,2024-11-13,29
P000630,U0116,C012,2024-11-20,49
P000631,U0116,C002,2024-12-01,89
P000632,U0116,C009,2024-12-06,39
P000633,U0117,C001,2022-02-07,99
P000634,U0117,C011,2022-07-27,79
P000635,U0117,C003,2022-08-13,79
P000636,U0117,C014,2024-06-08,79
P000637,U0117,C008,2024-10-05,29
P000638,U0118,C007,2023-12-29,19
P000639,U0118,C015,2024-01-05,89
P000640,U0118,C013,2024-01-28,69
P000641,U0118,C012,2024-02-13,49
P000642,U0118,C003,2024-03-20,79
P000643,U0118,C002,2024-05-02,89
P000644,U0118,C001,2024-06-10,99
P000645,U0118,C011,2024-07-03,79
P000646,U0118,C006,2024-08-05,49
P000647,U0118,C004,2024-10-03,99
P000648,U0119,C014,2022-12-27,79
P000649,U0119,C003,2024-12-22,79
P000650,U0120,C012,2022-08-14,49
P000651,U0120,C003,2022-08-22,79
P000652,U0120,C015,2022-09-27,89
P000653,U0120,C004,2022-10-22,99
P000654,U0120,C008,2024-01-12,29
P000655,U0120,C002,2024-08-26,89
P000656,U0120,C007,2024-10-21,19
P000657,U0120,C014,2024-12-24,79
P000658,U0121,C010,2024-11-17,49
P000659,U0121,C014,2024-12-02,79
P000660,U0122,C011,2024-08-16,79
P000661,U0122,C004,2024-09-03,99
P000662,U0122,C014,2024-09-04,79
P000663,U0122,C002,2024-11-02,89
P000664,U0122,C009,2024-11-10,39
P000665,U0122,C005,2024-11-12,49
P000666,U0122,C006,2024-11-13,49
P000667,U0122,C008,2024-11-22,29
P000668,U0122,C001,2024-12-24,99
P000669,U0123,C009,2023-03-20,39
P000670,U0123,C004,2023-04-12,99
P000671,U0123,C014,2023-06-02,79
P000672,U0123,C002,2023-08-04,89
P000673,U0123,C011,2024-03-19,79
P000674,U0123,C013,2024-12-05,69
P000675,U0124,C001,2024-03-23,99
P000676,U0124,C008,2024-07-16,29
P000677,U0124,C011,2024-07-27,79
P000678,U0124,C004,2024-08-09,99
P000679,U0124,C003,2024-08-29,79
P000680,U0124,C009,2024-09-07,39
P000681,U0124,C014,2024-11-01,79
P000682,U0124,C002,2024-11-10,89
P000683,U0125,C004,2024-07-04,99
P000684,U0125,C008,2024-08-05,29
P000685,U0125,C003,2024-08-12,79
P000686,U0125,C015,2024-10-06,89
P000687,U0126,C002,2022-12-26,89
P000688,U0126,C009,2023-03-10,39
P000689,U0126,C011,2023-04-11,79
P000690,U0126,C006,2024-01-29,49
P000691,U0127,C004,2023-02-27,99
P000692,U0127,C010,2023-05-10,49
P000693,U0127,C007,2023-08-09,19
P000694,U0127,C006,2023-11-23,49
P000695,U0127,C003,2024-02-02,79
P000696,U0128,C003,2024-03-08,79
P000697,U0128,C006,2024-03-25,49
P000698,U0128,C012,2024-04-29,49
P000699,U0128,C013,2024-08-10,69
P000700,U0129,C011,2024-07-04,79
P000701,U0129,C007,2024-07-05,19
P000702,U0129,C012,2024-07-06,49
P000703,U0129,C004,2024-07-17,99
P000704,U0129,C001,2024-07-21,99
P000705,U0129,C003,2024-08-09,79
P000706,U0129,C010,2024-08-26,49
P000707,U0129,C005,2024-09-24,49
P000708,U0129,C015,2024-09-24,89
P000709,U0129,C008,2024-09-29,29
P000710,U0129,C014,2024-10-17,79
P000711,U0129,C013,2024-11-12,69
P000712,U0130,C012,2024-08-13,49
P000713,U0130,C004,2024-08-15,99
P000714,U0130,C014,2024-08-26,79
P000715,U0130,C005,2024-08-29,49
P000716,U0130,C013,2024-09-06,69
P000717,U0130,C001,2024-09-06,99
P000718,U0131,C011,2023-06-24,79
P000719,U0131,C014,2023-09-13,79
P000720,U0131,C003,2024-12-02,79
P000721,U0132,C006,2023-03-13,49
P000722,U0132,C007,2023-12-18,19
P000723,U0132,C003,2024-02-02,79
P000724,U0132,C004,2024-02-08,99
P000725,U0132,C010,2024-08-27,49
P000726,U0132,C015,2024-12-01,89
P000727,U0133,C012,2022-11-12,49
P000728,U0133,C009,2022-12-04,39
P000729,U0133,C004,2023-02-03,99
P000730,U0133,C006,2023-04-09,49
P000731,U0133,C002,2023-10-16,89
P000732,U0133,C008,2024-04-16,29
P000733,U0133,C013,2024-10-25,69
P000734,U0134,C010,2022-11-12,49
P000735,U0134,C015,2022-11-14,89
P000736,U0134,C001,2024-01-01,99
P000737,U0134,C008,2024-01-06,29
P000738,U0134,C002,2024-04-16,89
P000739,U0134,C013,2024-05-17,69
P000740,U0134,C011,2024-11-03,79
P000741,U0135,C005,2023-04-26,49
P000742,U0135,C014,2023-11-08,79
P000743,U0135,C012,2024-11-16,49
P000744,U0136,C008,2023-09-27,29
P000745,U0136,C007,2023-10-17,19
P000746,U0136,C009,2023-12-03,39
P000747,U0136,C006,2023-12-18,49
P000748,U0136,C004,2024-09-07,99
P000749,U0136,C012,2024-09-13,49
P000750,U0136,C013,2024-10-20,69
P000751,U0136,C001,2024-11-12,99
P000752,U0136,C002,2024-11-15,89
P000753,U0137,C011,2022-05-12,79
P000754,U0137,C013,2022-09-02,69
P000755,U0137,C004,2022-09-25,99
P000756,U0137,C007,2022-10-21,19
P000757,U0137,C015,2024-02-27,89
P000758,U0137,C012,2024-05-23,49
P000759,U0137,C008,2024-08-05,29
P000760,U0137,C005,2024-11-06,49
P000761,U0138,C005,2023-02-16,49
P000762,U0139,C002,2024-08-21,89
P000763,U0139,C011,2024-09-11,79
P000764,U0139,C007,2024-09-15,19
P000765,U0139,C008,2024-09-16,29
P000766,U0139,C004,2024-09-17,99
P000767,U0139,C001,2024-09-22,99
P000768,U0139,C009,2024-11-29,39
P000769,U0140,C013,2022-05-28,69
P000770,U0140,C010,2022-08-11,49
P000771,U0140,C003,2023-04-19,79
P000772,U0140,C001,2023-05-29,99
P000773,U0140,C004,2023-10-01,99
P000774,U0140,C005,2024-06-01,49
P000775,U0140,C015,2024-08-16,89
P000776,U0141,C006,2022-11-17,49
P000777,U0141,C009,2023-06-13,39
P000778,U0141,C014,2024-02-26,79
P000779,U0141,C011,2024-07-26,79
P000780,U0142,C009,2023-09-11,39
P000781,U0143,C008,2022-10-16,29
P000782,U0143,C001,2024-04-01,99
P000783,U0143,C015,2024-08-03,89
P000784,U0143,C006,2024-09-08,49
P000785,U0144,C010,2022-11-29,49
P000786,U0144,C002,2024-01-22,89
P000787,U0144,C008,2024-01-22,29
P000788,U0144,C015,2024-05-23,89
P000789,U0145,C007,2022-07-30,19
P000790,U0145,C011,2022-09-18,79
P000791,U0145,C002,2022-10-12,89
P000792,U0145,C009,2023-04-06,39
P000793,U0145,C008,2023-10-18,29
P000794,U0145,C005,2024-12-02,49
P000795,U0146,C014,2023-02-20,79
P000796,U0146,C003,2023-04-08,79
P000797,U0146,C008,2023-10-18,29
P000798,U0146,C013,2024-04-22,69
P000799,U0146,C006,2024-06-20,49
P000800,U0146,C015,2024-08-29,89
P000801,U0146,C004,2024-11-22,99
P000802,U0147,C002,2022-09-13,89
P000803,U0147,C004,2022-09-20,99
P000804,U0147,C011,2022-10-06,79
P000805,U0147,C013,2023-03-05,69
P000806,U0147,C007,2023-08-16,19
P000807,U0147,C010,2023-10-20,49
P000808,U0147,C012,2023-11-04,49
P000809,U0147,C005,2024-03-04,49
P000810,U0147,C014,2024-05-30,79
P000811,U0147,C001,2024-11-10,99
P000812,U0147,C015,2024-11-13,89
P000813,U0147,C009,2024-12-20,39
P000814,U0148,C006,2023-04-30,49
P000815,U0148,C007,2024-08-22,19
P000816,U0149,C003,2022-07-24,79
P000817,U0149,C012,2023-07-08,49
P000818,U0149,C009,2024-03-08,39
P000819,U0149,C002,2024-06-12,89
P000820,U0150,C008,2024-01-23,29
P000821,U0150,C007,2024-02-21,19
P000822,U0150,C010,2024-05-15,49
P000823,U0150,C014,2024-06-10,79
P000824,U0150,C002,2024-11-08,89
P000825,U0150,C006,2024-11-26,49
P000826,U0151,C002,2022-06-12,89
P000827,U0151,C013,2022-06-23,69
P000828,U0151,C010,2023-02-01,49
P000829,U0151,C003,2023-10-10,79
P000830,U0151,C014,2024-03-16,79
P000831,U0151,C008,2024-04-02,29
P000832,U0151,C007,2024-06-03,19
P000833,U0151,C001,2024-11-06,99
P000834,U0152,C005,2023-03-11,49
P000835,U0152,C015,2023-06-19,89
P000836,U0153,C014,2023-10-05,79
P000837,U0153,C004,2024-01-05,99
P000838,U0153,C008,2024-04-30,29
P000839,U0153,C005,2024-12-27,49
P000840,U0154,C007,2023-11-25,19
P000841,U0154,C015,2024-02-23,89
P000842,U0155,C012,2024-09-15,49
P000843,U0155,C011,2024-09-27,79
P000844,U0155,C010,2024-12-05,49
P000845,U0156,C012,2023-08-26,49
P000846,U0156,C009,2024-03-30,39
P000847,U0156,C013,2024-12-27,69
P000848,U0157,C011,2023-03-02,79
P000849,U0157,C009,2024-06-27,39
P000850,U0157,C007,2024-07-29,19
P000851,U0157,C013,2024-08-28,69
P000852,U0158,C012,2023-03-31,49
P000853,U0158,C011,2023-04-02,79
P000854,U0159,C006,2024-03-31,49
P000855,U0159,C013,2024-08-04,69
P000856,U0159,C002,2024-09-20,89
P000857,U0159,C010,2024-09-22,49
P000858,U0160,C001,2023-03-21,99
P000859,U0160,C013,2023-03-29,69
P000860,U0160,C009,2023-06-11,39
P000861,U0160,C006,2024-06-05,49
P000862,U0160,C003,2024-10-18,79
P000863,U0161,C002,2022-03-15,89
P000864,U0161,C006,2023-03-18,49
P000865,U0161,C001,2024-11-02,99
P000866,U0162,C015,2023-09-12,89
P000867,U0162,C014,2024-02-10,79
P000868,U0162,C004,2024-04-15,99
P000869,U0162,C008,2024-05-09,29
P000870,U0163,C001,2023-01-03,99
P000871,U0163,C003,2023-01-13,79
P000872,U0163,C015,2024-07-20,89
P000873,U0163,C002,2024-11-27,89
P000874,U0164,C009,2023-01-14,39
P000875,U0164,C010,2024-03-16,49
P000876,U0165,C007,2024-04-09,19
P000877,U0165,C009,2024-04-11,39
P000878,U0165,C014,2024-05-17,79
P000879,U0165,C008,2024-05-31,29
P000880,U0165,C001,2024-06-08,99
P000881,U0165,C012,2024-06-19,49
P000882,U0165,C010,2024-11-16,49
P000883,U0166,C015,2024-12-06,89
P000884,U0167,C005,2024-06-01,49
P000885,U0167,C010,2024-06-10,49
P000886,U0167,C007,2024-06-11,19
P000887,U0167,C013,2024-07-26,69
P000888,U0167,C002,2024-09-09,89
P000889,U0167,C014,2024-10-03,79
P000890,U0167,C015,2024-11-03,89
P000891,U0168,C001,2022-06-13,99
P000892,U0168,C014,2023-01-26,79
P000893,U0169,C011,2023-01-21,79
P000894,U0169,C012,2023-04-21,49
P000895,U0169,C014,2023-07-09,79
P000896,U0169,C015,2024-02-01,89
P000897,U0169,C013,2024-02-24,69
P000898,U0169,C002,2024-05-28,89
P000899,U0169,C006,2024-09-27,49
P000900,U0170,C006,2023-08-10,49
P000901,U0170,C005,2023-09-02,49
P000902,U0170,C010,2023-11-01,49
P000903,U0170,C008,2024-09-11,29
P000904,U0170,C007,2024-09-20,19
P000905,U0170,C004,2024-10-19,99
P000906,U0170,C001,2024-11-10,99
P000907,U0171,C010,2023-07-26,49
P000908,U0171,C005,2023-11-03,49
P000909,U0171,C011,2023-11-20,79
P000910,U0171,C007,2024-01-11,19
P000911,U0171,C014,2024-02-05,79
P000912,U0171,C008,2024-02-17,29
P000913,U0171,C009,2024-04-06,39
P000914,U0171,C015,2024-05-28,89
P000915,U0171,C013,2024-10-02,69
P000916,U0172,C003,2024-12-14,79
P000917,U0173,C009,2022-07-06,39
P000918,U0173,C001,2023-09-29,99
P000919,U0173,C004,2024-02-03,99
P000920,U0174,C002,2024-07-07,89
P000921,U0174,C012,2024-07-08,49
P000922,U0174,C015,2024-07-11,89
P000923,U0174,C011,2024-08-13,79
P000924,U0174,C006,2024-08-23,49
P000925,U0174,C014,2024-09-20,79
P000926,U0174,C003,2024-09-21,79
P000927,U0174,C013,2024-10-10,69
P000928,U0174,C005,2024-10-17,49
P000929,U0174,C004,2024-10-24,99
P000930,U0174,C009,2024-11-13,39
P000931,U0174,C008,2024-11-17,29
P000932,U0175,C006,2022-06-09,49
P000933,U0175,C010,2022-07-11,49
P000934,U0175,C014,2022-07-15,79
P000935,U0175,C013,2023-03-30,69
P000936,U0175,C001,2023-06-07,99
P000937,U0175,C015,2024-03-01,89
P000938,U0175,C004,2024-08-06,99
P000939,U0175,C012,2024-09-10,49
P000940,U0175,C005,2024-09-29,49
P000941,U0176,C010,2023-10-02,49
P000942,U0176,C004,2023-12-06,99
P000943,U0176,C005,2023-12-25,49
P000944,U0176,C006,2024-07-03,49
P000945,U0176,C002,2024-08-31,89
P000946,U0176,C009,2024-12-07,39
P000947,U0176,C011,2024-12-11,79
P000948,U0177,C010,2023-08-04,49
P000949,U0177,C003,2023-09-25,79
P000950,U0177,C013,2023-12-11,69
P000951,U0177,C012,2024-05-14,49
P000952,U0177,C007,2024-05-19,19
P000953,U0177,C005,2024-09-13,49
P000954,U0178,C004,2022-07-09,99
P000955,U0178,C008,2022-08-11,29
P000956,U0178,C009,2023-03-18,39
P000957,U0178,C013,2023-06-20,69
P000958,U0178,C011,2023-08-20,79
P000959,U0178,C007,2024-09-28,19
P000960,U0179,C002,2024-03-16,89
P000961,U0179,C007,2024-03-24,19
P000962,U0179,C014,2024-05-16,79
P000963,U0179,C012,2024-09-26,49
P000964,U0180,C011,2023-11-20,79
P000965,U0180,C008,2024-04-02,29
P000966,U0180,C009,2024-07-16,39
P000967,U0180,C001,2024-07-20,99
P000968,U0180,C003,2024-08-20,79
P000969,U0180,C005,2024-10-19,49
P000970,U0181,C013,2023-12-19,69
P000971,U0181,C002,2024-03-20,89
P000972,U0181,C006,2024-05-05,49
P000973,U0181,C010,2024-07-22,49
P000974,U0182,C014,2024-11-05,79
P000975,U0182,C005,2024-11-06,49
P000976,U0182,C015,2024-11-06,89
P000977,U0182,C012,2024-11-09,49
P000978,U0182,C004,2024-11-09,99
P000979,U0182,C007,2024-11-14,19
P000980,U0183,C014,2024-01-03,79
P000981,U0183,C015,2024-04-15,89
P000982,U0183,C004,2024-04-18,99
P000983,U0183,C008,2024-04-23,29
P000984,U0183,C009,2024-05-20,39
P000985,U0183,C013,2024-08-02,69
P000986,U0183,C006,2024-08-05,49
P000987,U0183,C012,2024-09-19,49
P000988,U0183,C002,2024-11-30,89
P000989,U0184,C001,2023-02-16,99
P000990,U0184,C003,2023-04-02,79
P000991,U0184,C002,2023-07-07,89
P000992,U0184,C006,2024-02-19,49
P000993,U0184,C004,2024-03-17,99
P000994,U0185,C002,2023-07-17,89
P000995,U0185,C011,2023-09-25,79
P000996,U0186,C009,2023-02-24,39
P000997,U0186,C013,2023-05-25,69
P000998,U0186,C006,2023-09-24,49
P000999,U0186,C007,2023-11-01,19
P001000,U0186,C011,2023-11-08,79
P001001,U0186,C001,2024-10-30,99
P001002,U0187,C004,2022-09-04,99
P001003,U0187,C010,2022-11-20,49
P001004,U0187,C008,2023-08-23,29
P001005,U0187,C003,2024-01-03,79
P001006,U0188,C012,2024-12-21,49
P001007,U0189,C013,2024-01-21,69
P001008,U0189,C011,2024-03-30,79
P001009,U0189,C008,2024-04-17,29
P001010,U0189,C002,2024-05-15,89
P001011,U0189,C014,2024-05-20,79
P001012,U0189,C009,2024-06-16,39
P001013,U0189,C003,2024-10-08,79
P001014,U0189,C001,2024-11-29,99
P001015,U0190,C004,2022-08-23,99
P001016,U0190,C007,2022-11-27,19
P001017,U0190,C003,2023-06-08,79
P001018,U0190,C015,2023-07-07,89
P001019,U0190,C009,2023-09-23,39
P001020,U0190,C012,2023-10-10,49
P001021,U0190,C006,2024-07-14,49
P001022,U0190,C005,2024-07-18,49
P001023,U0191,C006,2024-12-14,49
P001024,U0191,C012,2024-12-19,49
P001025,U0192,C006,2024-05-20,49
P001026,U0192,C013,2024-05-25,69
P001027,U0192,C014,2024-08-03,79
P001028,U0192,C005,2024-08-17,49
P001029,U0192,C009,2024-08-18,39
P001030,U0192,C002,2024-08-20,89
P001031,U0193,C015,2023-07-03,89
P001032,U0193,C005,2023-07-14,49
P001033,U0193,C004,2023-10-30,99
P001034,U0193,C009,2023-11-07,39
P001035,U0193,C006,2024-04-25,49
P001036,U0193,C014,2024-05-09,79
P001037,U0193,C001,2024-06-25,99
P001038,U0193,C002,2024-08-25,89
P001039,U0194,C014,2023-12-05,79
P001040,U0194,C004,2023-12-18,99
P001041,U0194,C008,2024-01-23,29
P001042,U0194,C005,2024-01-30,49
P001043,U0195,C008,2022-12-20,29
P001044,U0195,C003,2022-12-26,79
P001045,U0195,C006,2023-05-18,49
P001046,U0195,C004,2023-06-08,99
P001047,U0195,C002,2023-07-20,89
P001048,U0195,C009,2023-12-16,39
P001049,U0195,C011,2024-10-06,79
P001050,U0196,C012,2024-03-14,49
P001051,U0196,C013,2024-03-15,69
P001052,U0196,C008,2024-03-24,29
P001053,U0196,C009,2024-04-14,39
P001054,U0196,C007,2024-04-20,19
P001055,U0196,C014,2024-04-27,79
P001056,U0196,C015,2024-04-30,89
P001057,U0196,C006,2024-05-16,49
P001058,U0196,C005,2024-05-25,49
P001059,U0196,C010,2024-11-15,49
P001060,U0196,C003,2024-12-03,79
P001061,U0197,C007,2024-01-08,19
P001062,U0197,C003,2024-02-20,79
P001063,U0197,C004,2024-08-10,99
P001064,U0197,C011,2024-08-11,79
P001065,U0197,C012,2024-08-30,49
P001066,U0197,C010,2024-10-16,49
P001067,U0198,C005,2023-06-25,49
P001068,U0198,C015,2024-01-02,89
P001069,U0198,C014,2024-02-23,79
P001070,U0198,C009,2024-03-16,39
P001071,U0198,C002,2024-04-06,89
P001072,U0198,C004,2024-04-22,99
P001073,U0198,C008,2024-06-22,29
P001074,U0198,C006,2024-08-03,49
P001075,U0199,C002,2024-11-09,89
P001076,U0199,C013,2024-11-23,69
P001077,U0199,C012,2024-12-17,49
P001078,U0200,C008,2024-12-20,29
P001079,U0201,C014,2023-09-15,79
P001080,U0201,C009,2024-01-13,39
P001081,U0201,C007,2024-03-15,19
P001082,U0201,C013,2024-03-25,69
P001083,U0201,C002,2024-07-28,89
P001084,U0201,C010,2024-10-14,49
P001085,U0201,C005,2024-11-18,49
P001086,U0202,C013,2023-03-22,69
P001087,U0202,C004,2023-07-06,99
P001088,U0202,C003,2023-07-19,79
P001089,U0202,C006,2023-08-14,49
P001090,U0202,C001,2024-02-06,99
P001091,U0202,C014,2024-06-29,79
P001092,U0202,C011,2024-09-01,79
P001093,U0202,C007,2024-09-05,19
P001094,U0203,C003,2022-12-09,79
P001095,U0203,C005,2023-08-27,49
P001096,U0203,C010,2024-04-22,49
P001097,U0203,C013,2024-07-20,69
P001098,U0204,C014,2022-10-14,79
P001099,U0204,C004,2023-08-10,99
P001100,U0204,C009,2024-07-03,39
P001101,U0204,C013,2024-11-23,69
P001102,U0205,C005,2022-10-31,49
P001103,U0205,C008,2023-11-27,29
P001104,U0206,C015,2023-01-25,89
P001105,U0206,C009,2024-04-19,39
P001106,U0207,C008,2024-12-05,29
P001107,U0208,C007,2024-09-12,19
P001108,U0208,C005,2024-09-15,49
P001109,U0208,C003,2024-10-02,79
P001110,U0208,C002,2024-10-08,89
P001111,U0208,C009,2024-10-15,39
P001112,U0208,C010,2024-11-01,49
P001113,U0209,C006,2023-03-22,49
P001114,U0209,C013,2023-04-27,69
P001115,U0209,C010,2023-05-14,49
P001116,U0209,C012,2023-06-19,49
P001117,U0209,C001,2023-07-30,99
P001118,U0209,C008,2023-08-18,29
P001119,U0209,C011,2024-11-01,79
P001120,U0209,C014,2024-11-03,79
P001121,U0210,C003,2023-02-21,79
P001122,U0211,C013,2023-11-25,69
P001123,U0211,C002,2024-04-25,89
P001124,U0211,C008,2024-12-28,29
P001125,U0212,C014,2024-09-04,79
P001126,U0212,C005,2024-10-28,49
P001127,U0212,C015,2024-11-20,89
P001128,U0212,C011,2024-11-20,79
P001129,U0212,C001,2024-12-09,99
P001130,U0213,C005,2023-08-05,49
P001131,U0213,C011,2023-09-19,79
P001132,U0213,C007,2023-12-15,19
P001133,U0213,C013,2024-03-06,69
P001134,U0213,C015,2024-04-26,89
P001135,U0213,C003,2024-09-07,79
P001136,U0213,C009,2024-11-01,39
P001137,U0213,C002,2024-11-06,89
P001138,U0213,C004,2024-11-12,99
P001139,U0214,C015,2024-09-16,89
P001140,U0214,C005,2024-09-22,49
P001141,U0214,C009,2024-10-09,39
P001142,U0214,C001,2024-10-25,99
P001143,U0214,C011,2024-11-07,79
P001144,U0214,C007,2024-11-12,19
P001145,U0214,C008,2024-11-14,29
P001146,U0214,C012,2024-11-23,49
P001147,U0214,C002,2024-11-24,89
P001148,U0214,C010,2024-11-28,49
P001149,U0214,C003,2024-12-05,79
P001150,U0214,C014,2024-12-26,79
P001151,U0215,C015,2022-03-26,89
P001152,U0215,C001,2023-11-07,99
P001153,U0215,C011,2024-04-20,79
P001154,U0215,C013,2024-07-29,69
P001155,U0215,C014,2024-11-02,79
P001156,U0216,C008,2024-07-22,29
P001157,U0216,C003,2024-09-14,79
P001158,U0216,C015,2024-10-22,89
P001159,U0216,C001,2024-11-17,99
P001160,U0216,C010,2024-11-18,49
P001161,U0216,C013,2024-11-21,69
P001162,U0217,C011,2023-01-10,79
P001163,U0217,C004,2023-03-09,99
P001164,U0217,C014,2023-05-18,79
P001165,U0217,C008,2024-05-21,29
P001166,U0217,C012,2024-05-29,49
P001167,U0217,C013,2024-12-08,69
P001168,U0218,C010,2022-07-02,49
P001169,U0218,C014,2023-09-10,79
P001170,U0219,C001,2024-04-16,99
P001171,U0219,C002,2024-11-07,89
P001172,U0219,C014,2024-12-16,79
P001173,U0220,C008,2024-05-18,29
P001174,U0220,C012,2024-06-02,49
P001175,U0220,C001,2024-06-22,99
P001176,U0220,C007,2024-06-28,19
P001177,U0221,C006,2022-10-15,49
P001178,U0221,C009,2023-05-28,39
P001179,U0221,C004,2023-11-13,99
P001180,U0221,C005,2024-02-26,49
P001181,U0221,C003,2024-04-12,79
P001182,U0221,C014,2024-06-25,79
P001183,U0221,C007,2024-08-06,19
P001184,U0221,C012,2024-08-29,49
P001185,U0221,C013,2024-11-14,69
P001186,U0222,C011,2024-02-11,79
P001187,U0222,C004,2024-02-22,99
P001188,U0222,C010,2024-09-17,49
P001189,U0222,C005,2024-09-24,49
P001190,U0222,C012,2024-10-04,49
P001191,U0222,C009,2024-10-20,39
P001192,U0222,C013,2024-11-19,69
P001193,U0223,C003,2022-04-16,79
P001194,U0223,C012,2022-05-18,49
P001195,U0223,C008,2022-07-27,29
P001196,U0223,C014,2022-09-15,79
P001197,U0223,C009,2023-07-19,39
P001198,U0223,C005,2023-08-11,49
P001199,U0223,C013,2024-02-21,69
P001200,U0223,C004,2024-04-07,99
P001201,U0223,C007,2024-04-15,19
P001202,U0223,C001,2024-05-22,99
P001203,U0223,C006,2024-08-29,49
P001204,U0223,C015,2024-11-04,89
P001205,U0224,C005,2023-10-03,49
P001206,U0224,C013,2024-03-11,69
P001207,U0224,C004,2024-03-26,99
P001208,U0224,C002,2024-04-03,89
P001209,U0224,C011,2024-09-19,79
P001210,U0225,C003,2024-07-01,79
P001211,U0225,C010,2024-07-20,49
P001212,U0225,C004,2024-07-26,99
P001213,U0226,C006,2023-09-21,49
P001214,U0226,C004,2023-09-30,99
P001215,U0226,C002,2024-03-19,89
P001216,U0226,C008,2024-05-20,29
P001217,U0226,C013,2024-08-16,69
P001218,U0226,C001,2024-12-30,99
P001219,U0227,C001,2023-07-09,99
P001220,U0228,C009,2024-09-14,39
P001221,U0228,C007,2024-09-19,19
P001222,U0228,C013,2024-09-20,69
P001223,U0229,C012,2022-09-10,49
P001224,U0229,C006,2022-12-15,49
P001225,U0229,C007,2023-12-16,19
P001226,U0229,C009,2024-07-27,39
P001227,U0229,C003,2024-10-14,79
P001228,U0230,C005,2023-08-23,49
P001229,U0231,C004,2024-06-04,99
P001230,U0231,C012,2024-07-25,49
P001231,U0231,C010,2024-12-03,49
P001232,U0232,C009,2022-03-14,39
P001233,U0232,C010,2023-02-16,49
P001234,U0232,C003,2023-04-17,79
P001235,U0232,C004,2024-03-07,99
P001236,U0232,C015,2024-07-22,89
P001237,U0233,C008,2024-03-11,29
P001238,U0233,C004,2024-07-16,99
P001239,U0233,C001,2024-10-30,99
P001240,U0234,C004,2024-09-07,99
P001241,U0234,C010,2024-09-14,49
P001242,U0234,C009,2024-09-14,39
P001243,U0234,C012,2024-09-15,49
P001244,U0234,C014,2024-09-15,79
P001245,U0234,C011,2024-09-18,79
P001246,U0234,C005,2024-09-18,49
P001247,U0235,C005,2022-11-11,49
P001248,U0235,C002,2024-01-18,89
P001249,U0235,C013,2024-05-30,69
P001250,U0236,C014,2022-07-15,79
P001251,U0236,C015,2023-01-06,89
P001252,U0236,C001,2023-07-25,99
P001253,U0236,C007,2023-08-05,19
P001254,U0236,C010,2024-03-31,49
P001255,U0236,C013,2024-09-20,69
P001256,U0236,C011,2024-10-31,79
P001257,U0236,C008,2024-12-05,29
P001258,U0237,C015,2024-06-23,89
P001259,U0237,C009,2024-07-11,39
P001260,U0237,C012,2024-09-04,49
P001261,U0238,C005,2024-01-21,49
P001262,U0238,C009,2024-02-11,39
P001263,U0238,C006,2024-08-10,49
P001264,U0239,C002,2024-09-17,89
P001265,U0239,C010,2024-10-15,49
P001266,U0239,C005,2024-10-24,49
P001267,U0239,C014,2024-10-26,79
P001268,U0239,C008,2024-12-22,29
P001269,U0240,C015,2024-03-31,89
P001270,U0240,C014,2024-04-12,79
P001271,U0240,C008,2024-06-20,29
P001272,U0241,C015,2023-03-21,89
P001273,U0241,C008,2023-10-20,29
P001274,U0241,C003,2023-12-09,79
P001275,U0241,C011,2024-02-24,79
P001276,U0241,C001,2024-04-06,99
P001277,U0241,C002,2024-10-13,89
P001278,U0242,C015,2023-06-09,89
P001279,U0242,C014,2023-09-30,79
P001280,U0242,C011,2023-11-05,79
P001281,U0242,C007,2024-03-04,19
P001282,U0242,C006,2024-04-07,49
P001283,U0242,C013,2024-04-29,69
P001284,U0242,C001,2024-05-06,99
P001285,U0242,C012,2024-05-17,49
P001286,U0242,C003,2024-12-16,79
P001287,U0243,C009,2024-12-20,39
P001288,U0244,C006,2024-03-29,49
P001289,U0244,C002,2024-04-19,89
P001290,U0244,C009,2024-07-07,39
P001291,U0244,C013,2024-08-21,69
P001292,U0245,C013,2024-01-18,69
P001293,U0245,C003,2024-04-05,79
P001294,U0245,C011,2024-06-09,79
P001295,U0245,C004,2024-08-09,99
P001296,U0245,C014,2024-10-24,79
P001297,U0245,C002,2024-11-08,89
P001298,U0246,C004,2022-09-13,99
P001299,U0246,C012,2023-01-03,49
P001300,U0246,C006,2023-06-13,49
P001301,U0246,C001,2023-06-26,99
P001302,U0246,C002,2023-09-07,89
P001303,U0246,C011,2023-10-24,79
P001304,U0246,C013,2024-03-24,69
P001305,U0246,C009,2024-12-12,39
P001306,U0247,C001,2024-12-24,99
P001307,U0248,C015,2024-01-22,89
P001308,U0248,C011,2024-02-11,79
P001309,U0248,C013,2024-02-18,69
P001310,U0248,C009,2024-03-06,39
P001311,U0248,C002,2024-04-20,89
P001312,U0249,C011,2023-08-24,79
P001313,U0249,C003,2024-02-20,79
P001314,U0250,C002,2023-12-04,89
P001315,U0250,C003,2024-02-03,79
P001316,U0250,C007,2024-05-07,19
P001317,U0250,C014,2024-09-18,79
P001318,U0251,C015,2023-09-27,89
P001319,U0251,C011,2023-12-23,79
P001320,U0251,C003,2024-03-02,79
P001321,U0252,C007,2023-09-26,19
P001322,U0252,C001,2023-09-28,99
P001323,U0252,C011,2024-02-14,79
P001324,U0252,C009,2024-02-26,39
P001325,U0252,C008,2024-03-04,29
P001326,U0252,C015,2024-05-06,89
P001327,U0252,C010,2024-08-13,49
P001328,U0252,C012,2024-10-15,49
P001329,U0252,C014,2024-11-02,79
P001330,U0253,C008,2024-01-02,29
P001331,U0253,C009,2024-01-03,39
P001332,U0253,C005,2024-01-06,49
P001333,U0253,C011,2024-01-13,79
P001334,U0254,C007,2023-08-25,19
P001335,U0254,C012,2023-10-25,49
P001336,U0254,C010,2024-10-01,49
P001337,U0255,C013,2022-12-29,69
P001338,U0255,C009,2023-11-08,39
P001339,U0256,C010,2024-04-15,49
P001340,U0256,C012,2024-06-17,49
P001341,U0256,C005,2024-06-18,49
P001342,U0256,C001,2024-06-19,99
P001343,U0256,C013,2024-07-01,69
P001344,U0256,C011,2024-07-11,79
P001345,U0256,C004,2024-09-04,99
P001346,U0256,C003,2024-10-04,79
P001347,U0256,C009,2024-11-24,39
P001348,U0256,C008,2024-12-19,29
P001349,U0257,C013,2024-05-22,69
P001350,U0257,C015,2024-07-07,89
P001351,U0257,C006,2024-09-18,49
P001352,U0257,C012,2024-09-24,49
P001353,U0258,C010,2023-08-19,49
P001354,U0258,C009,2024-01-24,39
P001355,U0258,C012,2024-05-14,49
P001356,U0258,C006,2024-08-02,49
P001357,U0258,C002,2024-09-11,89
P001358,U0258,C011,2024-11-24,79
P001359,U0259,C015,2022-11-27,89
P001360,U0259,C012,2023-08-05,49
P001361,U0259,C006,2023-09-20,49
P001362,U0259,C001,2023-10-22,99
P001363,U0259,C011,2024-05-20,79
P001364,U0259,C009,2024-09-21,39
P001365,U0260,C009,2023-01-09,39
P001366,U0260,C014,2023-02-18,79
P001367,U0260,C011,2023-09-14,79
P001368,U0260,C013,2023-09-21,69
P001369,U0260,C004,2024-04-22,99
P001370,U0260,C001,2024-06-18,99
P001371,U0260,C003,2024-10-07,79
P001372,U0261,C015,2022-09-01,89
P001373,U0261,C010,2023-03-02,49
P001374,U0262,C007,2022-07-12,19
P001375,U0262,C011,2022-10-24,79
P001376,U0262,C010,2023-03-14,49
P001377,U0262,C006,2023-04-25,49
P001378,U0262,C001,2024-05-03,99
P001379,U0262,C009,2024-10-16,39
P001380,U0262,C012,2024-11-28,49
P001381,U0263,C002,2023-06-25,89
P001382,U0263,C008,2023-07-06,29
P001383,U0263,C009,2024-10-17,39
P001384,U0263,C012,2024-12-26,49
P001385,U0264,C013,2022-09-20,69
P001386,U0264,C003,2023-01-23,79
P001387,U0265,C008,2023-06-24,29
P001388,U0265,C005,2023-11-13,49
P001389,U0265,C012,2024-05-05,49
P001390,U0265,C014,2024-07-15,79
P001391,U0266,C010,2023-12-22,49
P001392,U0266,C015,2024-01-17,89
P001393,U0266,C008,2024-03-08,29
P001394,U0266,C011,2024-03-14,79
P001395,U0266,C003,2024-08-18,79
P001396,U0266,C004,2024-09-02,99
P001397,U0266,C014,2024-12-13,79
P001398,U0267,C011,2023-05-08,79
P001399,U0267,C012,2023-08-16,49
P001400,U0267,C004,2024-09-12,99
P001401,U0267,C013,2024-12-01,69
P001402,U0268,C006,2022-10-21,49
P001403,U0268,C010,2022-11-22,49
P001404,U0268,C001,2023-01-23,99
P001405,U0268,C007,2024-05-05,19
P001406,U0268,C014,2024-08-14,79
P001407,U0268,C005,2024-09-28,49
P001408,U0268,C011,2024-12-28,79
P001409,U0269,C008,2022-04-25,29
P001410,U0269,C007,2024-01-31,19
P001411,U0269,C001,2024-07-11,99
P001412,U0269,C003,2024-08-11,79
P001413,U0269,C014,2024-08-12,79
P001414,U0269,C010,2024-08-15,49
P001415,U0269,C004,2024-08-24,99
P001416,U0270,C001,2023-12-13,99
P001417,U0270,C002,2023-12-26,89
P001418,U0270,C008,2023-12-28,29
P001419,U0270,C003,2024-02-27,79
P001420,U0270,C014,2024-04-08,79
P001421,U0270,C004,2024-04-24,99
P001422,U0270,C010,2024-06-14,49
P001423,U0270,C011,2024-08-20,79
P001424,U0271,C002,2023-12-30,89
P001425,U0271,C011,2024-03-04,79
P001426,U0271,C006,2024-03-13,49
P001427,U0271,C008,2024-04-15,29
P001428,U0271,C015,2024-04-30,89
P001429,U0271,C001,2024-07-05,99
P001430,U0271,C007,2024-07-17,19
P001431,U0271,C005,2024-07-26,49
P001432,U0271,C009,2024-10-14,39
P001433,U0272,C011,2024-04-05,79
P001434,U0272,C009,2024-04-16,39
P001435,U0272,C015,2024-05-26,89
P001436,U0272,C004,2024-10-25,99
P001437,U0272,C007,2024-11-21,19
P001438,U0273,C002,2023-06-04,89
P001439,U0274,C001,2024-07-21,99
P001440,U0274,C012,2024-08-29,49
P001441,U0274,C009,2024-09-30,39
P001442,U0274,C014,2024-11-07,79
P001443,U0275,C012,2024-12-22,49
P001444,U0275,C006,2024-12-26,49
P001445,U0276,C003,2024-12-21,79
P001446,U0277,C012,2024-09-10,49
P001447,U0277,C010,2024-09-11,49
P001448,U0277,C015,2024-09-23,89
P001449,U0277,C001,2024-10-02,99
P001450,U0277,C013,2024-10-03,69
P001451,U0277,C002,2024-10-21,89
P001452,U0278,C015,2022-05-23,89
P001453,U0278,C012,2022-10-06,49
P001454,U0278,C001,2023-05-30,99
P001455,U0278,C007,2023-08-02,19
P001456,U0278,C003,2023-10-11,79
P001457,U0278,C005,2024-04-28,49
P001458,U0278,C002,2024-10-03,89
P001459,U0278,C011,2024-11-09,79
P001460,U0279,C009,2024-06-09,39
P001461,U0279,C013,2024-06-28,69
P001462,U0279,C004,2024-08-14,99
P001463,U0279,C015,2024-08-17,89
P001464,U0279,C010,2024-08-21,49
P001465,U0279,C001,2024-08-28,99
P001466,U0280,C015,2024-05-17,89
P001467,U0280,C007,2024-06-07,19
P001468,U0280,C011,2024-08-12,79
P001469,U0280,C012,2024-10-07,49
P001470,U0280,C002,2024-10-10,89
P001471,U0281,C008,2024-02-14,29
P001472,U0281,C011,2024-02-15,79
P001473,U0281,C003,2024-04-05,79
P001474,U0281,C006,2024-05-02,49
P001475,U0281,C007,2024-07-17,19
P001476,U0281,C002,2024-09-06,89
P001477,U0282,C001,2023-07-12,99
P001478,U0282,C008,2023-11-15,29
P001479,U0282,C007,2023-11-22,19
P001480,U0282,C010,2024-05-30,49
P001481,U0282,C011,2024-08-24,79
P001482,U0283,C004,2024-09-29,99
P001483,U0283,C006,2024-10-02,49
P001484,U0283,C014,2024-10-14,79
P001485,U0283,C008,2024-10-17,29
P001486,U0283,C003,2024-10-20,79
P001487,U0283,C010,2024-10-20,49
P001488,U0283,C007,2024-10-26,19
P001489,U0283,C001,2024-10-29,99
P001490,U0283,C013,2024-11-07,69
P001491,U0283,C009,2024-11-12,39
P001492,U0283,C002,2024-11-22,89
P001493,U0283,C015,2024-12-03,89
P001494,U0284,C002,2023-06-14,89
P001495,U0285,C013,2022-12-08,69
P001496,U0285,C001,2023-03-29,99
P001497,U0285,C008,2023-07-23,29
P001498,U0285,C006,2024-12-03,49
P001499,U0286,C015,2023-01-15,89
P001500,U0287,C003,2024-02-09,79
P001501,U0287,C004,2024-05-13,99
P001502,U0288,C011,2022-12-20,79
P001503,U0288,C001,2024-08-07,99
P001504,U0289,C012,2022-12-23,49
P001505,U0289,C009,2024-01-20,39
P001506,U0289,C003,2024-02-09,79
P001507,U0289,C002,2024-04-20,89
P001508,U0289,C008,2024-11-23,29
P001509,U0290,C013,2022-12-21,69
P001510,U0290,C005,2023-04-10,49
P001511,U0290,C003,2023-07-09,79
P001512,U0290,C006,2023-10-11,49
P001513,U0290,C011,2023-10-16,79
P001514,U0290,C008,2023-11-01,29
P001515,U0290,C012,2023-11-26,49
P001516,U0290,C001,2024-01-17,99
P001517,U0290,C002,2024-04-19,89
P001518,U0290,C015,2024-12-20,89
P001519,U0291,C013,2024-08-31,69
P001520,U0291,C015,2024-09-06,89
P001521,U0291,C006,2024-09-14,49
P001522,U0291,C004,2024-10-06,99
P001523,U0291,C010,2024-10-07,49
P001524,U0291,C001,2024-10-09,99
P001525,U0291,C007,2024-10-15,19
P001526,U0291,C002,2024-10-24,89
P001527,U0291,C003,2024-11-01,79
P001528,U0292,C007,2024-11-18,19
P001529,U0292,C006,2024-12-13,49
P001530,U0293,C006,2023-04-17,49
P001531,U0293,C005,2023-09-12,49
P001532,U0293,C001,2024-03-16,99
P001533,U0294,C005,2024-10-06,49
P001534,U0294,C013,2024-10-07,69
P001535,U0294,C015,2024-10-15,89
P001536,U0294,C009,2024-10-18,39
P001537,U0294,C011,2024-11-01,79
P001538,U0294,C001,2024-11-26,99
P001539,U0295,C011,2023-05-29,79
P001540,U0295,C008,2023-12-14,29
P001541,U0296,C013,2024-11-30,69
P001542,U0296,C009,2024-12-19,39
P001543,U0297,C003,2023-09-20,79
P001544,U0297,C008,2023-11-17,29
P001545,U0297,C007,2024-02-29,19
P001546,U0298,C010,2023-10-10,49
P001547,U0298,C013,2023-11-24,69
P001548,U0299,C005,2024-04-28,49
P001549,U0299,C001,2024-07-11,99
P001550,U0299,C013,2024-07-17,69
P001551,U0299,C009,2024-08-19,39
P001552,U0299,C002,2024-09-07,89
P001553,U0299,C007,2024-12-17,19
P001554,U0300,C004,2023-11-18,99
P001555,U0300,C013,2023-12-20,69
P001556,U0300,C009,2024-01-16,39
P001557,U0300,C014,2024-03-13,79
P001558,U0300,C012,2024-06-09,49
P001559,U0300,C007,2024-11-02,19
P001560,U0300,C006,2024-11-08,49
P001561,U0301,C007,2023-10-12,19
P001562,U0301,C011,2023-10-26,79
P001563,U0301,C002,2023-11-02,89
P001564,U0301,C006,2023-12-10,49
P001565,U0301,C005,2024-03-26,49
P001566,U0301,C004,2024-03-30,99
P001567,U0301,C015,2024-04-15,89
P001568,U0301,C012,2024-07-24,49
P001569,U0301,C009,2024-07-27,39
P001570,U0302,C001,2023-11-18,99
P001571,U0302,C006,2023-12-09,49
P001572,U0302,C002,2023-12-15,89
P001573,U0302,C013,2023-12-26,69
P001574,U0302,C011,2024-02-25,79
P001575,U0302,C014,2024-04-04,79
P001576,U0302,C007,2024-04-25,19
P001577,U0302,C003,2024-06-16,79
P001578,U0302,C012,2024-08-22,49
P001579,U0303,C010,2024-12-21,49
P001580,U0304,C009,2024-10-15,39
P001581,U0304,C004,2024-10-20,99
P001582,U0304,C007,2024-10-24,19
P001583,U0304,C010,2024-10-30,49
P001584,U0304,C012,2024-11-03,49
P001585,U0304,C001,2024-11-05,99
P001586,U0304,C015,2024-11-08,89
P001587,U0305,C015,2023-07-10,89
P001588,U0306,C012,2023-01-03,49
P001589,U0306,C011,2023-01-27,79
P001590,U0306,C004,2023-11-14,99
P001591,U0306,C005,2024-06-07,49
P001592,U0306,C002,2024-11-15,89
P001593,U0306,C015,2024-12-07,89
P001594,U0307,C009,2023-05-07,39
P001595,U0307,C011,2024-04-04,79
P001596,U0307,C003,2024-06-12,79
P001597,U0307,C007,2024-09-24,19
P001598,U0308,C001,2022-08-03,99
P001599,U0308,C006,2024-03-26,49
P001600,U0308,C005,2024-05-01,49
P001601,U0308,C010,2024-07-19,49
P001602,U0308,C008,2024-11-17,29
P001603,U0309,C013,2024-09-05,69
P001604,U0309,C001,2024-09-21,99
P001605,U0309,C014,2024-10-07,79
P001606,U0309,C006,2024-10-24,49
P001607,U0309,C005,2024-11-06,49
P001608,U0310,C009,2023-08-27,39
P001609,U0310,C008,2023-09-30,29
P001610,U0310,C014,2023-11-25,79
P001611,U0310,C015,2024-04-13,89
P001612,U0310,C003,2024-09-07,79
P001613,U0311,C004,2023-10-12,99
P001614,U0311,C014,2023-11-12,79
P001615,U0311,C009,2024-05-26,39
P001616,U0311,C013,2024-06-18,69
P001617,U0311,C005,2024-06-19,49
P001618,U0311,C010,2024-07-05,49
P001619,U0311,C001,2024-09-06,99
P001620,U0311,C012,2024-10-25,49
P001621,U0312,C009,2024-09-02,39
P001622,U0312,C004,2024-09-23,99
P001623,U0312,C008,2024-09-25,29
P001624,U0312,C002,2024-09-25,89
P001625,U0312,C011,2024-10-15,79
P001626,U0313,C007,2024-09-18,19
P001627,U0313,C009,2024-10-05,39
P001628,U0313,C004,2024-10-12,99
P001629,U0314,C009,2024-01-20,39
P001630,U0314,C011,2024-05-04,79
P001631,U0314,C012,2024-05-11,49
P001632,U0314,C006,2024-07-28,49
P001633,U0314,C014,2024-10-04,79
P001634,U0314,C003,2024-10-29,79
P001635,U0315,C002,2022-09-16,89
P001636,U0315,C010,2022-10-03,49
P001637,U0315,C009,2022-11-10,39
P001638,U0315,C012,2023-12-16,49
P001639,U0315,C007,2024-04-19,19
P001640,U0315,C014,2024-09-04,79
P001641,U0315,C008,2024-10-09,29
P001642,U0315,C011,2024-10-28,79
P001643,U0316,C002,2024-04-30,89
P001644,U0316,C010,2024-12-26,49
P001645,U0317,C006,2023-11-15,49
P001646,U0317,C015,2023-12-08,89
P001647,U0317,C001,2024-04-01,99
P001648,U0317,C011,2024-07-02,79
P001649,U0317,C004,2024-07-05,99
P001650,U0317,C005,2024-08-01,49
P001651,U0318,C003,2023-05-28,79
P001652,U0318,C002,2023-12-08,89
P001653,U0318,C012,2024-01-30,49
P001654,U0318,C006,2024-09-29,49
P001655,U0319,C001,2022-05-27,99
P001656,U0319,C004,2023-07-18,99
P001657,U0319,C010,2024-07-12,49
P001658,U0320,C010,2022-05-04,49
P001659,U0320,C006,2022-07-19,49
P001660,U0320,C007,2022-10-16,19
P001661,U0320,C009,2022-11-29,39
P001662,U0320,C008,2022-12-04,29
P001663,U0320,C005,2023-04-13,49
P001664,U0320,C015,2024-04-10,89
P001665,U0320,C002,2024-07-29,89
P001666,U0321,C006,2024-01-13,49
P001667,U0321,C010,2024-10-31,49
P001668,U0321,C012,2024-12-20,49
P001669,U0322,C005,2023-12-11,49
P001670,U0322,C014,2023-12-14,79
P001671,U0322,C009,2024-01-25,39
P001672,U0322,C015,2024-01-26,89
P001673,U0322,C011,2024-03-23,79
P001674,U0322,C008,2024-03-25,29
P001675,U0322,C004,2024-04-20,99
P001676,U0322,C010,2024-05-20,49
P001677,U0322,C001,2024-12-08,99
P001678,U0323,C003,2023-03-03,79
P001679,U0323,C008,2023-12-28,29
P001680,U0324,C006,2022-11-17,49
P001681,U0324,C005,2022-11-23,49
P001682,U0324,C002,2022-12-30,89
P001683,U0324,C010,2023-10-21,49
P001684,U0324,C013,2024-06-13,69
P001685,U0324,C003,2024-09-29,79
P001686,U0325,C008,2022-04-23,29
P001687,U0325,C014,2022-05-18,79
P001688,U0325,C015,2022-10-26,89
P001689,U0325,C006,2023-04-06,49
P001690,U0325,C011,2024-11-04,79
P001691,U0326,C006,2023-07-20,49
P001692,U0327,C003,2023-01-11,79
P001693,U0327,C012,2023-05-08,49
P001694,U0327,C001,2023-08-20,99
P001695,U0327,C011,2023-11-21,79
P001696,U0327,C006,2023-11-29,49
P001697,U0327,C013,2024-03-19,69
P001698,U0327,C008,2024-10-13,29
P001699,U0328,C013,2022-06-30,69
P001700,U0328,C002,2022-11-15,89
P001701,U0328,C015,2024-04-25,89
P001702,U0328,C008,2024-07-13,29
P001703,U0329,C005,2022-12-22,49
P001704,U0329,C002,2023-02-26,89
P001705,U0329,C011,2023-06-11,79
P001706,U0329,C009,2024-06-19,39
P001707,U0329,C015,2024-06-26,89
P001708,U0329,C006,2024-10-30,49
P001709,U0329,C014,2024-11-06,79
P001710,U0330,C006,2023-10-30,49
P001711,U0330,C012,2023-11-21,49
P001712,U0330,C014,2024-01-17,79
P001713,U0330,C008,2024-03-18,29
P001714,U0330,C015,2024-03-26,89
P001715,U0330,C010,2024-04-30,49
P001716,U0330,C001,2024-09-26,99
P001717,U0330,C013,2024-12-23,69
P001718,U0331,C011,2024-04-10,79
P001719,U0331,C004,2024-06-27,99
P001720,U0332,C015,2022-03-18,89
P001721,U0332,C003,2022-04-12,79
P001722,U0332,C004,2022-06-29,99
P001723,U0332,C007,2023-02-15,19
P001724,U0332,C014,2023-05-24,79
P001725,U0332,C010,2023-12-26,49
P001726,U0332,C012,2024-03-10,49
P001727,U0332,C005,2024-08-17,49
P001728,U0332,C009,2024-08-28,39
P001729,U0333,C001,2023-02-23,99
P001730,U0333,C002,2024-03-17,89
P001731,U0333,C013,2024-07-25,69
P001732,U0334,C011,2023-10-07,79
P001733,U0335,C006,2022-12-09,49
P001734,U0335,C012,2023-07-15,49
P001735,U0335,C005,2023-07-23,49
P001736,U0335,C009,2023-09-19,39
P001737,U0335,C010,2023-12-22,49
P001738,U0335,C014,2024-01-24,79
P001739,U0335,C013,2024-09-08,69
P001740,U0335,C002,2024-12-09,89
P001741,U0336,C008,2023-11-29,29
P001742,U0336,C002,2024-02-25,89
P001743,U0336,C014,2024-04-21,79
P001744,U0336,C011,2024-08-13,79
P001745,U0336,C012,2024-09-15,49
P001746,U0336,C007,2024-11-24,19
P001747,U0337,C008,2023-08-18,29
P001748,U0337,C006,2023-11-03,49
P001749,U0337,C010,2023-12-31,49
P001750,U0337,C007,2024-04-08,19
P001751,U0337,C014,2024-05-03,79
P001752,U0337,C005,2024-05-06,49
P001753,U0337,C009,2024-11-20,39
P001754,U0338,C009,2024-07-09,39
P001755,U0338,C005,2024-07-14,49
P001756,U0338,C011,2024-07-29,79
P001757,U0338,C014,2024-08-05,79
P001758,U0339,C015,2023-10-29,89
P001759,U0339,C008,2024-07-01,29
P001760,U0339,C012,2024-10-28,49
P001761,U0340,C007,2023-02-14,19
P001762,U0340,C014,2023-03-04,79
P001763,U0340,C001,2023-11-20,99
P001764,U0340,C006,2024-05-13,49
P001765,U0340,C008,2024-12-13,29
P001766,U0341,C009,2022-05-03,39
P001767,U0341,C011,2023-01-01,79
P001768,U0341,C010,2023-04-16,49
P001769,U0341,C004,2023-06-09,99
P001770,U0341,C006,2023-10-14,49
P001771,U0341,C008,2024-01-16,29
P001772,U0341,C002,2024-08-03,89
P001773,U0341,C015,2024-11-08,89
P001774,U0342,C004,2024-02-07,99
P001775,U0342,C002,2024-12-17,89
P001776,U0343,C003,2023-02-13,79
P001777,U0343,C004,2023-03-23,99
P001778,U0343,C009,2023-03-26,39
P001779,U0343,C011,2023-12-28,79
P001780,U0343,C006,2024-05-02,49
P001781,U0343,C010,2024-07-14,49
P001782,U0344,C007,2023-12-12,19
P001783,U0344,C009,2024-05-16,39
P001784,U0345,C001,2024-08-02,99
P001785,U0345,C014,2024-08-04,79
P001786,U0345,C007,2024-08-10,19
P001787,U0345,C006,2024-09-12,49
P001788,U0345,C008,2024-09-12,29
P001789,U0346,C006,2024-11-18,49
P001790,U0346,C015,2024-11-18,89
P001791,U0346,C001,2024-11-19,99
P001792,U0346,C013,2024-11-22,69
P001793,U0346,C012,2024-11-26,49
P001794,U0346,C010,2024-11-28,49
P001795,U0346,C003,2024-11-29,79
P001796,U0346,C008,2024-11-30,29
P001797,U0347,C015,2023-12-24,89
P001798,U0347,C009,2024-01-10,39
P001799,U0347,C011,2024-06-27,79
P001800,U0347,C006,2024-08-10,49
P001801,U0347,C012,2024-11-24,49
P001802,U0348,C004,2024-03-14,99
P001803,U0348,C002,2024-07-09,89
P001804,U0349,C008,2023-05-12,29
P001805,U0349,C012,2023-06-09,49
P001806,U0349,C001,2024-08-07,99
P001807,U0349,C006,2024-09-21,49
P001808,U0350,C004,2023-11-12,99
P001809,U0350,C006,2023-12-26,49
P001810,U0350,C010,2024-07-06,49
P001811,U0351,C009,2023-08-12,39
P001812,U0351,C006,2023-10-09,49
P001813,U0351,C005,2024-01-01,49
P001814,U0351,C007,2024-04-13,19
P001815,U0351,C010,2024-08-04,49
P001816,U0352,C006,2023-03-10,49
P001817,U0352,C007,2023-05-09,19
P001818,U0352,C009,2023-05-12,39
P001819,U0352,C005,2024-06-06,49
P001820,U0352,C015,2024-07-07,89
P001821,U0353,C009,2023-12-10,39
P001822,U0353,C015,2024-01-08,89
P001823,U0353,C002,2024-04-09,89
P001824,U0353,C005,2024-05-19,49
P001825,U0353,C008,2024-06-06,29
P001826,U0353,C003,2024-08-13,79
P001827,U0353,C012,2024-09-10,49
P001828,U0353,C014,2024-09-18,79
P001829,U0353,C006,2024-11-04,49
P001830,U0354,C015,2022-04-30,89
P001831,U0354,C004,2022-05-08,99
P001832,U0354,C008,2022-07-10,29
P001833,U0354,C001,2023-02-09,99
P001834,U0354,C011,2024-05-04,79
P001835,U0354,C014,2024-06-05,79
P001836,U0354,C005,2024-07-06,49
P001837,U0355,C013,2024-02-12,69
P001838,U0355,C003,2024-06-03,79
P001839,U0355,C005,2024-11-03,49
P001840,U0356,C013,2022-09-04,69
P001841,U0356,C012,2023-04-06,49
P001842,U0356,C004,2024-12-07,99
P001843,U0357,C009,2023-10-27,39
P001844,U0358,C003,2024-06-25,79
P001845,U0358,C014,2024-06-30,79
P001846,U0358,C004,2024-11-23,99
P001847,U0358,C013,2024-12-01,69
P001848,U0359,C005,2024-05-19,49
P001849,U0359,C004,2024-08-01,99
P001850,U0359,C002,2024-09-07,89
P001851,U0359,C011,2024-09-15,79
P001852,U0359,C007,2024-10-22,19
P001853,U0360,C002,2022-09-13,89
P001854,U0360,C015,2022-09-17,89
P001855,U0360,C007,2023-10-16,19
P001856,U0360,C001,2024-01-28,99
P001857,U0360,C011,2024-11-13,79
P001858,U0361,C014,2023-06-16,79
P001859,U0361,C012,2023-07-07,49
P001860,U0362,C012,2023-09-02,49
P001861,U0362,C011,2023-09-17,79
P001862,U0362,C006,2023-09-26,49
P001863,U0362,C007,2024-02-15,19
P001864,U0362,C008,2024-03-14,29
P001865,U0362,C015,2024-03-24,89
P001866,U0362,C005,2024-08-25,49
P001867,U0362,C009,2024-08-31,39
P001868,U0362,C001,2024-09-17,99
P001869,U0362,C004,2024-10-13,99
P001870,U0362,C014,2024-11-16,79
P001871,U0363,C004,2022-07-01,99
P001872,U0363,C013,2022-09-02,69
P001873,U0363,C002,2022-11-03,89
P001874,U0363,C001,2022-11-17,99
P001875,U0363,C015,2023-07-14,89
P001876,U0363,C007,2024-05-21,19
P001877,U0363,C014,2024-09-18,79
P001878,U0363,C005,2024-10-13,49
P001879,U0363,C010,2024-11-16,49
P001880,U0364,C002,2023-05-28,89
P001881,U0364,C010,2023-06-10,49
P001882,U0364,C011,2023-09-28,79
P001883,U0364,C004,2023-12-18,99
P001884,U0364,C005,2024-01-16,49
P001885,U0364,C015,2024-06-06,89
P001886,U0364,C012,2024-09-27,49
P001887,U0364,C008,2024-10-29,29
P001888,U0364,C014,2024-11-02,79
P001889,U0364,C006,2024-11-26,49
P001890,U0365,C012,2022-02-21,49
P001891,U0365,C003,2022-05-16,79
P001892,U0365,C011,2023-06-07,79
P001893,U0365,C006,2024-07-17,49
P001894,U0366,C006,2023-05-01,49
P001895,U0366,C009,2023-05-15,39
P001896,U0366,C010,2023-12-31,49
P001897,U0366,C011,2024-05-11,79
P001898,U0366,C015,2024-12-23,89
P001899,U0367,C011,2023-03-19,79
P001900,U0367,C013,2023-08-05,69
P001901,U0368,C004,2023-03-06,99
P001902,U0368,C006,2023-03-23,49
P001903,U0369,C002,2024-07-21,89
P001904,U0369,C011,2024-08-26,79
P001905,U0369,C010,2024-09-21,49
P001906,U0370,C015,2022-06-18,89
P001907,U0370,C008,2022-07-14,29
P001908,U0370,C007,2023-01-07,19
P001909,U0370,C006,2023-04-14,49
P001910,U0370,C010,2024-03-06,49
P001911,U0370,C001,2024-03-08,99
P001912,U0370,C014,2024-10-14,79
P001913,U0370,C013,2024-12-29,69
P001914,U0371,C004,2023-06-07,99
P001915,U0371,C005,2023-08-31,49
P001916,U0371,C001,2023-10-08,99
P001917,U0371,C003,2024-01-19,79
P001918,U0371,C006,2024-02-09,49
P001919,U0371,C015,2024-08-04,89
P001920,U0371,C013,2024-09-21,69
P001921,U0372,C013,2023-03-05,69
P001922,U0372,C011,2023-03-20,79
P001923,U0373,C009,2023-09-11,39
P001924,U0373,C005,2023-12-23,49
P001925,U0373,C004,2024-01-31,99
P001926,U0373,C006,2024-04-01,49
P001927,U0373,C008,2024-06-19,29
P001928,U0373,C001,2024-06-21,99
P001929,U0373,C013,2024-07-13,69
P001930,U0373,C007,2024-08-23,19
P001931,U0373,C003,2024-09-25,79
P001932,U0373,C015,2024-10-17,89
P001933,U0373,C011,2024-11-07,79
P001934,U0373,C012,2024-12-20,49
P001935,U0374,C004,2023-02-09,99
P001936,U0374,C003,2023-06-26,79
P001937,U0374,C013,2024-09-21,69
P001938,U0374,C005,2024-10-25,49
P001939,U0374,C006,2024-11-05,49
P001940,U0374,C009,2024-11-08,39
P001941,U0375,C008,2023-05-01,29
P001942,U0375,C009,2023-07-27,39
P001943,U0375,C012,2023-08-30,49
P001944,U0375,C003,2023-09-13,79
P001945,U0375,C002,2023-10-01,89
P001946,U0375,C013,2024-09-03,69
P001947,U0376,C006,2024-01-07,49
P001948,U0376,C008,2024-03-11,29
P001949,U0376,C015,2024-04-09,89
P001950,U0376,C009,2024-06-18,39
P001951,U0376,C002,2024-08-12,89
P001952,U0377,C013,2023-06-25,69
P001953,U0378,C010,2022-10-06,49
P001954,U0378,C008,2022-12-10,29
P001955,U0378,C006,2023-05-10,49
P001956,U0378,C011,2023-06-28,79
P001957,U0378,C013,2023-09-01,69
P001958,U0378,C004,2024-07-29,99
P001959,U0378,C009,2024-09-13,39
P001960,U0379,C007,2022-11-05,19
P001961,U0379,C013,2022-12-15,69
P001962,U0379,C015,2023-06-18,89
P001963,U0379,C011,2024-04-13,79
P001964,U0379,C014,2024-08-19,79
P001965,U0379,C005,2024-09-07,49
P001966,U0379,C004,2024-09-15,99
P001967,U0379,C009,2024-11-28,39
P001968,U0379,C008,2024-11-30,29
P001969,U0380,C014,2024-06-01,79
P001970,U0380,C012,2024-06-17,49
P001971,U0380,C009,2024-07-05,39
P001972,U0380,C006,2024-08-05,49
P001973,U0380,C011,2024-08-12,79
P001974,U0380,C003,2024-10-03,79
P001975,U0380,C004,2024-10-20,99
P001976,U0381,C006,2023-09-23,49
P001977,U0381,C002,2024-01-18,89
P001978,U0381,C009,2024-02-09,39
P001979,U0382,C002,2023-06-05,89
P001980,U0382,C014,2023-07-04,79
P001981,U0383,C010,2023-12-29,49
P001982,U0383,C009,2024-05-28,39
P001983,U0383,C015,2024-07-07,89
P001984,U0383,C012,2024-09-02,49
P001985,U0384,C014,2024-10-06,79
P001986,U0384,C008,2024-10-14,29
P001987,U0384,C010,2024-12-05,49
P001988,U0385,C013,2023-12-29,69
P001989,U0385,C004,2024-04-07,99
P001990,U0385,C005,2024-05-01,49
P001991,U0386,C003,2022-11-27,79
P001992,U0386,C001,2023-07-22,99
P001993,U0386,C007,2023-08-06,19
P001994,U0386,C014,2024-08-15,79
P001995,U0386,C006,2024-09-21,49
P001996,U0386,C002,2024-10-22,89
P001997,U0387,C013,2024-01-01,69
P001998,U0387,C001,2024-08-19,99
P001999,U0387,C009,2024-09-05,39
P002000,U0388,C007,2024-05-26,19
P002001,U0388,C015,2024-06-14,89
P002002,U0389,C015,2022-11-01,89
P002003,U0389,C007,2023-02-10,19
P002004,U0389,C009,2023-04-02,39
P002005,U0389,C010,2023-11-07,49
P002006,U0389,C012,2023-12-16,49
P002007,U0389,C005,2024-03-24,49
P002008,U0389,C001,2024-12-01,99
P002009,U0390,C011,2023-05-04,79
P002010,U0390,C002,2023-05-20,89
P002011,U0390,C001,2024-08-26,99
P002012,U0391,C011,2022-01-23,79
P002013,U0391,C001,2022-03-10,99
P002014,U0391,C012,2022-03-23,49
P002015,U0391,C006,2022-06-23,49
P002016,U0391,C010,2022-07-06,49
P002017,U0391,C003,2023-01-25,79
P002018,U0391,C008,2023-05-26,29
P002019,U0391,C014,2023-06-23,79
P002020,U0391,C009,2024-03-31,39
P002021,U0391,C007,2024-05-18,19
P002022,U0391,C005,2024-05-28,49
P002023,U0391,C015,2024-12-17,89
P002024,U0392,C013,2024-06-23,69
P002025,U0392,C006,2024-08-08,49
P002026,U0392,C007,2024-10-05,19
P002027,U0392,C015,2024-10-30,89
P002028,U0393,C010,2023-06-18,49
P002029,U0393,C011,2023-09-16,79
P002030,U0394,C005,2022-10-07,49
P002031,U0394,C013,2023-04-24,69
P002032,U0394,C001,2023-08-21,99
P002033,U0394,C003,2023-10-29,79
P002034,U0394,C009,2024-07-20,39
P002035,U0394,C012,2024-08-02,49
P002036,U0395,C004,2023-11-10,99
P002037,U0395,C010,2024-02-01,49
P002038,U0395,C006,2024-06-21,49
P002039,U0395,C015,2024-06-21,89
P002040,U0395,C014,2024-07-09,79
P002041,U0396,C007,2023-08-24,19
P002042,U0396,C002,2023-12-23,89
P002043,U0396,C015,2024-02-01,89
P002044,U0396,C010,2024-08-18,49
P002045,U0397,C009,2022-12-28,39
P002046,U0397,C002,2023-01-12,89
P002047,U0397,C015,2023-03-06,89
P002048,U0397,C005,2023-06-03,49
P002049,U0397,C001,2023-09-01,99
P002050,U0397,C007,2023-10-11,19
P002051,U0397,C014,2024-08-19,79
P002052,U0397,C013,2024-10-12,69
P002053,U0397,C008,2024-11-24,29
P002054,U0398,C006,2023-08-28,49
P002055,U0399,C013,2024-05-26,69
P002056,U0399,C009,2024-06-02,39
P002057,U0399,C005,2024-06-21,49
P002058,U0399,C004,2024-06-26,99
P002059,U0399,C010,2024-07-06,49
P002060,U0399,C011,2024-07-19,79
P002061,U0399,C015,2024-09-17,89
P002062,U0400,C013,2022-11-13,69
P002063,U0400,C008,2023-07-23,29
P002064,U0400,C001,2023-11-19,99
P002065,U0400,C015,2024-01-23,89
P002066,U0400,C009,2024-03-12,39
P002067,U0400,C007,2024-10-24,19
P002068,U0401,C005,2024-06-23,49
P002069,U0401,C009,2024-08-25,39
P002070,U0401,C015,2024-12-27,89
P002071,U0402,C010,2024-06-15,49
P002072,U0402,C005,2024-07-13,49
P002073,U0402,C014,2024-07-14,79
P002074,U0402,C015,2024-08-03,89
P002075,U0402,C002,2024-09-19,89
P002076,U0402,C003,2024-09-22,79
P002077,U0402,C004,2024-09-23,99
P002078,U0402,C008,2024-09-28,29
P002079,U0402,C001,2024-10-23,99
P002080,U0402,C009,2024-11-01,39
P002081,U0402,C006,2024-12-01,49
P002082,U0402,C012,2024-12-05,49
P002083,U0403,C008,2023-12-05,29
P002084,U0404,C008,2022-04-19,29
P002085,U0404,C007,2023-02-04,19
P002086,U0404,C005,2023-02-12,49
P002087,U0404,C012,2023-08-20,49
P002088,U0404,C003,2024-01-14,79
P002089,U0404,C011,2024-09-24,79
P002090,U0405,C005,2024-12-26,49
P002091,U0406,C007,2024-04-15,19
P002092,U0406,C009,2024-08-25,39
P002093,U0406,C006,2024-11-09,49
P002094,U0406,C004,2024-12-04,99
P002095,U0407,C005,2022-11-27,49
P002096,U0407,C002,2023-01-27,89
P002097,U0407,C007,2023-10-19,19
P002098,U0407,C006,2024-04-04,49
P002099,U0407,C003,2024-08-02,79
P002100,U0408,C015,2024-01-17,89
P002101,U0408,C008,2024-08-13,29
P002102,U0409,C005,2024-12-20,49
P002103,U0410,C002,2023-08-10,89
P002104,U0410,C003,2023-10-20,79
P002105,U0410,C010,2024-01-10,49
P002106,U0410,C011,2024-08-06,79
P002107,U0410,C005,2024-09-16,49
P002108,U0410,C012,2024-10-10,49
P002109,U0411,C002,2023-11-13,89
P002110,U0411,C015,2024-04-06,89
P002111,U0411,C014,2024-04-21,79
P002112,U0411,C012,2024-05-16,49
P002113,U0411,C005,2024-06-15,49
P002114,U0411,C003,2024-10-14,79
P002115,U0412,C007,2023-12-05,19
P002116,U0412,C009,2024-01-17,39
P002117,U0412,C005,2024-01-21,49
P002118,U0412,C004,2024-01-29,99
P002119,U0412,C008,2024-08-01,29
P002120,U0412,C014,2024-11-15,79
P002121,U0413,C010,2022-10-16,49
P002122,U0413,C009,2022-10-21,39
P002123,U0413,C008,2023-11-04,29
P002124,U0413,C015,2023-12-26,89
P002125,U0413,C013,2024-01-27,69
P002126,U0413,C002,2024-03-27,89
P002127,U0413,C007,2024-07-03,19
P002128,U0413,C006,2024-08-07,49
P002129,U0414,C013,2024-04-06,69
P002130,U0414,C010,2024-04-20,49
P002131,U0414,C001,2024-05-17,99
P002132,U0414,C007,2024-08-18,19
P002133,U0414,C008,2024-09-01,29
P002134,U0414,C004,2024-10-25,99
P002135,U0414,C002,2024-10-28,89
P002136,U0414,C003,2024-11-01,79
P002137,U0414,C006,2024-11-12,49
P002138,U0414,C009,2024-12-12,39
P002139,U0414,C005,2024-12-29,49
P002140,U0415,C014,2023-05-22,79
P002141,U0415,C009,2024-01-22,39
P002142,U0415,C006,2024-08-03,49
P002143,U0415,C008,2024-11-27,29
P002144,U0415,C007,2024-12-05,19
P002145,U0415,C011,2024-12-26,79
P002146,U0416,C015,2023-05-21,89
P002147,U0416,C004,2023-08-17,99
P002148,U0416,C005,2023-08-31,49
P002149,U0416,C001,2023-11-08,99
P002150,U0416,C006,2024-01-05,49
P002151,U0416,C014,2024-03-10,79
P002152,U0416,C010,2024-03-29,49
P002153,U0416,C011,2024-09-04,79
P002154,U0416,C007,2024-11-25,19
P002155,U0416,C003,2024-11-29,79
P002156,U0417,C003,2023-02-15,79
P002157,U0417,C011,2023-03-03,79
P002158,U0417,C014,2023-05-26,79
P002159,U0417,C015,2024-03-20,89
P002160,U0417,C001,2024-08-14,99
P002161,U0417,C010,2024-11-24,49
P002162,U0418,C012,2024-12-20,49
P002163,U0419,C015,2022-12-30,89
P002164,U0419,C001,2024-06-29,99
P002165,U0419,C011,2024-10-26,79
P002166,U0420,C010,2023-09-02,49
P002167,U0420,C014,2024-05-16,79
P002168,U0420,C012,2024-09-20,49
P002169,U0420,C006,2024-10-10,49
P002170,U0421,C003,2024-10-09,79
P002171,U0421,C007,2024-10-23,19
P002172,U0421,C005,2024-11-11,49
P002173,U0422,C001,2022-07-02,99
P002174,U0422,C011,2023-12-06,79
P002175,U0422,C002,2024-05-11,89
P002176,U0422,C014,2024-07-07,79
P002177,U0423,C006,2024-12-02,49
P002178,U0424,C004,2022-12-02,99
P002179,U0424,C002,2023-06-06,89
P002180,U0424,C010,2023-06-27,49
P002181,U0424,C015,2023-12-24,89
P002182,U0424,C001,2024-05-25,99
P002183,U0425,C008,2023-07-15,29
P002184,U0425,C003,2023-07-25,79
P002185,U0425,C007,2023-09-25,19
P002186,U0425,C006,2023-10-20,49
P002187,U0425,C002,2024-01-16,89
P002188,U0425,C005,2024-02-26,49
P002189,U0425,C013,2024-03-06,69
P002190,U0425,C009,2024-04-08,39
P002191,U0425,C010,2024-06-01,49
P002192,U0425,C012,2024-09-11,49
P002193,U0426,C004,2023-05-01,99
P002194,U0426,C005,2023-06-12,49
P002195,U0426,C001,2023-08-21,99
P002196,U0426,C014,2024-02-23,79
P002197,U0426,C008,2024-03-21,29
P002198,U0426,C009,2024-06-12,39
P002199,U0426,C003,2024-12-05,79
P002200,U0427,C004,2024-12-06,99
P002201,U0428,C014,2023-02-11,79
P002202,U0428,C010,2023-06-15,49
P002203,U0428,C002,2023-10-21,89
P002204,U0428,C011,2024-02-01,79
P002205,U0428,C012,2024-04-04,49
P002206,U0429,C011,2024-06-09,79
P002207,U0429,C012,2024-08-25,49
P002208,U0430,C004,2022-11-08,99
P002209,U0430,C005,2024-04-07,49
P002210,U0430,C009,2024-11-04,39
P002211,U0430,C013,2024-11-20,69
P002212,U0431,C015,2022-10-22,89
P002213,U0431,C012,2023-04-08,49
P002214,U0431,C014,2024-12-19,79
P002215,U0432,C011,2024-07-27,79
P002216,U0432,C007,2024-08-27,19
P002217,U0432,C002,2024-09-13,89
P002218,U0432,C009,2024-11-19,39
P002219,U0433,C001,2022-11-30,99
P002220,U0433,C014,2023-01-30,79
P002221,U0433,C007,2023-02-22,19
P002222,U0433,C005,2024-03-14,49
P002223,U0433,C015,2024-07-23,89
P002224,U0433,C006,2024-09-28,49
P002225,U0434,C013,2024-05-24,69
P002226,U0434,C014,2024-05-28,79
P002227,U0434,C011,2024-06-04,79
P002228,U0434,C006,2024-11-20,49
P002229,U0435,C010,2024-07-19,49
P002230,U0435,C011,2024-08-24,79
P002231,U0436,C012,2023-02-03,49
P002232,U0436,C010,2023-05-22,49
P002233,U0436,C013,2024-12-20,69
P002234,U0437,C007,2022-11-08,19
P002235,U0437,C002,2024-06-01,89
P002236,U0437,C011,2024-06-05,79
P002237,U0437,C012,2024-09-03,49
P002238,U0437,C013,2024-10-02,69
P002239,U0438,C005,2022-08-30,49
P002240,U0438,C006,2023-04-22,49
P002241,U0439,C003,2023-03-19,79
P002242,U0439,C012,2023-03-24,49
P002243,U0439,C005,2023-12-06,49
P002244,U0439,C006,2024-01-13,49
P002245,U0439,C011,2024-02-07,79
P002246,U0439,C013,2024-06-01,69
P002247,U0439,C010,2024-12-17,49
P002248,U0440,C015,2024-04-24,89
P002249,U0440,C001,2024-06-02,99
P002250,U0440,C010,2024-07-14,49
P002251,U0440,C005,2024-08-08,49
P002252,U0440,C013,2024-10-30,69
P002253,U0440,C007,2024-11-27,19
P002254,U0440,C006,2024-11-27,49
P002255,U0441,C010,2023-02-14,49
P002256,U0441,C004,2023-11-20,99
P002257,U0441,C012,2024-01-17,49
P002258,U0442,C012,2023-02-18,49
P002259,U0443,C003,2024-05-02,79
P002260,U0443,C013,2024-06-12,69
P002261,U0443,C001,2024-09-05,99
P002262,U0443,C004,2024-09-18,99
P002263,U0444,C006,2024-03-16,49
P002264,U0444,C014,2024-07-13,79
P002265,U0444,C013,2024-11-13,69
P002266,U0444,C001,2024-11-19,99
P002267,U0445,C010,2023-06-15,49
P002268,U0445,C013,2023-12-24,69
P002269,U0445,C006,2024-08-05,49
P002270,U0445,C002,2024-09-28,89
P002271,U0446,C003,2024-01-04,79
P002272,U0446,C004,2024-03-05,99
P002273,U0446,C012,2024-10-05,49
P002274,U0446,C001,2024-12-15,99
P002275,U0447,C004,2024-02-26,99
P002276,U0447,C007,2024-05-17,19
P002277,U0447,C012,2024-06-27,49
P002278,U0447,C005,2024-07-16,49
P002279,U0447,C001,2024-08-10,99
P002280,U0447,C009,2024-11-30,39
P002281,U0448,C003,2024-06-23,79
P002282,U0448,C007,2024-09-20,19
P002283,U0448,C005,2024-10-05,49
P002284,U0448,C010,2024-10-14,49
P002285,U0449,C014,2022-07-03,79
P002286,U0449,C011,2022-12-29,79
P002287,U0449,C008,2023-08-07,29
P002288,U0449,C015,2023-09-01,89
P002289,U0449,C009,2024-02-15,39
P002290,U0449,C013,2024-06-11,69
P002291,U0449,C001,2024-09-19,99
P002292,U0449,C007,2024-10-06,19
P002293,U0450,C009,2022-04-11,39
P002294,U0450,C002,2022-04-26,89
P002295,U0450,C008,2022-06-14,29
P002296,U0450,C001,2022-10-21,99
P002297,U0450,C004,2022-12-08,99
P002298,U0450,C007,2023-01-05,19
P002299,U0450,C003,2023-09-24,79
P002300,U0450,C011,2024-08-31,79
P002301,U0451,C004,2024-05-24,99
P002302,U0451,C009,2024-07-05,39
P002303,U0451,C002,2024-10-10,89
P002304,U0452,C002,2022-09-01,89
P002305,U0452,C008,2022-10-28,29
P002306,U0452,C001,2022-11-28,99
P002307,U0452,C004,2023-04-07,99
P002308,U0452,C014,2024-01-16,79
P002309,U0452,C009,2024-02-14,39
P002310,U0452,C006,2024-06-20,49
P002311,U0452,C011,2024-07-12,79
P002312,U0452,C005,2024-09-06,49
P002313,U0452,C010,2024-09-16,49
P002314,U0452,C015,2024-09-20,89
P002315,U0452,C012,2024-11-18,49
P002316,U0453,C014,2023-01-24,79
P002317,U0453,C001,2023-08-21,99
P002318,U0453,C006,2023-09-26,49
P002319,U0453,C004,2024-09-27,99
P002320,U0454,C006,2024-02-16,49
P002321,U0454,C013,2024-03-06,69
P002322,U0454,C010,2024-05-05,49
P002323,U0455,C012,2024-12-19,49
P002324,U0455,C015,2024-12-21,89
P002325,U0455,C011,2024-12-23,79
P002326,U0455,C008,2024-12-24,29
P002327,U0456,C010,2024-04-27,49
P002328,U0456,C006,2024-07-15,49
P002329,U0456,C003,2024-09-03,79
P002330,U0456,C007,2024-09-22,19
P002331,U0457,C007,2023-07-07,19
P002332,U0457,C005,2023-09-26,49
P002333,U0457,C013,2024-06-11,69
P002334,U0457,C014,2024-10-03,79
P002335,U0458,C004,2022-05-24,99
P002336,U0458,C011,2022-11-18,79
P002337,U0458,C015,2022-11-27,89
P002338,U0458,C005,2023-07-30,49
P002339,U0458,C014,2024-04-12,79
P002340,U0458,C003,2024-12-11,79
P002341,U0458,C012,2024-12-26,49
P002342,U0459,C002,2023-06-20,89
P002343,U0459,C001,2023-09-27,99
P002344,U0459,C005,2023-11-18,49
P002345,U0459,C004,2024-02-22,99
P002346,U0459,C012,2024-09-01,49
P002347,U0459,C013,2024-09-02,69
P002348,U0459,C006,2024-11-23,49
P002349,U0460,C013,2024-03-20,69
P002350,U0460,C002,2024-03-29,89
P002351,U0460,C012,2024-04-04,49
P002352,U0460,C014,2024-04-13,79
P002353,U0460,C006,2024-04-29,49
P002354,U0460,C003,2024-05-13,79
P002355,U0460,C004,2024-06-11,99
P002356,U0460,C011,2024-06-27,79
P002357,U0460,C010,2024-08-30,49
P002358,U0461,C002,2024-09-10,89
P002359,U0461,C007,2024-09-11,19
P002360,U0461,C014,2024-09-15,79
P002361,U0461,C010,2024-09-18,49
P002362,U0461,C009,2024-10-13,39
P002363,U0461,C015,2024-10-18,89
P002364,U0461,C005,2024-10-28,49
P002365,U0461,C011,2024-11-13,79
P002366,U0461,C003,2024-11-15,79
P002367,U0461,C013,2024-11-20,69
P002368,U0462,C002,2024-02-10,89
P002369,U0462,C015,2024-03-04,89
P002370,U0462,C014,2024-06-18,79
P002371,U0462,C012,2024-06-25,49
P002372,U0462,C013,2024-07-08,69
P002373,U0462,C009,2024-07-08,39
P002374,U0462,C007,2024-09-21,19
P002375,U0463,C013,2023-06-23,69
P002376,U0463,C003,2023-09-22,79
P002377,U0463,C014,2023-12-24,79
P002378,U0463,C001,2024-02-06,99
P002379,U0463,C005,2024-03-26,49
P002380,U0463,C002,2024-07-05,89
P002381,U0463,C012,2024-10-04,49
P002382,U0464,C011,2023-02-10,79
P002383,U0464,C009,2024-01-14,39
P002384,U0464,C003,2024-03-15,79
P002385,U0464,C005,2024-07-13,49
P002386,U0464,C001,2024-10-24,99
P002387,U0465,C012,2024-12-18,49
P002388,U0466,C004,2023-06-02,99
P002389,U0466,C013,2023-08-21,69
P002390,U0466,C014,2023-11-08,79
P002391,U0466,C015,2024-01-31,89
P002392,U0466,C003,2024-02-12,79
P002393,U0466,C007,2024-05-01,19
P002394,U0466,C009,2024-07-04,39
P002395,U0467,C009,2022-04-29,39
P002396,U0467,C010,2023-04-18,49
P002397,U0467,C006,2023-05-19,49
P002398,U0467,C015,2024-01-01,89
P002399,U0468,C006,2022-10-28,49
P002400,U0468,C014,2024-03-02,79
P002401,U0469,C004,2022-10-09,99
P002402,U0469,C014,2023-03-04,79
P002403,U0469,C009,2024-02-29,39
P002404,U0469,C006,2024-06-09,49
P002405,U0469,C010,2024-09-13,49
P002406,U0469,C011,2024-12-04,79
P002407,U0469,C015,2024-12-24,89
P002408,U0470,C005,2023-08-01,49
P002409,U0471,C015,2023-01-04,89
P002410,U0471,C008,2023-05-08,29
P002411,U0472,C014,2023-07-06,79
P002412,U0472,C007,2024-01-04,19
P002413,U0472,C010,2024-01-20,49
P002414,U0472,C008,2024-05-17,29
P002415,U0473,C005,2023-04-23,49
P002416,U0473,C009,2023-11-18,39
P002417,U0473,C002,2024-02-16,89
P002418,U0474,C012,2023-06-16,49
P002419,U0474,C015,2023-08-03,89
P002420,U0474,C005,2023-09-18,49
P002421,U0474,C004,2023-12-30,99
P002422,U0474,C002,2024-01-06,89
P002423,U0474,C008,2024-11-15,29
P002424,U0475,C012,2024-12-04,49
P002425,U0476,C007,2023-08-10,19
P002426,U0476,C013,2023-11-06,69
P002427,U0476,C011,2023-11-30,79
P002428,U0476,C005,2024-01-15,49
P002429,U0476,C012,2024-03-13,49
P002430,U0476,C008,2024-04-16,29
P002431,U0476,C015,2024-04-21,89
P002432,U0476,C006,2024-05-02,49
P002433,U0476,C003,2024-05-11,79
P002434,U0476,C001,2024-07-25,99
P002435,U0476,C002,2024-09-15,89
P002436,U0476,C010,2024-11-22,49
P002437,U0477,C013,2024-07-08,69
P002438,U0477,C007,2024-07-13,19
P002439,U0477,C015,2024-07-21,89
P002440,U0477,C003,2024-07-22,79
P002441,U0477,C012,2024-07-23,49
P002442,U0477,C001,2024-07-27,99
P002443,U0478,C008,2024-09-01,29
P002444,U0478,C011,2024-09-03,79
P002445,U0478,C015,2024-09-15,89
P002446,U0478,C006,2024-09-23,49
P002447,U0478,C004,2024-10-06,99
P002448,U0478,C003,2024-11-11,79
P002449,U0478,C010,2024-11-16,49
P002450,U0478,C002,2024-11-29,89
P002451,U0478,C009,2024-12-15,39
P002452,U0478,C005,2024-12-20,49
P002453,U0478,C012,2024-12-22,49
P002454,U0478,C007,2024-12-26,19
P002455,U0479,C005,2023-06-02,49
P002456,U0479,C015,2023-10-28,89
P002457,U0479,C013,2023-12-14,69
P002458,U0479,C011,2024-11-03,79
P002459,U0480,C003,2024-04-03,79
P002460,U0480,C007,2024-04-29,19
P002461,U0480,C008,2024-05-09,29
P002462,U0480,C005,2024-06-03,49
P002463,U0480,C012,2024-06-18,49
P002464,U0480,C014,2024-07-17,79
P002465,U0480,C009,2024-10-03,39
P002466,U0481,C004,2023-09-17,99
P002467,U0481,C008,2024-08-06,29
P002468,U0481,C010,2024-12-09,49
P002469,U0482,C001,2024-06-16,99
P002470,U0482,C013,2024-07-23,69
P002471,U0482,C010,2024-09-03,49
P002472,U0482,C003,2024-09-03,79
P002473,U0482,C002,2024-12-15,89
P002474,U0482,C009,2024-12-23,39
P002475,U0483,C013,2023-04-02,69
P002476,U0483,C014,2023-04-29,79
P002477,U0483,C011,2024-06-19,79
P002478,U0483,C002,2024-09-09,89
P002479,U0484,C014,2024-04-16,79
P002480,U0484,C010,2024-04-19,49
P002481,U0484,C004,2024-04-23,99
P002482,U0484,C012,2024-05-12,49
P002483,U0484,C011,2024-05-12,79
P002484,U0485,C009,2024-05-19,39
P002485,U0485,C011,2024-05-22,79
P002486,U0485,C015,2024-06-28,89
P002487,U0485,C001,2024-07-13,99
P002488,U0485,C003,2024-07-15,79
P002489,U0486,C006,2023-07-27,49
P002490,U0486,C003,2023-08-12,79
P002491,U0486,C010,2023-11-02,49
P002492,U0486,C001,2024-01-08,99
P002493,U0486,C011,2024-04-30,79
P002494,U0486,C015,2024-07-29,89
P002495,U0486,C009,2024-11-24,39
P002496,U0487,C011,2023-04-15,79
P002497,U0487,C015,2023-05-24,89
P002498,U0487,C002,2024-01-16,89
P002499,U0487,C014,2024-11-05,79
P002500,U0487,C004,2024-11-18,99
P002501,U0488,C005,2023-12-21,49
P002502,U0488,C001,2024-01-17,99
P002503,U0488,C007,2024-02-20,19
P002504,U0488,C003,2024-02-22,79
P002505,U0488,C015,2024-03-07,89
P002506,U0489,C003,2024-07-15,79
P002507,U0489,C008,2024-12-29,29
P002508,U0490,C013,2023-10-23,69
P002509,U0490,C006,2023-11-26,49
P002510,U0490,C007,2024-01-11,19
P002511,U0490,C009,2024-02-20,39
P002512,U0490,C004,2024-03-25,99
P002513,U0491,C005,2023-07-16,49
P002514,U0491,C001,2023-08-19,99
P002515,U0491,C004,2023-11-02,99
P002516,U0491,C011,2024-01-06,79
P002517,U0491,C003,2024-07-15,79
P002518,U0492,C014,2023-10-17,79
P002519,U0492,C004,2023-11-25,99
P002520,U0492,C008,2024-02-18,29
P002521,U0492,C007,2024-04-10,19
P002522,U0492,C010,2024-04-20,49
P002523,U0492,C009,2024-12-07,39
P002524,U0493,C003,2023-03-08,79
P002525,U0493,C011,2023-07-29,79
P002526,U0493,C010,2024-02-07,49
P002527,U0493,C001,2024-02-22,99
P002528,U0493,C007,2024-08-11,19
P002529,U0494,C014,2022-09-02,79
P002530,U0494,C005,2022-09-11,49
P002531,U0494,C013,2022-12-05,69
P002532,U0494,C010,2023-08-19,49
P002533,U0494,C003,2024-01-24,79
P002534,U0494,C009,2024-04-06,39
P002535,U0494,C001,2024-06-19,99
P002536,U0494,C002,2024-07-17,89
P002537,U0495,C008,2022-10-03,29
P002538,U0495,C013,2022-11-26,69
P002539,U0495,C001,2022-12-19,99
P002540,U0495,C004,2023-07-04,99
P002541,U0495,C003,2023-09-17,79
P002542,U0495,C006,2023-10-10,49
P002543,U0495,C012,2023-10-11,49
P002544,U0495,C010,2023-11-30,49
P002545,U0495,C002,2023-12-21,89
P002546,U0495,C014,2024-06-16,79
P002547,U0495,C015,2024-10-07,89
P002548,U0495,C011,2024-11-14,79
P002549,U0496,C003,2022-12-28,79
P002550,U0496,C014,2023-01-28,79
P002551,U0497,C012,2023-12-20,49
P002552,U0497,C014,2024-01-05,79
P002553,U0497,C002,2024-03-10,89
P002554,U0497,C008,2024-05-04,29
P002555,U0497,C004,2024-09-04,99
P002556,U0497,C006,2024-10-19,49
P002557,U0497,C011,2024-11-13,79
P002558,U0498,C002,2022-08-23,89
P002559,U0498,C004,2024-02-01,99
P002560,U0498,C013,2024-03-15,69
P002561,U0499,C007,2023-07-05,19
P002562,U0499,C005,2024-12-16,49
P002563,U0500,C013,2023-04-09,69
P002564,U0500,C010,2023-08-16,49
P002565,U0500,C012,2023-11-13,49
P002566,U0500,C002,2023-12-14,89
P002567,U0500,C009,2024-01-28,39
P002568,U0500,C011,2024-08-03,79
P002569,U0500,C014,2024-10-13,79
P002570,U0501,C012,2022-11-14,49
P002571,U0501,C004,2022-12-15,99
P002572,U0501,C014,2023-02-06,79
P002573,U0501,C010,2024-02-01,49
P002574,U0501,C001,2024-02-29,99
P002575,U0501,C006,2024-05-10,49
P002576,U0501,C013,2024-10-03,69
P002577,U0502,C014,2024-09-02,79
P002578,U0502,C015,2024-10-08,89
P002579,U0502,C006,2024-12-03,49
P002580,U0503,C009,2023-04-07,39
P002581,U0503,C001,2023-05-01,99
P002582,U0503,C004,2023-07-21,99
P002583,U0503,C007,2023-09-22,19
P002584,U0503,C011,2024-07-09,79
P002585,U0503,C015,2024-07-22,89
P002586,U0503,C002,2024-09-27,89
P002587,U0503,C012,2024-10-06,49
P002588,U0504,C012,2024-06-20,49
P002589,U0504,C005,2024-07-10,49
P002590,U0504,C011,2024-07-12,79
P002591,U0504,C001,2024-07-29,99
P002592,U0504,C010,2024-08-02,49
P002593,U0505,C008,2023-11-18,29
P002594,U0505,C010,2024-02-05,49
P002595,U0505,C001,2024-03-19,99
P002596,U0506,C008,2024-07-23,29
P002597,U0506,C005,2024-07-24,49
P002598,U0506,C012,2024-07-25,49
P002599,U0506,C013,2024-08-01,69
P002600,U0506,C003,2024-10-11,79
P002601,U0506,C011,2024-10-11,79
P002602,U0506,C002,2024-10-15,89
P002603,U0506,C001,2024-10-16,99
P002604,U0506,C004,2024-11-24,99
P002605,U0506,C010,2024-12-21,49
P002606,U0507,C003,2023-04-12,79
P002607,U0507,C008,2023-08-21,29
P002608,U0507,C009,2023-08-21,39
P002609,U0507,C005,2023-10-20,49
P002610,U0507,C015,2024-12-28,89
P002611,U0508,C009,2023-02-07,39
P002612,U0509,C008,2022-11-29,29
P002613,U0509,C009,2023-03-24,39
P002614,U0509,C013,2023-12-26,69
P002615,U0509,C011,2024-10-28,79
P002616,U0510,C008,2023-10-10,29
P002617,U0510,C001,2024-01-01,99
P002618,U0510,C010,2024-04-20,49
P002619,U0510,C009,2024-07-12,39
P002620,U0510,C011,2024-07-14,79
P002621,U0510,C004,2024-08-09,99
P002622,U0511,C007,2024-09-18,19
P002623,U0511,C009,2024-09-25,39
P002624,U0511,C015,2024-09-27,89
P002625,U0511,C013,2024-10-23,69
P002626,U0511,C006,2024-10-28,49
P002627,U0511,C005,2024-11-09,49
P002628,U0512,C013,2024-05-16,69
P002629,U0512,C009,2024-05-17,39
P002630,U0512,C012,2024-05-27,49
P002631,U0512,C010,2024-07-04,49
P002632,U0513,C008,2024-10-28,29
P002633,U0513,C014,2024-10-30,79
P002634,U0513,C010,2024-11-02,49
P002635,U0513,C007,2024-11-08,19
P002636,U0513,C013,2024-11-11,69
P002637,U0513,C001,2024-11-14,99
P002638,U0513,C005,2024-11-25,49
P002639,U0513,C003,2024-11-26,79
P002640,U0513,C006,2024-11-28,49
P002641,U0513,C002,2024-11-28,89
P002642,U0514,C003,2024-10-28,79
P002643,U0514,C012,2024-11-04,49
P002644,U0514,C010,2024-11-06,49
P002645,U0514,C008,2024-11-19,29
P002646,U0515,C005,2024-01-13,49
P002647,U0515,C012,2024-02-14,49
P002648,U0515,C013,2024-05-01,69
P002649,U0515,C010,2024-08-20,49
P002650,U0515,C003,2024-10-05,79
P002651,U0516,C007,2023-03-12,19
P002652,U0516,C012,2023-06-04,49
P002653,U0517,C005,2023-11-30,49
P002654,U0517,C007,2024-06-13,19
P002655,U0517,C006,2024-09-03,49
P002656,U0517,C012,2024-09-07,49
P002657,U0518,C015,2024-12-16,89
P002658,U0519,C012,2023-03-31,49
P002659,U0519,C008,2023-10-03,29
P002660,U0519,C009,2023-12-03,39
P002661,U0519,C015,2023-12-28,89
P002662,U0519,C007,2024-05-05,19
P002663,U0519,C002,2024-05-11,89
P002664,U0519,C010,2024-10-19,49
P002665,U0520,C014,2023-07-24,79
P002666,U0520,C013,2023-08-14,69
P002667,U0520,C011,2023-10-26,79
P002668,U0520,C008,2024-01-23,29
P002669,U0520,C002,2024-09-26,89
P002670,U0521,C008,2023-11-08,29
P002671,U0521,C005,2024-01-25,49
P002672,U0521,C011,2024-02-24,79
P002673,U0521,C007,2024-03-04,19
P002674,U0521,C009,2024-04-27,39
P002675,U0521,C002,2024-09-06,89
P002676,U0521,C006,2024-09-08,49
P002677,U0521,C015,2024-11-02,89
P002678,U0522,C003,2023-02-23,79
P002679,U0522,C006,2023-02-25,49
P002680,U0522,C007,2023-09-23,19
P002681,U0522,C015,2023-11-20,89
P002682,U0522,C013,2023-11-30,69
P002683,U0522,C001,2023-12-24,99
P002684,U0522,C005,2024-03-04,49
P002685,U0522,C012,2024-03-21,49
P002686,U0522,C004,2024-05-14,99
P002687,U0522,C009,2024-08-29,39
P002688,U0523,C006,2023-12-17,49
P002689,U0523,C004,2024-03-28,99
P002690,U0524,C015,2023-04-17,89
P002691,U0524,C014,2024-09-24,79
P002692,U0524,C007,2024-11-25,19
P002693,U0525,C011,2023-09-06,79
P002694,U0525,C009,2023-10-09,39
P002695,U0525,C004,2023-11-12,99
P002696,U0525,C003,2023-12-12,79
P002697,U0525,C012,2024-03-13,49
P002698,U0525,C002,2024-06-28,89
P002699,U0525,C010,2024-07-17,49
P002700,U0525,C015,2024-10-06,89
P002701,U0525,C014,2024-10-30,79
P002702,U0525,C005,2024-11-26,49
P002703,U0525,C013,2024-12-15,69
P002704,U0526,C008,2024-01-01,29
P002705,U0526,C005,2024-04-13,49
P002706,U0526,C002,2024-08-13,89
P002707,U0526,C014,2024-09-16,79
P002708,U0527,C001,2023-11-18,99
P002709,U0527,C003,2024-04-07,79
P002710,U0527,C011,2024-06-29,79
P002711,U0527,C014,2024-10-23,79
P002712,U0527,C002,2024-11-18,89
P002713,U0528,C004,2024-09-25,99
P002714,U0528,C005,2024-12-04,49
P002715,U0529,C002,2024-07-28,89
P002716,U0529,C012,2024-08-06,49
P002717,U0529,C010,2024-09-16,49
P002718,U0529,C015,2024-09-27,89
P002719,U0529,C009,2024-10-21,39
P002720,U0529,C006,2024-10-22,49
P002721,U0530,C015,2024-06-07,89
P002722,U0530,C013,2024-06-10,69
P002723,U0530,C008,2024-07-07,29
P002724,U0530,C004,2024-07-14,99
P002725,U0530,C011,2024-08-15,79
P002726,U0530,C009,2024-09-07,39
P002727,U0530,C014,2024-09-09,79
P002728,U0531,C010,2024-06-23,49
P002729,U0531,C015,2024-08-23,89
P002730,U0531,C002,2024-10-04,89
P002731,U0531,C009,2024-10-24,39
P002732,U0531,C011,2024-11-28,79
P002733,U0531,C004,2024-12-27,99
P002734,U0532,C014,2024-03-10,79
P002735,U0532,C004,2024-04-16,99
P002736,U0532,C001,2024-05-30,99
P002737,U0532,C008,2024-07-15,29
P002738,U0532,C002,2024-08-03,89
P002739,U0532,C003,2024-10-19,79
P002740,U0532,C013,2024-11-11,69
P002741,U0533,C006,2024-09-26,49
P002742,U0533,C003,2024-10-13,79
P002743,U0533,C009,2024-12-21,39
P002744,U0534,C002,2023-10-22,89
P002745,U0535,C013,2024-06-11,69
P002746,U0535,C009,2024-07-30,39
P002747,U0535,C001,2024-08-02,99
P002748,U0535,C012,2024-08-03,49
P002749,U0535,C011,2024-08-26,79
P002750,U0536,C010,2024-05-09,49
P002751,U0536,C007,2024-05-24,19
P002752,U0536,C004,2024-12-11,99
P002753,U0537,C001,2024-07-23,99
P002754,U0537,C011,2024-07-30,79
P002755,U0537,C005,2024-08-03,49
P002756,U0538,C005,2023-11-13,49
P002757,U0538,C012,2024-02-25,49
P002758,U0538,C004,2024-02-25,99
P002759,U0538,C001,2024-09-08,99
P002760,U0539,C004,2024-05-02,99
P002761,U0539,C010,2024-05-02,49
P002762,U0539,C009,2024-06-08,39
P002763,U0539,C003,2024-06-23,79
P002764,U0539,C007,2024-06-27,19
P002765,U0539,C008,2024-07-07,29
P002766,U0539,C006,2024-07-09,49
P002767,U0539,C014,2024-08-03,79
P002768,U0539,C013,2024-08-06,69
P002769,U0539,C011,2024-08-06,79
P002770,U0540,C005,2024-08-12,49
P002771,U0540,C004,2024-08-16,99
P002772,U0540,C015,2024-08-31,89
P002773,U0540,C009,2024-09-01,39
P002774,U0540,C007,2024-09-09,19
P002775,U0540,C008,2024-12-17,29
P002776,U0541,C012,2022-09-11,49
P002777,U0541,C001,2022-09-14,99
P002778,U0541,C014,2023-02-05,79
P002779,U0541,C013,2024-12-15,69
P002780,U0542,C010,2024-07-24,49
P002781,U0542,C006,2024-08-16,49
P002782,U0542,C002,2024-08-26,89
P002783,U0542,C013,2024-10-04,69
P002784,U0542,C007,2024-10-13,19
P002785,U0542,C012,2024-11-22,49
P002786,U0543,C004,2023-10-05,99
P002787,U0543,C015,2023-10-24,89
P002788,U0544,C011,2023-12-21,79
P002789,U0544,C002,2024-02-14,89
P002790,U0544,C014,2024-02-23,79
P002791,U0544,C013,2024-04-01,69
P002792,U0544,C007,2024-04-21,19
P002793,U0544,C006,2024-05-22,49
P002794,U0544,C005,2024-07-11,49
P002795,U0544,C012,2024-07-31,49
P002796,U0544,C001,2024-09-12,99
P002797,U0544,C004,2024-10-23,99
P002798,U0544,C010,2024-11-17,49
P002799,U0544,C009,2024-11-18,39
P002800,U0545,C012,2023-05-29,49
P002801,U0545,C003,2023-06-20,79
P002802,U0545,C008,2023-07-04,29
P002803,U0545,C007,2023-07-12,19
P002804,U0545,C010,2023-10-14,49
P002805,U0545,C006,2024-02-07,49
P002806,U0545,C015,2024-06-17,89
P002807,U0545,C005,2024-07-11,49
P002808,U0546,C014,2024-03-28,79
P002809,U0546,C006,2024-05-01,49
P002810,U0546,C003,2024-07-02,79
P002811,U0547,C004,2023-10-14,99
P002812,U0548,C002,2023-06-10,89
P002813,U0548,C008,2023-12-11,29
P002814,U0548,C014,2023-12-24,79
P002815,U0548,C004,2023-12-28,99
P002816,U0548,C010,2024-04-05,49
P002817,U0548,C005,2024-10-17,49
P002818,U0549,C005,2024-02-07,49
P002819,U0549,C001,2024-02-27,99
P002820,U0549,C014,2024-08-23,79
P002821,U0549,C011,2024-08-28,79
P002822,U0549,C008,2024-09-23,29
P002823,U0549,C010,2024-11-09,49
P002824,U0550,C014,2023-04-18,79
P002825,U0550,C003,2024-04-17,79
P002826,U0551,C008,2023-11-23,29
P002827,U0551,C012,2024-01-10,49
P002828,U0551,C013,2024-02-13,69
P002829,U0551,C003,2024-03-18,79
P002830,U0551,C007,2024-04-07,19
P002831,U0551,C005,2024-06-17,49
P002832,U0551,C004,2024-08-22,99
P002833,U0551,C011,2024-10-05,79
P002834,U0552,C011,2023-05-21,79
P002835,U0552,C009,2024-05-01,39
P002836,U0552,C003,2024-12-15,79
P002837,U0553,C008,2024-06-15,29
P002838,U0553,C003,2024-07-16,79
P002839,U0553,C012,2024-08-27,49
P002840,U0553,C015,2024-09-27,89
P002841,U0554,C002,2023-10-05,89
P002842,U0555,C002,2023-01-16,89
P002843,U0555,C015,2024-12-04,89
P002844,U0556,C008,2024-04-04,29
P002845,U0556,C003,2024-04-24,79
P002846,U0556,C009,2024-05-25,39
P002847,U0556,C005,2024-06-12,49
P002848,U0556,C012,2024-06-16,49
P002849,U0556,C011,2024-07-13,79
P002850,U0556,C002,2024-09-11,89
P002851,U0556,C015,2024-11-21,89
P002852,U0556,C006,2024-12-22,49
P002853,U0557,C009,2023-06-17,39
P002854,U0557,C008,2023-07-17,29
P002855,U0557,C007,2023-07-25,19
P002856,U0557,C011,2024-05-09,79
P002857,U0557,C005,2024-05-21,49
P002858,U0557,C004,2024-08-01,99
P002859,U0557,C015,2024-09-05,89
P002860,U0558,C014,2023-07-04,79
P002861,U0558,C007,2023-09-24,19
P002862,U0558,C002,2024-03-03,89
P002863,U0558,C004,2024-03-16,99
P002864,U0558,C008,2024-06-09,29
P002865,U0558,C006,2024-08-12,49
P002866,U0558,C013,2024-09-14,69
P002867,U0558,C005,2024-10-03,49
P002868,U0559,C002,2023-05-10,89
P002869,U0559,C005,2023-11-28,49
P002870,U0560,C014,2023-10-03,79
P002871,U0560,C010,2023-10-28,49
P002872,U0560,C007,2023-11-21,19
P002873,U0560,C005,2023-11-22,49
P002874,U0560,C013,2023-11-25,69
P002875,U0560,C008,2024-01-10,29
P002876,U0560,C009,2024-06-20,39
P002877,U0560,C001,2024-08-05,99
P002878,U0561,C013,2022-08-29,69
P002879,U0561,C002,2023-03-05,89
P002880,U0561,C014,2023-06-06,79
P002881,U0561,C009,2023-08-16,39
P002882,U0561,C007,2024-09-15,19
P002883,U0561,C003,2024-11-10,79
P002884,U0562,C001,2022-11-19,99
P002885,U0562,C013,2023-04-13,69
P002886,U0563,C012,2024-09-21,49
P002887,U0563,C014,2024-09-22,79
P002888,U0563,C006,2024-09-23,49
P002889,U0563,C011,2024-09-24,79
P002890,U0563,C007,2024-09-29,19
P002891,U0563,C008,2024-10-08,29
P002892,U0564,C007,2022-03-01,19
P002893,U0564,C012,2023-10-11,49
P002894,U0564,C010,2023-11-05,49
P002895,U0564,C005,2024-01-03,49
P002896,U0565,C003,2024-02-08,79
P002897,U0565,C002,2024-02-23,89
P002898,U0565,C014,2024-04-06,79
P002899,U0565,C012,2024-05-01,49
P002900,U0565,C007,2024-05-10,19
P002901,U0565,C008,2024-07-16,29
P002902,U0565,C015,2024-08-30,89
P002903,U0565,C011,2024-10-01,79
P002904,U0565,C013,2024-11-13,69
P002905,U0565,C009,2024-11-29,39
P002906,U0566,C013,2022-07-20,69
P002907,U0566,C012,2022-11-06,49
P002908,U0566,C015,2023-04-28,89
P002909,U0566,C001,2024-03-26,99
P002910,U0566,C007,2024-06-04,19
P002911,U0566,C014,2024-09-22,79
P002912,U0567,C010,2024-08-28,49
P002913,U0567,C008,2024-10-25,29
P002914,U0567,C001,2024-10-29,99
P002915,U0567,C007,2024-12-13,19
P002916,U0568,C014,2023-11-17,79
P002917,U0568,C001,2024-04-08,99
P002918,U0568,C007,2024-10-11,19
P002919,U0568,C011,2024-11-17,79
P002920,U0569,C004,2024-12-29,99
P002921,U0570,C013,2024-08-31,69
P002922,U0570,C008,2024-10-06,29
P002923,U0570,C001,2024-10-17,99
P002924,U0571,C015,2024-07-12,89
P002925,U0571,C006,2024-07-29,49
P002926,U0571,C012,2024-08-03,49
P002927,U0571,C013,2024-08-30,69
P002928,U0571,C011,2024-10-03,79
P002929,U0571,C010,2024-10-16,49
P002930,U0572,C008,2022-12-22,29
P002931,U0572,C007,2023-07-22,19
P002932,U0572,C003,2024-03-19,79
P002933,U0572,C014,2024-08-27,79
P002934,U0572,C004,2024-08-28,99
P002935,U0573,C008,2023-07-25,29
P002936,U0573,C013,2023-08-12,69
P002937,U0573,C007,2024-05-07,19
P002938,U0574,C003,2024-11-13,79
P002939,U0574,C012,2024-11-14,49
P002940,U0574,C009,2024-11-22,39
P002941,U0575,C015,2023-04-08,89
P002942,U0575,C010,2023-05-30,49
P002943,U0575,C005,2024-03-19,49
P002944,U0576,C010,2024-07-19,49
P002945,U0576,C011,2024-12-10,79
P002946,U0577,C001,2022-03-25,99
P002947,U0577,C003,2022-05-31,79
P002948,U0577,C010,2022-06-27,49
P002949,U0577,C008,2022-12-27,29
P002950,U0577,C009,2023-09-28,39
P002951,U0577,C002,2024-02-28,89
P002952,U0577,C007,2024-11-20,19
P002953,U0578,C005,2024-05-17,49
P002954,U0578,C010,2024-06-11,49
P002955,U0578,C015,2024-08-03,89
P002956,U0578,C008,2024-12-06,29
P002957,U0579,C014,2023-08-01,79
P002958,U0580,C005,2023-08-06,49
P002959,U0580,C001,2023-11-02,99
P002960,U0580,C010,2023-11-17,49
P002961,U0580,C012,2024-04-05,49
P002962,U0580,C014,2024-11-08,79
P002963,U0581,C015,2023-11-16,89
P002964,U0581,C001,2024-03-27,99
P002965,U0581,C006,2024-04-17,49
P002966,U0581,C009,2024-08-11,39
P002967,U0582,C014,2024-05-10,79
P002968,U0582,C004,2024-05-25,99
P002969,U0582,C002,2024-06-04,89
P002970,U0582,C012,2024-07-12,49
P002971,U0582,C003,2024-08-05,79
P002972,U0582,C007,2024-09-03,19
P002973,U0583,C014,2024-11-06,79
P002974,U0583,C010,2024-11-10,49
P002975,U0583,C001,2024-11-11,99
P002976,U0583,C003,2024-11-15,79
P002977,U0583,C002,2024-11-15,89
P002978,U0583,C006,2024-11-18,49
P002979,U0583,C013,2024-11-19,69
P002980,U0583,C011,2024-11-22,79
P002981,U0583,C012,2024-11-23,49
P002982,U0583,C008,2024-11-25,29
P002983,U0584,C001,2024-05-29,99
P002984,U0584,C011,2024-06-22,79
P002985,U0584,C014,2024-09-01,79
P002986,U0584,C010,2024-09-16,49
P002987,U0585,C009,2023-01-23,39
P002988,U0585,C004,2023-03-19,99
P002989,U0585,C006,2023-03-22,49
P002990,U0585,C008,2023-10-25,29
P002991,U0585,C002,2023-11-18,89
P002992,U0585,C005,2024-01-08,49
P002993,U0585,C015,2024-01-29,89
P002994,U0585,C003,2024-04-22,79
P002995,U0585,C013,2024-04-25,69
P002996,U0585,C010,2024-08-09,49
P002997,U0586,C005,2023-12-26,49
P002998,U0586,C011,2024-11-12,79
P002999,U0586,C004,2024-12-10,99
P003000,U0587,C006,2023-07-15,49
P003001,U0587,C002,2023-08-17,89
P003002,U0587,C011,2023-11-20,79
P003003,U0587,C015,2024-06-10,89
P003004,U0587,C007,2024-12-28,19
P003005,U0588,C006,2022-03-06,49
P003006,U0588,C011,2022-12-05,79
P003007,U0588,C014,2024-03-18,79
P003008,U0588,C007,2024-07-08,19
P003009,U0589,C007,2024-01-23,19
P003010,U0589,C015,2024-02-01,89
P003011,U0589,C009,2024-02-13,39
P003012,U0589,C001,2024-03-08,99
P003013,U0589,C003,2024-03-19,79
P003014,U0590,C003,2024-07-06,79
P003015,U0590,C002,2024-12-30,89
P003016,U0591,C013,2024-05-27,69
P003017,U0591,C010,2024-07-25,49
P003018,U0592,C006,2024-01-15,49
P003019,U0592,C013,2024-02-17,69
P003020,U0592,C015,2024-07-20,89
P003021,U0592,C009,2024-07-23,39
P003022,U0592,C007,2024-10-03,19
P003023,U0592,C002,2024-12-23,89
P003024,U0593,C011,2024-12-11,79
P003025,U0594,C007,2024-10-14,19
P003026,U0594,C004,2024-10-29,99
P003027,U0594,C006,2024-11-13,49
P003028,U0594,C015,2024-11-23,89
P003029,U0594,C010,2024-11-26,49
P003030,U0594,C001,2024-12-05,99
P003031,U0594,C013,2024-12-15,69
P003032,U0594,C014,2024-12-17,79
P003033,U0594,C008,2024-12-17,29
P003034,U0595,C005,2022-11-30,49
P003035,U0595,C010,2023-03-15,49
P003036,U0595,C002,2023-03-21,89
P003037,U0595,C008,2023-03-31,29
P003038,U0595,C014,2023-07-15,79
P003039,U0595,C009,2023-09-22,39
P003040,U0595,C012,2023-10-06,49
P003041,U0595,C006,2024-01-09,49
P003042,U0595,C015,2024-01-24,89
P003043,U0595,C001,2024-06-25,99
P003044,U0595,C004,2024-10-29,99
P003045,U0595,C011,2024-12-21,79
P003046,U0596,C007,2023-01-31,19
P003047,U0596,C010,2023-02-09,49
P003048,U0596,C005,2024-03-09,49
P003049,U0596,C003,2024-04-03,79
P003050,U0596,C013,2024-05-03,69
P003051,U0596,C012,2024-05-06,49
P003052,U0596,C015,2024-09-26,89
P003053,U0596,C002,2024-10-05,89
P003054,U0596,C006,2024-10-29,49
P003055,U0596,C014,2024-11-23,79
P003056,U0597,C009,2023-01-30,39
P003057,U0597,C012,2023-07-31,49
P003058,U0597,C014,2023-09-30,79
P003059,U0597,C013,2023-10-20,69
P003060,U0597,C008,2024-03-16,29
P003061,U0597,C010,2024-06-22,49
P003062,U0597,C001,2024-09-14,99
P003063,U0598,C011,2023-05-16,79
P003064,U0598,C005,2023-06-08,49
P003065,U0598,C015,2023-07-11,89
P003066,U0598,C008,2023-09-05,29
P003067,U0598,C013,2023-10-16,69
P003068,U0598,C002,2023-11-12,89
P003069,U0598,C010,2023-11-22,49
P003070,U0598,C012,2024-08-23,49
P003071,U0598,C006,2024-09-27,49
P003072,U0598,C007,2024-11-06,19
P003073,U0599,C005,2024-02-12,49
P003074,U0599,C003,2024-11-06,79
P003075,U0599,C014,2024-11-08,79
P003076,U0600,C009,2023-06-25,39
P003077,U0600,C002,2023-07-24,89
P003078,U0600,C008,2024-07-20,29
P003079,U0600,C004,2024-08-20,99
P003080,U0600,C013,2024-11-05,69
P003081,U0601,C005,2024-11-03,49
P003082,U0601,C009,2024-11-05,39
P003083,U0601,C010,2024-11-06,49
P003084,U0601,C001,2024-11-08,99
P003085,U0601,C014,2024-11-15,79
P003086,U0601,C008,2024-11-15,29
P003087,U0601,C002,2024-11-18,89
P003088,U0602,C013,2023-01-08,69
P003089,U0602,C008,2023-06-01,29
P003090,U0602,C012,2024-01-25,49
P003091,U0602,C010,2024-12-27,49
P003092,U0603,C006,2024-01-03,49
P003093,U0603,C001,2024-03-02,99
P003094,U0603,C014,2024-03-08,79
P003095,U0603,C003,2024-08-16,79
P003096,U0603,C012,2024-09-29,49
P003097,U0604,C009,2022-10-18,39
P003098,U0604,C002,2023-02-28,89
P003099,U0604,C003,2024-01-06,79
P003100,U0605,C002,2022-09-27,89
P003101,U0605,C013,2023-05-07,69
P003102,U0605,C012,2023-11-10,49
P003103,U0605,C003,2024-01-05,79
P003104,U0605,C007,2024-01-09,19
P003105,U0605,C006,2024-09-21,49
P003106,U0606,C012,2023-07-23,49
P003107,U0606,C005,2024-02-27,49
P003108,U0607,C015,2024-03-03,89
P003109,U0607,C003,2024-06-23,79
P003110,U0608,C007,2024-11-28,19
P003111,U0608,C013,2024-12-02,69
P003112,U0608,C012,2024-12-03,49
P003113,U0608,C015,2024-12-04,89
P003114,U0608,C002,2024-12-05,89
P003115,U0608,C001,2024-12-16,99
P003116,U0609,C012,2022-11-12,49
P003117,U0609,C004,2023-01-04,99
P003118,U0609,C015,2023-06-05,89
P003119,U0609,C011,2023-07-30,79
P003120,U0609,C009,2023-08-16,39
P003121,U0609,C010,2024-01-15,49
P003122,U0609,C013,2024-02-23,69
P003123,U0609,C002,2024-05-24,89
P003124,U0609,C003,2024-08-03,79
P003125,U0609,C005,2024-09-06,49
P003126,U0609,C006,2024-10-07,49
P003127,U0609,C008,2024-11-25,29
P003128,U0610,C007,2023-04-17,19
P003129,U0610,C003,2023-07-25,79
P003130,U0610,C014,2023-12-14,79
P003131,U0610,C006,2024-06-13,49
P003132,U0610,C015,2024-07-04,89
P003133,U0610,C002,2024-11-16,89
P003134,U0611,C009,2024-03-01,39
P003135,U0611,C013,2024-09-07,69
P003136,U0611,C012,2024-10-19,49
P003137,U0611,C007,2024-11-23,19
P003138,U0611,C015,2024-12-03,89
P003139,U0612,C006,2024-02-05,49
P003140,U0612,C002,2024-03-26,89
P003141,U0612,C010,2024-03-29,49
P003142,U0612,C014,2024-04-15,79
P003143,U0612,C011,2024-04-29,79
P003144,U0612,C004,2024-06-08,99
P003145,U0612,C001,2024-09-27,99
P003146,U0612,C013,2024-11-04,69
P003147,U0613,C005,2024-11-06,49
P003148,U0613,C006,2024-11-10,49
P003149,U0613,C002,2024-12-25,89
P003150,U0614,C003,2023-12-27,79
P003151,U0614,C014,2024-01-07,79
P003152,U0614,C015,2024-02-10,89
P003153,U0615,C009,2024-10-29,39
P003154,U0615,C005,2024-12-22,49
P003155,U0616,C008,2022-04-26,29
P003156,U0616,C002,2022-07-01,89
P003157,U0616,C010,2023-09-09,49
P003158,U0616,C006,2023-11-30,49
P003159,U0616,C009,2024-04-05,39
P003160,U0616,C005,2024-09-24,49
P003161,U0617,C015,2022-09-01,89
P003162,U0617,C001,2022-09-27,99
P003163,U0617,C008,2023-04-15,29
P003164,U0617,C012,2023-09-23,49
P003165,U0617,C005,2023-10-27,49
P003166,U0617,C010,2024-01-05,49
P003167,U0617,C013,2024-08-11,69
P003168,U0617,C009,2024-08-28,39
P003169,U0617,C006,2024-12-14,49
P003170,U0618,C012,2023-08-01,49
P003171,U0618,C001,2024-04-19,99
P003172,U0618,C006,2024-09-05,49
P003173,U0619,C009,2024-12-08,39
P003174,U0620,C005,2023-10-04,49
P003175,U0621,C005,2023-10-02,49
P003176,U0621,C008,2023-10-07,29
P003177,U0621,C011,2023-11-23,79
P003178,U0621,C003,2024-02-24,79
P003179,U0621,C012,2024-05-11,49
P003180,U0622,C002,2023-10-01,89
P003181,U0622,C014,2024-04-17,79
P003182,U0623,C001,2022-06-14,99
P003183,U0623,C014,2022-08-12,79
P003184,U0623,C004,2022-09-20,99
P003185,U0623,C015,2022-11-01,89
P003186,U0623,C008,2023-06-24,29
P003187,U0623,C011,2023-11-12,79
P003188,U0623,C003,2024-03-22,79
P003189,U0623,C007,2024-03-27,19
P003190,U0623,C002,2024-04-11,89
P003191,U0623,C012,2024-05-10,49
P003192,U0623,C009,2024-10-14,39
P003193,U0623,C006,2024-11-25,49
P003194,U0624,C013,2023-08-21,69
P003195,U0624,C011,2024-01-18,79
P003196,U0624,C007,2024-07-13,19
P003197,U0624,C001,2024-10-01,99
P003198,U0624,C008,2024-10-13,29
P003199,U0625,C005,2023-11-11,49
P003200,U0625,C011,2023-12-15,79
P003201,U0625,C006,2024-01-22,49
P003202,U0625,C002,2024-03-06,89
P003203,U0625,C007,2024-04-18,19
P003204,U0625,C001,2024-06-16,99
P003205,U0625,C004,2024-07-29,99
P003206,U0625,C012,2024-10-06,49
P003207,U0625,C009,2024-11-02,39
P003208,U0626,C002,2024-06-28,89
P003209,U0626,C010,2024-07-15,49
P003210,U0626,C012,2024-07-28,49
P003211,U0626,C009,2024-09-01,39
P003212,U0626,C011,2024-09-26,79
P003213,U0626,C003,2024-10-07,79
P003214,U0626,C005,2024-10-26,49
P003215,U0626,C014,2024-12-04,79
P003216,U0626,C004,2024-12-09,99
P003217,U0627,C008,2024-12-05,29
P003218,U0628,C008,2024-05-28,29
P003219,U0628,C004,2024-06-20,99
P003220,U0628,C007,2024-07-11,19
P003221,U0628,C011,2024-08-21,79
P003222,U0628,C001,2024-09-04,99
P003223,U0628,C012,2024-09-15,49
P003224,U0628,C015,2024-10-01,89
P003225,U0628,C014,2024-10-28,79
P003226,U0629,C003,2024-07-15,79
P003227,U0629,C002,2024-07-23,89
P003228,U0629,C015,2024-08-18,89
P003229,U0629,C005,2024-08-22,49
P003230,U0629,C004,2024-08-25,99
P003231,U0629,C008,2024-09-08,29
P003232,U0629,C006,2024-09-25,49
P003233,U0629,C011,2024-09-27,79
P003234,U0629,C009,2024-10-18,39
P003235,U0630,C005,2023-09-03,49
P003236,U0630,C007,2023-10-12,19
P003237,U0630,C001,2023-10-23,99
P003238,U0630,C015,2023-12-27,89
P003239,U0630,C010,2024-02-04,49
P003240,U0630,C012,2024-03-16,49
P003241,U0630,C008,2024-07-12,29
P003242,U0630,C011,2024-08-12,79
P003243,U0630,C006,2024-09-28,49
P003244,U0630,C003,2024-10-18,79
P003245,U0631,C011,2024-12-30,79
P003246,U0632,C005,2024-01-06,49
P003247,U0632,C004,2024-03-27,99
P003248,U0633,C001,2024-03-11,99
P003249,U0633,C005,2024-05-12,49
P003250,U0634,C010,2024-01-27,49
P003251,U0634,C012,2024-04-24,49
P003252,U0634,C014,2024-05-23,79
P003253,U0634,C011,2024-08-14,79
P003254,U0634,C008,2024-11-29,29
P003255,U0635,C007,2023-01-10,19
P003256,U0635,C008,2023-01-30,29
P003257,U0635,C014,2023-03-02,79
P003258,U0635,C009,2024-01-13,39
P003259,U0636,C001,2023-05-07,99
P003260,U0636,C003,2023-08-23,79
P003261,U0636,C002,2023-08-26,89
P003262,U0636,C005,2024-05-13,49
P003263,U0636,C015,2024-09-23,89
P003264,U0636,C004,2024-12-25,99
P003265,U0637,C002,2024-06-22,89
P003266,U0637,C014,2024-08-19,79
P003267,U0637,C003,2024-10-08,79
P003268,U0637,C005,2024-10-30,49
P003269,U0638,C005,2024-12-05,49
P003270,U0639,C001,2022-11-17,99
P003271,U0639,C015,2023-08-02,89
P003272,U0639,C006,2024-06-05,49
P003273,U0640,C011,2024-05-27,79
P003274,U0640,C010,2024-07-05,49
P003275,U0640,C008,2024-07-08,29
P003276,U0640,C002,2024-08-05,89
P003277,U0640,C015,2024-08-12,89
P003278,U0640,C013,2024-08-20,69
P003279,U0640,C014,2024-09-21,79
P003280,U0640,C004,2024-10-10,99
P003281,U0640,C001,2024-12-09,99
P003282,U0641,C003,2024-07-01,79
P003283,U0641,C009,2024-07-19,39
P003284,U0641,C001,2024-07-21,99
P003285,U0641,C008,2024-07-29,29
P003286,U0642,C013,2024-02-26,69
P003287,U0642,C005,2024-04-01,49
P003288,U0642,C007,2024-04-24,19
P003289,U0642,C010,2024-07-11,49
P003290,U0642,C011,2024-09-13,79
P003291,U0643,C006,2023-04-10,49
P003292,U0643,C013,2023-06-07,69
P003293,U0643,C007,2023-07-01,19
P003294,U0643,C002,2023-09-16,89
P003295,U0643,C012,2024-01-08,49
P003296,U0643,C009,2024-02-04,39
P003297,U0643,C014,2024-04-21,79
P003298,U0643,C005,2024-05-09,49
P003299,U0643,C011,2024-08-15,79
P003300,U0644,C005,2022-07-20,49
P003301,U0644,C007,2023-06-28,19
P003302,U0644,C014,2023-07-31,79
P003303,U0644,C002,2023-11-05,89
P003304,U0644,C011,2024-02-16,79
P003305,U0644,C003,2024-10-24,79
P003306,U0645,C011,2022-07-03,79
P003307,U0645,C004,2022-07-25,99
P003308,U0645,C001,2022-10-10,99
P003309,U0645,C002,2023-03-15,89
P003310,U0645,C008,2023-03-30,29
P003311,U0645,C015,2024-11-22,89
P003312,U0646,C015,2024-04-02,89
P003313,U0646,C009,2024-06-17,39
P003314,U0647,C005,2024-01-12,49
P003315,U0647,C007,2024-06-16,19
P003316,U0647,C010,2024-07-19,49
P003317,U0647,C008,2024-08-26,29
P003318,U0648,C009,2022-07-20,39
P003319,U0648,C006,2022-08-17,49
P003320,U0648,C010,2023-09-17,49
P003321,U0648,C001,2024-04-16,99
P003322,U0648,C005,2024-07-09,49
P003323,U0648,C003,2024-12-10,79
P003324,U0649,C014,2022-12-19,79
P003325,U0649,C010,2023-07-10,49
P003326,U0650,C012,2023-10-12,49
P003327,U0650,C006,2023-11-21,49
P003328,U0650,C003,2024-12-24,79
P003329,U0651,C009,2023-06-16,39
P003330,U0651,C008,2023-12-14,29
P003331,U0651,C011,2024-12-03,79
P003332,U0652,C009,2023-08-03,39
P003333,U0652,C008,2023-08-13,29
P003334,U0652,C004,2023-09-21,99
P003335,U0652,C007,2023-10-25,19
P003336,U0652,C010,2023-11-20,49
P003337,U0652,C014,2023-12-28,79
P003338,U0652,C015,2024-01-28,89
P003339,U0652,C002,2024-05-24,89
P003340,U0652,C001,2024-06-03,99
P003341,U0652,C005,2024-12-27,49
P003342,U0653,C007,2023-06-13,19
P003343,U0653,C013,2023-07-19,69
P003344,U0653,C011,2023-09-05,79
P003345,U0653,C012,2023-11-21,49
P003346,U0653,C009,2024-03-27,39
P003347,U0653,C010,2024-10-01,49
P003348,U0653,C005,2024-10-12,49
P003349,U0654,C012,2023-03-14,49
P003350,U0654,C007,2023-09-07,19
P003351,U0654,C008,2023-11-22,29
P003352,U0654,C002,2024-02-08,89
P003353,U0654,C015,2024-04-14,89
P003354,U0654,C009,2024-05-24,39
P003355,U0654,C005,2024-09-21,49
P003356,U0655,C006,2023-03-16,49
P003357,U0655,C002,2023-09-10,89
P003358,U0655,C008,2023-09-21,29
P003359,U0655,C005,2024-06-07,49
P003360,U0656,C015,2022-06-26,89
P003361,U0656,C004,2023-06-30,99
P003362,U0656,C005,2024-06-17,49
P003363,U0656,C007,2024-09-02,19
P003364,U0657,C007,2022-05-15,19
P003365,U0657,C011,2024-05-08,79
P003366,U0657,C003,2024-08-01,79
P003367,U0658,C008,2023-11-15,29
P003368,U0658,C011,2023-11-28,79
P003369,U0658,C003,2023-12-31,79
P003370,U0658,C002,2024-01-23,89
P003371,U0658,C014,2024-07-16,79
P003372,U0659,C013,2024-02-22,69
P003373,U0659,C010,2024-07-21,49
P003374,U0659,C001,2024-08-15,99
P003375,U0659,C003,2024-09-26,79
P003376,U0659,C004,2024-11-11,99
P003377,U0659,C014,2024-11-14,79
P003378,U0660,C015,2023-02-09,89
P003379,U0660,C001,2023-03-17,99
P003380,U0660,C014,2023-04-19,79
P003381,U0660,C003,2023-05-20,79
P003382,U0660,C005,2024-01-07,49
P003383,U0660,C008,2024-06-22,29
P003384,U0660,C012,2024-09-16,49
P003385,U0661,C011,2024-12-25,79
P003386,U0662,C001,2023-09-21,99
P003387,U0662,C005,2024-09-18,49
P003388,U0662,C013,2024-11-20,69
P003389,U0663,C002,2024-06-25,89
P003390,U0663,C008,2024-07-23,29
P003391,U0663,C003,2024-08-16,79
P003392,U0663,C012,2024-10-09,49
P003393,U0663,C013,2024-11-06,69
P003394,U0664,C015,2024-05-29,89
P003395,U0664,C006,2024-06-07,49
P003396,U0664,C014,2024-06-13,79
P003397,U0664,C001,2024-06-26,99
P003398,U0664,C003,2024-06-30,79
P003399,U0664,C004,2024-09-18,99
P003400,U0665,C010,2023-12-04,49
P003401,U0665,C006,2024-07-11,49
P003402,U0666,C008,2022-12-05,29
P003403,U0666,C012,2023-06-27,49
P003404,U0666,C011,2023-07-19,79
P003405,U0666,C014,2024-01-28,79
P003406,U0666,C004,2024-08-30,99
P003407,U0666,C010,2024-11-09,49
P003408,U0666,C001,2024-12-12,99
P003409,U0667,C014,2024-10-09,79
P003410,U0667,C013,2024-10-12,69
P003411,U0667,C011,2024-10-14,79
P003412,U0667,C008,2024-10-14,29
P003413,U0667,C010,2024-11-03,49
P003414,U0667,C009,2024-11-04,39
P003415,U0667,C012,2024-11-08,49
P003416,U0667,C015,2024-11-10,89
P003417,U0668,C004,2023-06-13,99
P003418,U0668,C003,2023-07-30,79
P003419,U0668,C005,2023-12-12,49
P003420,U0668,C014,2024-02-18,79
P003421,U0668,C013,2024-11-25,69
P003422,U0668,C001,2024-12-09,99
P003423,U0668,C008,2024-12-09,29
P003424,U0668,C009,2024-12-11,39
P003425,U0669,C012,2023-11-15,49
P003426,U0669,C007,2023-11-16,19
P003427,U0669,C006,2024-01-23,49
P003428,U0669,C005,2024-06-10,49
P003429,U0669,C001,2024-08-11,99
P003430,U0670,C007,2023-10-08,19
P003431,U0670,C010,2023-11-14,49
P003432,U0670,C002,2023-12-15,89
P003433,U0670,C013,2024-01-16,69
P003434,U0670,C012,2024-03-04,49
P003435,U0670,C015,2024-05-01,89
P003436,U0670,C006,2024-05-02,49
P003437,U0670,C014,2024-07-22,79
P003438,U0670,C011,2024-11-12,79
P003439,U0671,C015,2023-09-07,89
P003440,U0671,C007,2024-02-28,19
P003441,U0671,C008,2024-06-17,29
P003442,U0671,C003,2024-09-10,79
P003443,U0671,C012,2024-09-17,49
P003444,U0671,C001,2024-12-13,99
P003445,U0672,C011,2022-11-08,79
P003446,U0672,C009,2022-12-05,39
P003447,U0672,C001,2023-04-08,99
P003448,U0672,C006,2023-04-20,49
P003449,U0672,C015,2023-07-25,89
P003450,U0672,C013,2023-10-17,69
P003451,U0672,C003,2023-12-27,79
P003452,U0672,C002,2024-01-17,89
P003453,U0672,C004,2024-03-19,99
P003454,U0672,C012,2024-08-17,49
P003455,U0673,C005,2023-12-20,49
P003456,U0673,C001,2024-02-14,99
P003457,U0673,C004,2024-06-16,99
P003458,U0674,C013,2023-11-01,69
P003459,U0674,C002,2023-11-28,89
P003460,U0674,C005,2024-01-08,49
P003461,U0674,C011,2024-04-11,79
P003462,U0674,C014,2024-05-27,79
P003463,U0674,C012,2024-06-13,49
P003464,U0674,C009,2024-06-16,39
P003465,U0674,C015,2024-08-30,89
P003466,U0674,C003,2024-09-25,79
P003467,U0674,C010,2024-11-02,49
P003468,U0675,C002,2022-11-27,89
P003469,U0675,C001,2023-02-22,99
P003470,U0675,C013,2023-12-29,69
P003471,U0675,C003,2024-01-11,79
P003472,U0675,C007,2024-01-31,19
P003473,U0675,C011,2024-04-21,79
P003474,U0675,C005,2024-06-03,49
P003475,U0675,C010,2024-06-21,49
P003476,U0675,C004,2024-08-18,99
P003477,U0675,C012,2024-12-11,49
P003478,U0676,C001,2023-09-12,99
P003479,U0677,C007,2023-06-03,19
P003480,U0677,C009,2023-08-24,39
P003481,U0677,C015,2023-10-30,89
P003482,U0677,C004,2024-03-29,99
P003483,U0678,C003,2023-05-22,79
P003484,U0678,C009,2024-02-05,39
P003485,U0678,C002,2024-07-03,89
P003486,U0678,C004,2024-07-25,99
P003487,U0679,C005,2024-04-05,49
P003488,U0679,C008,2024-06-30,29
P003489,U0680,C003,2023-02-24,79
P003490,U0680,C015,2023-04-18,89
P003491,U0681,C008,2023-07-29,29
P003492,U0681,C007,2023-08-24,19
P003493,U0681,C013,2023-11-27,69
P003494,U0681,C002,2023-12-01,89
P003495,U0681,C010,2023-12-26,49
P003496,U0681,C014,2024-04-04,79
P003497,U0681,C009,2024-09-02,39
P003498,U0681,C006,2024-09-12,49
P003499,U0681,C003,2024-09-16,79
P003500,U0681,C015,2024-09-24,89
P003501,U0682,C003,2022-11-23,79
P003502,U0682,C001,2024-06-23,99
P003503,U0682,C011,2024-12-07,79
P003504,U0683,C003,2023-01-24,79
P003505,U0683,C004,2023-04-05,99
P003506,U0683,C012,2023-07-12,49
P003507,U0683,C013,2023-08-18,69
P003508,U0683,C015,2023-09-03,89
P003509,U0683,C007,2024-01-12,19
P003510,U0683,C011,2024-08-26,79
P003511,U0683,C002,2024-09-04,89
P003512,U0683,C010,2024-10-01,49
P003513,U0683,C014,2024-10-17,79
P003514,U0683,C006,2024-11-01,49
P003515,U0684,C004,2024-07-21,99
P003516,U0684,C010,2024-08-20,49
P003517,U0685,C011,2024-12-25,79
P003518,U0686,C007,2022-10-07,19
P003519,U0686,C002,2022-12-29,89
P003520,U0686,C013,2023-08-27,69
P003521,U0686,C005,2024-03-07,49
P003522,U0687,C004,2023-05-12,99
P003523,U0687,C006,2023-10-29,49
P003524,U0687,C001,2024-03-29,99
P003525,U0687,C002,2024-05-23,89
P003526,U0687,C008,2024-06-07,29
P003527,U0687,C011,2024-07-11,79
P003528,U0687,C005,2024-08-23,49
P003529,U0688,C014,2022-07-11,79
P003530,U0688,C011,2022-09-08,79
P003531,U0688,C004,2023-04-05,99
P003532,U0688,C008,2023-09-15,29
P003533,U0688,C006,2023-10-01,49
P003534,U0688,C002,2023-12-30,89
P003535,U0688,C013,2024-07-11,69
P003536,U0688,C009,2024-07-15,39
P003537,U0688,C012,2024-07-22,49
P003538,U0689,C002,2023-01-27,89
P003539,U0689,C011,2023-04-05,79
P003540,U0689,C013,2023-08-13,69
P003541,U0689,C007,2024-04-14,19
P003542,U0689,C012,2024-06-12,49
P003543,U0689,C004,2024-09-08,99
P003544,U0689,C001,2024-10-30,99
P003545,U0690,C012,2024-03-11,49
P003546,U0690,C004,2024-05-27,99
P003547,U0690,C011,2024-10-02,79
P003548,U0690,C006,2024-10-11,49
P003549,U0691,C012,2024-06-20,49
P003550,U0691,C009,2024-08-19,39
P003551,U0691,C004,2024-09-27,99
P003552,U0691,C001,2024-10-12,99
P003553,U0691,C006,2024-11-04,49
P003554,U0692,C012,2022-11-25,49
P003555,U0692,C014,2023-09-16,79
P003556,U0692,C001,2023-09-22,99
P003557,U0692,C015,2023-12-07,89
P003558,U0692,C003,2024-02-05,79
P003559,U0692,C006,2024-06-02,49
P003560,U0692,C010,2024-10-16,49
P003561,U0693,C013,2023-05-16,69
P003562,U0693,C012,2023-06-28,49
P003563,U0693,C015,2023-07-19,89
P003564,U0693,C008,2023-12-17,29
P003565,U0693,C003,2023-12-24,79
P003566,U0693,C001,2024-01-26,99
P003567,U0693,C006,2024-05-24,49
P003568,U0693,C007,2024-07-30,19
P003569,U0693,C005,2024-08-15,49
P003570,U0694,C003,2023-11-06,79
P003571,U0694,C008,2023-12-11,29
P003572,U0694,C001,2024-04-02,99
P003573,U0694,C010,2024-04-25,49
P003574,U0694,C014,2024-05-20,79
P003575,U0695,C004,2022-09-18,99
P003576,U0695,C014,2022-10-29,79
P003577,U0695,C015,2023-02-04,89
P003578,U0695,C009,2023-10-24,39
P003579,U0695,C013,2024-08-11,69
P003580,U0695,C002,2024-09-07,89
P003581,U0696,C002,2024-01-06,89
P003582,U0696,C010,2024-04-08,49
P003583,U0696,C003,2024-05-04,79
P003584,U0697,C009,2024-12-03,39
P003585,U0698,C009,2023-09-15,39
P003586,U0698,C006,2024-10-17,49
P003587,U0698,C012,2024-12-26,49
P003588,U0699,C011,2024-07-11,79
P003589,U0699,C007,2024-07-18,19
P003590,U0699,C005,2024-08-24,49
P003591,U0699,C003,2024-10-21,79
P003592,U0699,C010,2024-11-01,49
P003593,U0699,C015,2024-11-12,89
P003594,U0700,C007,2024-10-11,19
P003595,U0700,C012,2024-12-23,49
P003596,U0700,C014,2024-12-26,79
P003597,U0701,C007,2024-01-09,19
P003598,U0701,C015,2024-02-02,89
P003599,U0701,C014,2024-03-22,79
P003600,U0701,C001,2024-06-01,99
P003601,U0701,C004,2024-07-12,99
P003602,U0701,C009,2024-08-02,39
P003603,U0701,C002,2024-08-23,89
P003604,U0701,C013,2024-12-07,69
P003605,U0702,C009,2022-07-15,39
P003606,U0702,C004,2022-12-03,99
P003607,U0702,C007,2022-12-09,19
P003608,U0702,C015,2022-12-11,89
P003609,U0702,C008,2023-02-26,29
P003610,U0702,C001,2023-03-30,99
P003611,U0702,C010,2023-08-25,49
P003612,U0702,C006,2023-09-02,49
P003613,U0702,C013,2023-10-21,69
P003614,U0702,C011,2023-11-10,79
P003615,U0702,C005,2023-12-21,49
P003616,U0702,C012,2024-11-05,49
P003617,U0703,C001,2023-10-29,99
P003618,U0703,C002,2023-10-30,89
P003619,U0703,C009,2023-12-24,39
P003620,U0703,C011,2024-04-09,79
P003621,U0703,C005,2024-04-30,49
P003622,U0703,C004,2024-05-09,99
P003623,U0703,C006,2024-06-30,49
P003624,U0703,C007,2024-07-09,19
P003625,U0703,C012,2024-09-09,49
P003626,U0703,C015,2024-09-11,89
P003627,U0703,C014,2024-11-25,79
P003628,U0704,C006,2022-11-17,49
P003629,U0704,C004,2024-05-19,99
P003630,U0705,C004,2023-01-06,99
P003631,U0706,C011,2024-05-24,79
P003632,U0706,C002,2024-06-28,89
P003633,U0706,C006,2024-07-03,49
P003634,U0706,C009,2024-07-04,39
P003635,U0706,C015,2024-07-26,89
P003636,U0707,C004,2022-12-04,99
P003637,U0707,C005,2024-02-05,49
P003638,U0708,C001,2024-11-07,99
P003639,U0708,C004,2024-11-07,99
P003640,U0708,C002,2024-11-08,89
P003641,U0708,C010,2024-11-08,49
P003642,U0708,C013,2024-11-12,69
P003643,U0708,C007,2024-11-15,19
P003644,U0708,C006,2024-11-15,49
P003645,U0708,C003,2024-11-16,79
P003646,U0709,C015,2023-10-26,89
P003647,U0709,C012,2023-11-09,49
P003648,U0709,C002,2023-12-26,89
P003649,U0709,C001,2024-02-14,99
P003650,U0709,C007,2024-03-06,19
P003651,U0710,C008,2022-10-13,29
P003652,U0710,C013,2023-07-10,69
P003653,U0710,C005,2023-11-02,49
P003654,U0710,C006,2024-03-16,49
P003655,U0711,C014,2023-12-21,79
P003656,U0711,C006,2024-01-10,49
P003657,U0711,C005,2024-04-24,49
P003658,U0711,C007,2024-06-04,19
P003659,U0711,C002,2024-06-19,89
P003660,U0711,C004,2024-09-11,99
P003661,U0711,C015,2024-09-20,89
P003662,U0712,C010,2024-10-31,49
P003663,U0712,C002,2024-12-15,89
P003664,U0712,C004,2024-12-27,99
P003665,U0713,C007,2024-10-12,19
P003666,U0713,C012,2024-10-22,49
P003667,U0713,C008,2024-10-29,29
P003668,U0713,C010,2024-11-09,49
P003669,U0714,C010,2022-12-02,49
P003670,U0714,C007,2024-01-17,19
P003671,U0715,C009,2023-07-08,39
P003672,U0715,C008,2023-09-14,29
P003673,U0716,C007,2023-12-09,19
P003674,U0716,C015,2024-03-11,89
P003675,U0716,C005,2024-12-27,49
P003676,U0717,C013,2023-10-03,69
P003677,U0717,C004,2024-07-18,99
P003678,U0717,C010,2024-09-27,49
P003679,U0718,C005,2023-08-25,49
P003680,U0718,C002,2023-11-18,89
P003681,U0718,C009,2023-11-20,39
P003682,U0718,C001,2024-05-08,99
P003683,U0718,C010,2024-05-18,49
P003684,U0719,C010,2024-09-05,49
P003685,U0719,C001,2024-09-09,99
P003686,U0719,C014,2024-11-12,79
P003687,U0720,C001,2023-05-20,99
P003688,U0720,C006,2023-06-05,49
P003689,U0720,C002,2023-09-19,89
P003690,U0720,C008,2023-10-02,29
P003691,U0720,C012,2023-12-26,49
P003692,U0720,C010,2024-05-21,49
P003693,U0720,C003,2024-06-13,79
P003694,U0720,C013,2024-07-02,69
P003695,U0720,C014,2024-07-08,79
P003696,U0721,C007,2024-09-25,19
P003697,U0721,C015,2024-10-17,89
P003698,U0721,C005,2024-10-22,49
P003699,U0721,C010,2024-12-15,49
P003700,U0722,C013,2024-07-05,69
P003701,U0722,C014,2024-08-04,79
P003702,U0722,C012,2024-08-12,49
P003703,U0722,C006,2024-08-20,49
P003704,U0722,C009,2024-08-25,39
P003705,U0723,C008,2023-04-29,29
P003706,U0723,C001,2023-06-25,99
P003707,U0724,C013,2023-12-24,69
P003708,U0725,C003,2023-03-04,79
P003709,U0725,C010,2023-07-23,49
P003710,U0725,C004,2024-05-01,99
P003711,U0725,C002,2024-07-27,89
P003712,U0725,C013,2024-11-07,69
P003713,U0726,C015,2024-04-05,89
P003714,U0726,C012,2024-04-21,49
P003715,U0726,C008,2024-05-06,29
P003716,U0726,C001,2024-05-12,99
P003717,U0726,C009,2024-06-29,39
P003718,U0726,C005,2024-09-19,49
P003719,U0726,C003,2024-09-22,79
P003720,U0727,C013,2022-07-11,69
P003721,U0727,C004,2022-07-12,99
P003722,U0727,C014,2022-12-15,79
P003723,U0727,C011,2023-07-04,79
P003724,U0727,C006,2023-07-22,49
P003725,U0727,C008,2024-09-19,29
P003726,U0727,C012,2024-12-17,49
P003727,U0728,C003,2024-10-26,79
P003728,U0728,C001,2024-12-15,99
P003729,U0729,C006,2023-02-20,49
P003730,U0729,C004,2023-04-19,99
P003731,U0729,C003,2023-11-24,79
P003732,U0729,C010,2024-03-23,49
P003733,U0729,C001,2024-06-05,99
P003734,U0729,C012,2024-09-27,49
P003735,U0729,C007,2024-12-15,19
P003736,U0730,C006,2022-10-13,49
P003737,U0730,C008,2023-03-16,29
P003738,U0730,C007,2023-11-15,19
P003739,U0730,C010,2024-05-15,49
P003740,U0730,C005,2024-11-09,49
P003741,U0731,C006,2023-04-28,49
P003742,U0731,C011,2023-05-12,79
P003743,U0731,C005,2023-06-29,49
P003744,U0731,C007,2023-08-21,19
P003745,U0731,C014,2023-12-09,79
P003746,U0731,C003,2024-05-19,79
P003747,U0731,C012,2024-12-10,49
P003748,U0732,C015,2023-10-24,89
P003749,U0732,C014,2023-12-31,79
P003750,U0732,C007,2024-02-10,19
P003751,U0732,C011,2024-04-27,79
P003752,U0732,C008,2024-08-31,29
P003753,U0732,C012,2024-09-24,49
P003754,U0732,C001,2024-09-29,99
P003755,U0733,C007,2023-11-09,19
P003756,U0733,C008,2024-09-03,29
P003757,U0733,C002,2024-10-05,89
P003758,U0733,C001,2024-11-07,99
P003759,U0734,C013,2024-05-30,69
P003760,U0734,C009,2024-06-03,39
P003761,U0734,C007,2024-06-09,19
P003762,U0734,C002,2024-06-29,89
P003763,U0734,C014,2024-07-08,79
P003764,U0734,C001,2024-09-13,99
P003765,U0734,C008,2024-09-27,29
P003766,U0734,C010,2024-11-01,49
P003767,U0735,C008,2024-08-30,29
P003768,U0735,C003,2024-09-17,79
P003769,U0735,C014,2024-11-05,79
P003770,U0735,C002,2024-12-08,89
P003771,U0735,C012,2024-12-19,49
P003772,U0735,C010,2024-12-25,49
P003773,U0736,C009,2024-03-03,39
P003774,U0736,C004,2024-05-08,99
P003775,U0736,C007,2024-07-05,19
P003776,U0736,C010,2024-08-08,49
P003777,U0736,C008,2024-11-16,29
P003778,U0737,C007,2023-03-22,19
P003779,U0737,C013,2023-06-07,69
P003780,U0737,C001,2023-06-17,99
P003781,U0737,C012,2023-06-24,49
P003782,U0737,C005,2024-05-31,49
P003783,U0738,C012,2023-11-30,49
P003784,U0738,C008,2024-04-12,29
P003785,U0738,C002,2024-05-14,89
P003786,U0738,C007,2024-12-14,19
P003787,U0739,C006,2023-11-08,49
P003788,U0739,C002,2023-12-11,89
P003789,U0739,C011,2024-12-29,79
P003790,U0740,C012,2024-09-18,49
P003791,U0740,C014,2024-09-28,79
P003792,U0740,C004,2024-10-08,99
P003793,U0740,C011,2024-10-09,79
P003794,U0740,C002,2024-10-24,89
P003795,U0740,C001,2024-10-24,99
P003796,U0741,C009,2024-02-21,39
P003797,U0741,C005,2024-03-22,49
P003798,U0741,C002,2024-05-31,89
P003799,U0741,C008,2024-06-08,29
P003800,U0741,C013,2024-07-04,69
P003801,U0741,C001,2024-08-25,99
P003802,U0741,C007,2024-11-10,19
P003803,U0742,C002,2023-07-15,89
P003804,U0742,C010,2023-12-07,49
P003805,U0742,C001,2024-02-15,99
P003806,U0742,C005,2024-03-12,49
P003807,U0742,C009,2024-06-08,39
P003808,U0742,C013,2024-08-06,69
P003809,U0743,C005,2023-03-25,49
P003810,U0743,C004,2023-05-01,99
P003811,U0743,C009,2023-05-03,39
P003812,U0743,C006,2023-08-11,49
P003813,U0743,C007,2024-01-12,19
P003814,U0743,C010,2024-03-12,49
P003815,U0743,C013,2024-11-16,69
P003816,U0744,C015,2024-01-16,89
P003817,U0744,C005,2024-02-15,49
P003818,U0744,C001,2024-04-21,99
P003819,U0744,C007,2024-05-21,19
P003820,U0744,C013,2024-07-01,69
P003821,U0744,C003,2024-08-13,79
P003822,U0744,C006,2024-08-29,49
P003823,U0744,C009,2024-09-03,39
P003824,U0745,C006,2023-04-06,49
P003825,U0745,C001,2023-04-15,99
P003826,U0745,C005,2023-07-05,49
P003827,U0745,C004,2024-08-19,99
P003828,U0745,C007,2024-09-26,19
P003829,U0746,C003,2024-04-04,79
P003830,U0746,C014,2024-06-30,79
P003831,U0746,C015,2024-07-15,89
P003832,U0746,C006,2024-08-23,49
P003833,U0746,C007,2024-09-05,19
P003834,U0746,C013,2024-11-16,69
P003835,U0746,C012,2024-11-27,49
P003836,U0747,C013,2024-04-07,69
P003837,U0747,C012,2024-04-11,49
P003838,U0747,C009,2024-04-18,39
P003839,U0748,C002,2024-02-06,89
P003840,U0748,C014,2024-03-03,79
P003841,U0748,C013,2024-07-15,69
P003842,U0748,C009,2024-08-16,39
P003843,U0748,C015,2024-10-10,89
P003844,U0748,C004,2024-11-06,99
P003845,U0749,C002,2024-04-16,89
P003846,U0749,C010,2024-04-20,49
P003847,U0749,C015,2024-05-20,89
P003848,U0749,C009,2024-07-01,39
P003849,U0749,C006,2024-07-07,49
P003850,U0749,C012,2024-07-14,49
P003851,U0750,C010,2023-04-30,49
P003852,U0751,C007,2023-09-01,19
P003853,U0751,C004,2024-05-17,99
P003854,U0752,C011,2023-04-08,79
P003855,U0753,C013,2022-08-07,69
P003856,U0753,C008,2023-01-07,29
P003857,U0753,C012,2023-01-22,49
P003858,U0753,C007,2023-08-29,19
P003859,U0753,C014,2024-05-02,79
P003860,U0753,C009,2024-06-01,39
P003861,U0753,C011,2024-11-26,79
P003862,U0754,C003,2023-03-26,79
P003863,U0754,C009,2023-11-15,39
P003864,U0755,C013,2022-11-08,69
P003865,U0755,C004,2024-11-25,99
P003866,U0755,C001,2024-12-18,99
P003867,U0756,C002,2024-02-24,89
P003868,U0756,C001,2024-07-18,99
P003869,U0756,C008,2024-11-03,29
P003870,U0756,C014,2024-11-08,79
P003871,U0756,C004,2024-12-19,99
P003872,U0756,C012,2024-12-26,49
P003873,U0757,C005,2024-02-21,49
P003874,U0757,C015,2024-02-24,89
P003875,U0757,C013,2024-05-17,69
P003876,U0757,C009,2024-06-30,39
P003877,U0757,C010,2024-11-05,49
P003878,U0758,C012,2023-01-25,49
P003879,U0758,C002,2023-03-28,89
P003880,U0758,C015,2023-07-18,89
P003881,U0758,C014,2024-02-02,79
P003882,U0758,C006,2024-10-13,49
P003883,U0758,C008,2024-12-20,29
P003884,U0759,C003,2023-12-03,79
P003885,U0760,C004,2022-07-04,99
P003886,U0760,C006,2022-10-08,49
P003887,U0760,C009,2024-03-11,39
P003888,U0761,C004,2022-11-09,99
P003889,U0761,C011,2023-08-01,79
P003890,U0761,C012,2024-02-24,49
P003891,U0761,C001,2024-03-16,99
P003892,U0762,C013,2024-01-30,69
P003893,U0762,C011,2024-04-05,79
P003894,U0763,C004,2023-06-05,99
P003895,U0763,C006,2024-01-08,49
P003896,U0763,C012,2024-01-11,49
P003897,U0763,C015,2024-05-16,89
P003898,U0763,C002,2024-12-27,89
P003899,U0764,C002,2024-04-07,89
P003900,U0764,C014,2024-05-19,79
P003901,U0764,C004,2024-07-05,99
P003902,U0764,C006,2024-08-19,49
P003903,U0764,C015,2024-10-26,89
P003904,U0764,C009,2024-11-28,39
P003905,U0764,C011,2024-12-04,79
P003906,U0765,C014,2023-01-17,79
P003907,U0765,C007,2023-06-08,19
P003908,U0765,C011,2024-08-31,79
P003909,U0766,C013,2023-03-21,69
P003910,U0766,C010,2023-11-01,49
P003911,U0766,C006,2024-01-03,49
P003912,U0767,C006,2024-04-23,49
P003913,U0767,C003,2024-05-17,79
P003914,U0768,C014,2023-10-19,79
P003915,U0768,C009,2024-01-10,39
P003916,U0768,C005,2024-03-18,49
P003917,U0768,C003,2024-09-29,79
P003918,U0768,C013,2024-10-08,69
P003919,U0769,C009,2024-07-29,39
P003920,U0769,C003,2024-08-09,79
P003921,U0769,C004,2024-08-11,99
P003922,U0769,C006,2024-09-01,49
P003923,U0769,C014,2024-09-07,79
P003924,U0769,C001,2024-09-08,99
P003925,U0769,C007,2024-10-21,19
P003926,U0769,C008,2024-10-31,29
P003927,U0769,C012,2024-11-23,49
P003928,U0769,C015,2024-12-14,89
P003929,U0769,C005,2024-12-21,49
P003930,U0769,C010,2024-12-21,49
P003931,U0770,C015,2023-06-24,89
P003932,U0770,C011,2023-08-21,79
P003933,U0770,C009,2023-11-07,39
P003934,U0770,C013,2024-01-10,69
P003935,U0770,C003,2024-01-13,79
P003936,U0770,C012,2024-02-04,49
P003937,U0770,C001,2024-07-25,99
P003938,U0770,C008,2024-09-03,29
P003939,U0770,C005,2024-10-23,49
P003940,U0771,C006,2023-11-16,49
P003941,U0771,C012,2024-02-17,49
P003942,U0771,C015,2024-05-30,89
P003943,U0771,C005,2024-06-05,49
P003944,U0771,C014,2024-07-07,79
P003945,U0771,C007,2024-10-09,19
P003946,U0771,C004,2024-12-30,99
P003947,U0772,C002,2024-06-08,89
P003948,U0772,C008,2024-07-02,29
P003949,U0772,C001,2024-07-06,99
P003950,U0772,C003,2024-07-09,79
P003951,U0772,C007,2024-07-14,19
P003952,U0772,C013,2024-08-17,69
P003953,U0772,C006,2024-08-24,49
P003954,U0772,C012,2024-09-01,49
P003955,U0772,C009,2024-09-11,39
P003956,U0772,C011,2024-11-18,79
P003957,U0772,C005,2024-12-14,49
P003958,U0772,C010,2024-12-16,49
P003959,U0773,C007,2023-09-17,19
P003960,U0773,C008,2023-10-13,29
P003961,U0773,C010,2024-01-20,49
P003962,U0773,C003,2024-02-25,79
P003963,U0773,C006,2024-03-11,49
P003964,U0773,C015,2024-03-26,89
P003965,U0773,C004,2024-05-01,99
P003966,U0773,C014,2024-08-12,79
P003967,U0773,C002,2024-11-15,89
P003968,U0774,C004,2024-04-08,99
P003969,U0774,C006,2024-04-09,49
P003970,U0774,C013,2024-04-24,69
P003971,U0774,C001,2024-04-27,99
P003972,U0774,C015,2024-11-05,89
P003973,U0774,C014,2024-11-20,79
P003974,U0774,C003,2024-12-19,79
P003975,U0775,C006,2023-11-24,49
P003976,U0775,C007,2024-02-13,19
P003977,U0775,C002,2024-02-15,89
P003978,U0776,C003,2023-07-21,79
P003979,U0776,C005,2024-07-19,49
P003980,U0776,C002,2024-11-22,89
P003981,U0777,C004,2024-05-10,99
P003982,U0777,C010,2024-05-10,49
P003983,U0777,C015,2024-06-20,89
P003984,U0777,C002,2024-06-30,89
P003985,U0777,C014,2024-08-06,79
P003986,U0777,C005,2024-08-09,49
P003987,U0777,C012,2024-08-20,49
P003988,U0777,C006,2024-09-28,49
P003989,U0777,C001,2024-10-08,99
P003990,U0777,C011,2024-10-09,79
P003991,U0777,C008,2024-10-26,29
P003992,U0777,C007,2024-11-02,19
P003993,U0778,C015,2022-12-02,89
P003994,U0778,C002,2024-01-05,89
P003995,U0778,C014,2024-07-02,79
P003996,U0778,C011,2024-09-21,79
P003997,U0778,C003,2024-11-07,79
P003998,U0779,C009,2024-02-17,39
P003999,U0779,C002,2024-04-24,89
P004000,U0779,C010,2024-10-17,49
P004001,U0779,C011,2024-12-27,79
P004002,U0780,C013,2022-12-28,69
P004003,U0780,C007,2024-02-15,19
P004004,U0781,C009,2022-06-14,39
P004005,U0781,C011,2023-02-27,79
P004006,U0781,C001,2023-04-12,99
P004007,U0781,C003,2023-05-04,79
P004008,U0781,C006,2023-07-15,49
P004009,U0781,C002,2023-07-26,89
P004010,U0781,C012,2023-07-31,49
P004011,U0781,C014,2023-11-19,79
P004012,U0781,C005,2024-01-22,49
P004013,U0781,C004,2024-03-01,99
P004014,U0781,C008,2024-04-23,29
P004015,U0781,C007,2024-12-26,19
P004016,U0782,C004,2022-06-30,99
P004017,U0782,C015,2022-08-07,89
P004018,U0782,C008,2023-04-04,29
P004019,U0782,C012,2023-04-15,49
P004020,U0782,C003,2023-06-25,79
P004021,U0782,C010,2023-11-04,49
P004022,U0782,C011,2023-11-13,79
P004023,U0782,C007,2024-03-23,19
P004024,U0782,C013,2024-10-10,69
P004025,U0782,C014,2024-11-30,79
P004026,U0783,C010,2024-05-16,49
P004027,U0783,C008,2024-07-30,29
P004028,U0783,C014,2024-08-04,79
P004029,U0783,C002,2024-09-06,89
P004030,U0783,C006,2024-09-21,49
P004031,U0783,C011,2024-11-12,79
P004032,U0783,C013,2024-12-03,69
P004033,U0784,C006,2022-08-11,49
P004034,U0784,C012,2022-10-27,49
P004035,U0784,C002,2023-02-04,89
P004036,U0784,C009,2023-05-04,39
P004037,U0784,C013,2023-08-05,69
P004038,U0784,C003,2024-01-21,79
P004039,U0784,C015,2024-04-03,89
P004040,U0784,C007,2024-08-23,19
P004041,U0784,C014,2024-09-06,79
P004042,U0784,C004,2024-12-08,99
P004043,U0785,C009,2023-12-09,39
P004044,U0786,C012,2022-10-21,49
P004045,U0786,C007,2024-12-24,19
P004046,U0787,C003,2024-08-15,79
P004047,U0787,C013,2024-08-27,69
P004048,U0787,C002,2024-09-02,89
P004049,U0787,C001,2024-09-23,99
P004050,U0787,C006,2024-09-29,49
P004051,U0787,C011,2024-10-05,79
P004052,U0787,C012,2024-11-19,49
P004053,U0787,C009,2024-11-23,39
P004054,U0788,C008,2024-09-06,29
P004055,U0788,C015,2024-09-12,89
P004056,U0788,C006,2024-10-31,49
P004057,U0788,C003,2024-11-04,79
P004058,U0789,C003,2023-05-16,79
P004059,U0789,C015,2024-12-24,89
P004060,U0790,C011,2023-10-13,79
P004061,U0790,C009,2023-12-09,39
P004062,U0790,C012,2023-12-17,49
P004063,U0790,C007,2024-02-21,19
P004064,U0790,C005,2024-03-05,49
P004065,U0790,C010,2024-05-31,49
P004066,U0790,C014,2024-06-10,79
P004067,U0790,C015,2024-06-22,89
P004068,U0790,C003,2024-08-05,79
P004069,U0790,C008,2024-08-07,29
P004070,U0791,C005,2022-09-13,49
P004071,U0791,C010,2023-03-05,49
P004072,U0791,C003,2023-04-12,79
P004073,U0791,C004,2023-10-03,99
P004074,U0791,C009,2024-06-23,39
P004075,U0791,C008,2024-07-03,29
P004076,U0791,C006,2024-08-26,49
P004077,U0791,C013,2024-11-07,69
P004078,U0792,C006,2022-10-14,49
P004079,U0792,C003,2023-05-09,79
P004080,U0793,C013,2022-07-14,69
P004081,U0793,C014,2023-11-11,79
P004082,U0793,C010,2024-02-28,49
P004083,U0793,C003,2024-09-10,79
P004084,U0793,C012,2024-09-30,49
P004085,U0794,C009,2022-07-21,39
P004086,U0794,C007,2023-01-01,19
P004087,U0794,C014,2024-03-01,79
P004088,U0795,C012,2024-11-15,49
P004089,U0795,C009,2024-11-15,39
P004090,U0795,C013,2024-11-17,69
P004091,U0795,C014,2024-11-17,79
P004092,U0795,C015,2024-11-19,89
P004093,U0795,C007,2024-11-21,19
P004094,U0795,C011,2024-11-22,79
P004095,U0795,C002,2024-11-22,89
P004096,U0796,C008,2023-01-29,29
P004097,U0796,C015,2023-02-19,89
P004098,U0796,C011,2023-04-21,79
P004099,U0796,C004,2024-02-01,99
P004100,U0797,C005,2023-08-05,49
P004101,U0797,C010,2023-09-22,49
P004102,U0797,C004,2024-01-08,99
P004103,U0797,C013,2024-03-17,69
P004104,U0797,C001,2024-05-09,99
P004105,U0798,C005,2023-01-10,49
P004106,U0798,C015,2023-01-20,89
P004107,U0798,C013,2023-08-18,69
P004108,U0798,C010,2023-10-09,49
P004109,U0798,C014,2023-12-15,79
P004110,U0798,C009,2024-03-10,39
P004111,U0798,C012,2024-04-21,49
P004112,U0798,C006,2024-09-11,49
P004113,U0798,C007,2024-10-20,19
P004114,U0799,C010,2022-12-29,49
P004115,U0799,C007,2023-04-30,19
P004116,U0799,C001,2023-05-12,99
P004117,U0799,C005,2023-05-23,49
P004118,U0799,C006,2023-10-11,49
P004119,U0799,C013,2024-01-18,69
P004120,U0799,C004,2024-08-17,99
P004121,U0799,C015,2024-10-03,89
P004122,U0799,C011,2024-11-15,79
P004123,U0800,C013,2023-11-24,69
P004124,U0800,C004,2024-02-01,99
P004125,U0800,C011,2024-03-12,79
P004126,U0800,C006,2024-06-04,49
P004127,U0800,C003,2024-06-05,79
P004128,U0800,C001,2024-06-09,99
P004129,U0800,C010,2024-06-16,49
P004130,U0800,C008,2024-08-16,29
P004131,U0800,C005,2024-11-13,49
P004132,U0801,C003,2022-03-31,79
P004133,U0801,C014,2022-04-11,79
P004134,U0801,C008,2023-03-31,29
P004135,U0801,C011,2023-08-31,79
P004136,U0801,C013,2024-10-20,69
P004137,U0802,C007,2023-07-07,19
P004138,U0802,C013,2023-10-27,69
P004139,U0802,C011,2023-12-23,79
P004140,U0802,C008,2024-01-29,29
P004141,U0802,C002,2024-08-06,89
P004142,U0802,C012,2024-08-29,49
P004143,U0802,C003,2024-09-04,79
P004144,U0803,C011,2023-03-17,79
P004145,U0803,C004,2023-06-13,99
P004146,U0803,C005,2024-03-19,49
P004147,U0803,C008,2024-06-16,29
P004148,U0803,C014,2024-07-07,79
P004149,U0804,C006,2023-12-17,49
P004150,U0804,C014,2024-01-14,79
P004151,U0804,C002,2024-01-28,89
P004152,U0804,C015,2024-07-09,89
P004153,U0805,C003,2023-10-19,79
P004154,U0805,C006,2023-11-10,49
P004155,U0805,C009,2023-11-21,39
P004156,U0805,C008,2024-06-17,29
P004157,U0805,C001,2024-11-25,99
P004158,U0806,C006,2023-12-04,49
P004159,U0806,C004,2023-12-09,99
P004160,U0806,C014,2023-12-12,79
P004161,U0806,C011,2024-01-30,79
P004162,U0806,C015,2024-02-22,89
P004163,U0806,C002,2024-08-28,89
P004164,U0806,C009,2024-09-30,39
P004165,U0806,C010,2024-10-12,49
P004166,U0806,C001,2024-10-17,99
P004167,U0806,C007,2024-11-23,19
P004168,U0806,C013,2024-11-24,69
P004169,U0807,C015,2024-07-25,89
P004170,U0807,C001,2024-08-24,99
P004171,U0807,C009,2024-10-30,39
P004172,U0807,C006,2024-11-04,49
P004173,U0807,C014,2024-11-05,79
P004174,U0808,C004,2023-10-17,99
P004175,U0808,C010,2024-05-31,49
P004176,U0808,C011,2024-06-13,79
P004177,U0809,C003,2023-12-04,79
P004178,U0809,C002,2024-01-08,89
P004179,U0809,C006,2024-03-02,49
P004180,U0809,C009,2024-12-10,39
P004181,U0810,C013,2022-07-03,69
P004182,U0810,C004,2022-07-14,99
P004183,U0810,C010,2022-07-24,49
P004184,U0810,C002,2023-10-26,89
P004185,U0810,C012,2023-12-02,49
P004186,U0810,C007,2023-12-09,19
P004187,U0810,C003,2024-10-05,79
P004188,U0810,C015,2024-10-25,89
P004189,U0810,C009,2024-11-26,39
P004190,U0811,C007,2023-05-18,19
P004191,U0811,C006,2023-08-06,49
P004192,U0811,C014,2023-12-03,79
P004193,U0811,C008,2024-05-04,29
P004194,U0811,C009,2024-06-07,39
P004195,U0812,C008,2024-03-11,29
P004196,U0812,C007,2024-05-05,19
P004197,U0812,C003,2024-05-05,79
P004198,U0812,C010,2024-08-10,49
P004199,U0813,C002,2024-02-07,89
P004200,U0813,C015,2024-04-24,89
P004201,U0813,C004,2024-06-02,99
P004202,U0813,C008,2024-07-08,29
P004203,U0813,C013,2024-07-26,69
P004204,U0813,C010,2024-08-20,49
P004205,U0814,C009,2022-12-17,39
P004206,U0814,C012,2023-01-15,49
P004207,U0814,C008,2023-03-20,29
P004208,U0814,C010,2023-07-08,49
P004209,U0814,C011,2024-11-25,79
P004210,U0815,C004,2023-11-17,99
P004211,U0815,C001,2024-05-05,99
P004212,U0815,C010,2024-05-28,49
P004213,U0815,C002,2024-07-26,89
P004214,U0815,C013,2024-12-23,69
P004215,U0816,C015,2023-11-10,89
P004216,U0816,C013,2024-04-26,69
P004217,U0816,C009,2024-10-16,39
P004218,U0817,C001,2023-05-21,99
P004219,U0817,C004,2023-06-12,99
P004220,U0817,C015,2023-08-03,89
P004221,U0817,C003,2023-08-23,79
P004222,U0817,C008,2024-09-24,29
P004223,U0817,C006,2024-10-01,49
P004224,U0817,C007,2024-11-01,19
P004225,U0818,C015,2024-04-08,89
P004226,U0818,C002,2024-09-09,89
P004227,U0818,C006,2024-12-19,49
P004228,U0819,C007,2023-06-17,19
P004229,U0820,C006,2022-06-01,49
P004230,U0820,C003,2022-07-01,79
P004231,U0820,C015,2022-07-03,89
P004232,U0820,C001,2023-05-19,99
P004233,U0820,C010,2023-06-02,49
P004234,U0820,C004,2023-09-22,99
P004235,U0820,C012,2023-11-14,49
P004236,U0820,C007,2024-10-08,19
P004237,U0821,C009,2024-12-08,39
P004238,U0822,C009,2023-07-14,39
P004239,U0822,C011,2024-01-15,79
P004240,U0822,C014,2024-04-10,79
P004241,U0822,C007,2024-11-11,19
P004242,U0823,C001,2022-04-09,99
P004243,U0823,C013,2022-12-16,69
P004244,U0823,C010,2022-12-30,49
P004245,U0823,C012,2023-04-11,49
P004246,U0823,C008,2023-09-25,29
P004247,U0823,C009,2024-01-12,39
P004248,U0823,C014,2024-03-31,79
P004249,U0823,C011,2024-04-30,79
P004250,U0823,C002,2024-12-17,89
P004251,U0824,C006,2023-01-09,49
P004252,U0825,C011,2023-01-30,79
P004253,U0825,C013,2023-02-01,69
P004254,U0825,C015,2023-03-09,89
P004255,U0825,C012,2023-10-30,49
P004256,U0825,C002,2024-03-11,89
P004257,U0825,C010,2024-05-11,49
P004258,U0825,C001,2024-10-18,99
P004259,U0825,C004,2024-10-21,99
P004260,U0826,C015,2023-11-13,89
P004261,U0826,C009,2024-06-29,39
P004262,U0827,C008,2022-10-05,29
P004263,U0827,C007,2023-01-13,19
P004264,U0827,C003,2023-02-24,79
P004265,U0827,C006,2023-08-23,49
P004266,U0827,C013,2023-12-12,69
P004267,U0827,C015,2024-03-13,89
P004268,U0827,C002,2024-10-05,89
P004269,U0827,C005,2024-11-16,49
P004270,U0828,C013,2022-09-21,69
P004271,U0828,C001,2022-10-22,99
P004272,U0828,C009,2022-10-26,39
P004273,U0828,C003,2023-04-22,79
P004274,U0828,C006,2023-07-01,49
P004275,U0828,C011,2023-08-26,79
P004276,U0828,C014,2023-10-12,79
P004277,U0828,C008,2023-11-08,29
P004278,U0828,C012,2024-08-19,49
P004279,U0829,C004,2022-08-25,99
P004280,U0829,C006,2022-12-25,49
P004281,U0829,C009,2023-02-09,39
P004282,U0829,C011,2023-03-20,79
P004283,U0829,C012,2023-03-27,49
P004284,U0829,C015,2024-02-11,89
P004285,U0829,C008,2024-03-10,29
P004286,U0829,C005,2024-09-29,49
P004287,U0830,C010,2023-06-18,49
P004288,U0830,C013,2024-04-07,69
P004289,U0830,C004,2024-12-07,99
P004290,U0831,C011,2023-09-19,79
P004291,U0831,C013,2023-12-09,69
P004292,U0831,C005,2024-02-21,49
P004293,U0831,C007,2024-03-23,19
P004294,U0831,C009,2024-04-14,39
P004295,U0831,C003,2024-07-26,79
P004296,U0832,C015,2022-07-02,89
P004297,U0832,C011,2024-01-03,79
P004298,U0832,C003,2024-06-28,79
P004299,U0832,C012,2024-10-01,49
P004300,U0833,C005,2022-08-29,49
P004301,U0833,C011,2023-01-22,79
P004302,U0833,C007,2023-05-23,19
P004303,U0833,C003,2023-07-12,79
P004304,U0833,C009,2023-10-07,39
P004305,U0833,C006,2023-10-29,49
P004306,U0833,C002,2023-12-31,89
P004307,U0833,C001,2024-02-29,99
P004308,U0833,C013,2024-09-27,69
P004309,U0833,C010,2024-11-07,49
P004310,U0834,C005,2023-11-23,49
P004311,U0834,C009,2023-12-03,39
P004312,U0834,C001,2024-01-05,99
P004313,U0834,C010,2024-01-12,49
P004314,U0834,C002,2024-01-26,89
P004315,U0834,C012,2024-07-30,49
P004316,U0834,C011,2024-11-05,79
P004317,U0835,C001,2024-03-10,99
P004318,U0835,C011,2024-03-30,79
P004319,U0835,C006,2024-06-15,49
P004320,U0836,C005,2024-08-01,49
P004321,U0836,C002,2024-08-02,89
P004322,U0836,C010,2024-08-05,49
P004323,U0836,C015,2024-08-10,89
P004324,U0837,C003,2022-07-07,79
P004325,U0837,C014,2023-03-03,79
P004326,U0837,C015,2023-10-12,89
P004327,U0837,C012,2024-07-03,49
P004328,U0838,C010,2023-10-18,49
P004329,U0838,C008,2023-11-18,29
P004330,U0838,C009,2024-01-01,39
P004331,U0838,C001,2024-01-18,99
P004332,U0838,C003,2024-03-02,79
P004333,U0838,C013,2024-04-20,69
P004334,U0838,C015,2024-06-11,89
P004335,U0838,C006,2024-10-02,49
P004336,U0838,C012,2024-10-24,49
P004337,U0838,C005,2024-11-02,49
P004338,U0839,C014,2023-04-08,79
P004339,U0839,C008,2023-05-04,29
P004340,U0839,C007,2023-11-10,19
P004341,U0839,C009,2024-04-13,39
P004342,U0839,C015,2024-10-02,89
P004343,U0840,C015,2023-05-06,89
P004344,U0840,C008,2023-12-14,29
P004345,U0841,C015,2024-02-01,89
P004346,U0841,C011,2024-12-05,79
P004347,U0842,C013,2024-03-17,69
P004348,U0842,C008,2024-03-19,29
P004349,U0843,C007,2023-07-28,19
P004350,U0843,C006,2023-08-11,49
P004351,U0843,C010,2024-03-19,49
P004352,U0843,C002,2024-03-23,89
P004353,U0843,C004,2024-09-16,99
P004354,U0844,C008,2022-02-18,29
P004355,U0844,C015,2024-08-07,89
P004356,U0845,C010,2023-10-04,49
P004357,U0845,C005,2023-10-10,49
P004358,U0845,C013,2023-12-23,69
P004359,U0845,C001,2024-01-13,99
P004360,U0845,C006,2024-02-07,49
P004361,U0845,C008,2024-02-29,29
P004362,U0845,C002,2024-06-18,89
P004363,U0845,C009,2024-06-24,39
P004364,U0845,C012,2024-08-02,49
P004365,U0845,C007,2024-10-21,19
P004366,U0845,C004,2024-11-16,99
P004367,U0845,C014,2024-11-23,79
P004368,U0846,C011,2023-10-11,79
P004369,U0846,C010,2024-04-05,49
P004370,U0846,C012,2024-06-19,49
P004371,U0846,C002,2024-07-04,89
P004372,U0846,C015,2024-10-06,89
P004373,U0846,C005,2024-10-11,49
P004374,U0846,C001,2024-12-30,99
P004375,U0847,C006,2023-07-15,49
P004376,U0847,C010,2023-08-13,49
P004377,U0848,C015,2022-10-13,89
P004378,U0848,C012,2023-03-04,49
P004379,U0848,C014,2024-08-07,79
P004380,U0848,C001,2024-08-09,99
P004381,U0849,C004,2023-09-23,99
P004382,U0849,C009,2024-05-21,39
P004383,U0849,C013,2024-05-26,69
P004384,U0849,C007,2024-09-08,19
P004385,U0849,C010,2024-09-21,49
P004386,U0849,C015,2024-09-24,89
P004387,U0850,C012,2024-10-08,49
P004388,U0850,C015,2024-12-15,89
P004389,U0851,C007,2022-04-30,19
P004390,U0851,C006,2023-06-06,49
P004391,U0851,C011,2024-03-10,79
P004392,U0852,C003,2023-10-03,79
P004393,U0852,C004,2024-04-18,99
P004394,U0852,C015,2024-07-04,89
P004395,U0852,C014,2024-08-05,79
P004396,U0852,C002,2024-09-09,89
P004397,U0852,C007,2024-09-15,19
P004398,U0852,C009,2024-10-12,39
P004399,U0852,C013,2024-11-13,69
P004400,U0852,C012,2024-11-14,49
P004401,U0853,C005,2022-11-13,49
P004402,U0853,C013,2023-04-26,69
P004403,U0853,C014,2023-09-29,79
P004404,U0853,C008,2023-10-01,29
P004405,U0853,C010,2023-10-15,49
P004406,U0853,C009,2023-10-27,39
P004407,U0853,C012,2023-11-17,49
P004408,U0853,C003,2024-02-20,79
P004409,U0853,C015,2024-04-17,89
P004410,U0853,C011,2024-05-27,79
P004411,U0853,C007,2024-06-20,19
P004412,U0853,C004,2024-11-05,99
P004413,U0854,C007,2023-07-30,19
P004414,U0854,C011,2023-09-30,79
P004415,U0854,C009,2023-10-12,39
P004416,U0854,C015,2024-01-03,89
P004417,U0854,C002,2024-04-03,89
P004418,U0854,C010,2024-05-23,49
P004419,U0854,C004,2024-10-25,99
P004420,U0855,C008,2023-11-07,29
P004421,U0855,C011,2024-01-28,79
P004422,U0855,C012,2024-02-06,49
P004423,U0856,C011,2023-08-01,79
P004424,U0856,C015,2023-12-07,89
P004425,U0856,C010,2023-12-22,49
P004426,U0856,C005,2024-09-30,49
P004427,U0857,C011,2022-12-29,79
P004428,U0857,C012,2023-07-12,49
P004429,U0857,C006,2023-10-14,49
P004430,U0857,C014,2024-03-12,79
P004431,U0857,C001,2024-06-27,99
P004432,U0857,C007,2024-12-15,19
P004433,U0858,C015,2023-09-04,89
P004434,U0858,C011,2023-12-11,79
P004435,U0858,C002,2024-04-16,89
P004436,U0858,C014,2024-09-27,79
P004437,U0859,C015,2024-01-24,89
P004438,U0859,C011,2024-12-13,79
P004439,U0860,C011,2023-08-22,79
P004440,U0860,C008,2023-09-03,29
P004441,U0860,C015,2023-09-12,89
P004442,U0860,C012,2023-10-04,49
P004443,U0860,C007,2023-11-11,19
P004444,U0860,C014,2023-12-03,79
P004445,U0860,C010,2024-01-01,49
P004446,U0860,C001,2024-03-04,99
P004447,U0860,C005,2024-07-01,49
P004448,U0860,C003,2024-08-31,79
P004449,U0860,C009,2024-11-22,39
P004450,U0861,C010,2022-12-28,49
P004451,U0861,C014,2024-07-21,79
P004452,U0862,C014,2024-03-23,79
P004453,U0862,C008,2024-03-26,29
P004454,U0862,C002,2024-05-19,89
P004455,U0862,C005,2024-07-02,49
P004456,U0862,C004,2024-07-07,99
P004457,U0863,C011,2022-11-26,79
P004458,U0863,C014,2022-12-16,79
P004459,U0863,C004,2022-12-30,99
P004460,U0863,C010,2023-01-19,49
P004461,U0863,C006,2023-04-24,49
P004462,U0863,C012,2023-05-31,49
P004463,U0863,C015,2023-12-24,89
P004464,U0863,C003,2024-08-10,79
P004465,U0864,C006,2024-02-08,49
P004466,U0864,C011,2024-03-26,79
P004467,U0864,C014,2024-04-01,79
P004468,U0864,C010,2024-04-26,49
P004469,U0864,C002,2024-05-03,89
P004470,U0864,C007,2024-05-14,19
P004471,U0864,C005,2024-06-07,49
P004472,U0864,C008,2024-08-11,29
P004473,U0865,C001,2024-08-17,99
P004474,U0865,C012,2024-08-18,49
P004475,U0865,C004,2024-08-20,99
P004476,U0865,C015,2024-09-15,89
P004477,U0865,C007,2024-09-26,19
P004478,U0865,C002,2024-10-05,89
P004479,U0865,C014,2024-10-12,79
P004480,U0865,C003,2024-10-15,79
P004481,U0865,C009,2024-10-21,39
P004482,U0865,C013,2024-11-13,69
P004483,U0865,C005,2024-11-24,49
P004484,U0866,C006,2023-09-25,49
P004485,U0866,C014,2023-10-19,79
P004486,U0866,C011,2023-10-31,79
P004487,U0866,C009,2023-11-28,39
P004488,U0866,C001,2023-12-24,99
P004489,U0866,C012,2024-03-25,49
P004490,U0866,C008,2024-06-27,29
P004491,U0866,C007,2024-06-28,19
P004492,U0866,C002,2024-07-01,89
P004493,U0866,C003,2024-07-05,79
P004494,U0866,C004,2024-11-17,99
P004495,U0866,C013,2024-11-19,69
P004496,U0867,C001,2023-12-15,99
P004497,U0867,C002,2024-02-26,89
P004498,U0867,C003,2024-03-23,79
P004499,U0868,C014,2024-08-23,79
P004500,U0868,C008,2024-08-28,29
P004501,U0868,C013,2024-08-28,69
P004502,U0869,C006,2022-03-31,49
P004503,U0869,C013,2023-03-26,69
P004504,U0869,C012,2023-08-06,49
P004505,U0869,C011,2023-09-11,79
P004506,U0869,C004,2023-10-18,99
P004507,U0869,C015,2024-02-22,89
P004508,U0869,C007,2024-03-07,19
P004509,U0869,C014,2024-12-09,79
P004510,U0870,C012,2023-09-06,49
P004511,U0870,C013,2023-09-15,69
P004512,U0871,C006,2023-10-16,49
P004513,U0872,C011,2024-05-13,79
P004514,U0872,C015,2024-07-27,89
P004515,U0872,C003,2024-08-14,79
P004516,U0872,C009,2024-08-21,39
P004517,U0872,C006,2024-09-08,49
P004518,U0872,C008,2024-09-20,29
P004519,U0872,C005,2024-09-22,49
P004520,U0872,C007,2024-10-16,19
P004521,U0872,C001,2024-10-18,99
P004522,U0872,C012,2024-10-19,49
P004523,U0872,C014,2024-10-26,79
P004524,U0872,C002,2024-11-03,89
P004525,U0873,C006,2023-03-26,49
P004526,U0873,C007,2023-03-31,19
P004527,U0873,C010,2023-04-04,49
P004528,U0873,C012,2024-05-03,49
P004529,U0874,C007,2024-01-04,19
P004530,U0874,C014,2024-09-26,79
P004531,U0874,C006,2024-12-28,49
P004532,U0875,C013,2024-04-28,69
P004533,U0875,C005,2024-08-24,49
P004534,U0875,C003,2024-12-23,79
P004535,U0876,C011,2022-09-19,79
P004536,U0876,C003,2023-07-11,79
P004537,U0877,C004,2023-07-01,99
P004538,U0877,C010,2023-07-06,49
P004539,U0877,C003,2023-11-21,79
P004540,U0877,C011,2024-09-09,79
P004541,U0877,C014,2024-11-15,79
P004542,U0877,C009,2024-11-20,39
P004543,U0877,C001,2024-12-29,99
P004544,U0878,C015,2024-03-10,89
P004545,U0878,C002,2024-03-16,89
P004546,U0878,C003,2024-05-09,79
P004547,U0878,C011,2024-06-02,79
P004548,U0878,C013,2024-06-13,69
P004549,U0878,C001,2024-08-27,99
P004550,U0879,C014,2022-11-22,79
P004551,U0879,C007,2022-12-19,19
P004552,U0879,C012,2023-04-03,49
P004553,U0879,C013,2023-12-03,69
P004554,U0879,C004,2024-08-10,99
P004555,U0879,C010,2024-08-25,49
P004556,U0880,C002,2023-06-12,89
P004557,U0880,C004,2023-10-07,99
P004558,U0880,C006,2024-03-05,49
P004559,U0880,C012,2024-05-13,49
P004560,U0880,C007,2024-06-30,19
P004561,U0880,C011,2024-09-23,79
P004562,U0880,C008,2024-12-04,29
P004563,U0881,C013,2024-03-14,69
P004564,U0881,C008,2024-03-20,29
P004565,U0881,C005,2024-03-27,49
P004566,U0881,C002,2024-05-19,89
P004567,U0881,C007,2024-06-15,19
P004568,U0881,C001,2024-07-12,99
P004569,U0881,C010,2024-08-16,49
P004570,U0881,C011,2024-08-19,79
P004571,U0881,C006,2024-10-30,49
P004572,U0881,C015,2024-11-11,89
P004573,U0881,C003,2024-12-03,79
P004574,U0882,C014,2022-10-04,79
P004575,U0882,C011,2022-10-19,79
P004576,U0882,C008,2022-12-21,29
P004577,U0882,C010,2023-04-29,49
P004578,U0882,C009,2023-07-20,39
P004579,U0882,C002,2023-11-07,89
P004580,U0882,C004,2023-12-01,99
P004581,U0882,C012,2024-01-21,49
P004582,U0882,C005,2024-03-07,49
P004583,U0882,C013,2024-04-28,69
P004584,U0882,C003,2024-05-01,79
P004585,U0882,C007,2024-11-11,19
P004586,U0883,C003,2022-09-15,79
P004587,U0883,C006,2022-11-29,49
P004588,U0883,C009,2022-12-07,39
P004589,U0883,C007,2023-01-29,19
P004590,U0883,C008,2023-02-16,29
P004591,U0883,C002,2023-04-12,89
P004592,U0883,C014,2023-06-16,79
P004593,U0883,C005,2023-08-20,49
P004594,U0883,C010,2023-12-10,49
P004595,U0883,C015,2024-01-27,89
P004596,U0883,C004,2024-08-21,99
P004597,U0883,C001,2024-11-04,99
P004598,U0884,C005,2023-06-26,49
P004599,U0884,C007,2023-12-06,19
P004600,U0884,C011,2024-03-02,79
P004601,U0884,C015,2024-05-20,89
P004602,U0884,C006,2024-05-25,49
P004603,U0884,C008,2024-11-20,29
P004604,U0885,C005,2022-11-23,49
P004605,U0885,C001,2023-02-18,99
P004606,U0885,C013,2023-05-13,69
P004607,U0885,C010,2023-07-13,49
P004608,U0885,C003,2024-06-29,79
P004609,U0885,C007,2024-10-16,19
P004610,U0886,C003,2023-10-29,79
P004611,U0886,C011,2023-11-16,79
P004612,U0886,C015,2024-04-06,89
P004613,U0886,C004,2024-09-18,99
P004614,U0887,C001,2023-12-08,99
P004615,U0887,C003,2024-01-03,79
P004616,U0887,C010,2024-03-20,49
P004617,U0887,C009,2024-07-09,39
P004618,U0888,C007,2023-04-18,19
P004619,U0888,C005,2023-06-07,49
P004620,U0888,C004,2023-08-18,99
P004621,U0888,C001,2023-08-30,99
P004622,U0888,C008,2023-09-12,29
P004623,U0888,C014,2023-09-30,79
P004624,U0888,C015,2023-11-10,89
P004625,U0888,C003,2024-02-01,79
P004626,U0888,C006,2024-04-26,49
P004627,U0888,C012,2024-12-20,49
P004628,U0889,C013,2024-09-29,69
P004629,U0889,C010,2024-10-01,49
P004630,U0889,C014,2024-10-16,79
P004631,U0889,C006,2024-10-21,49
P004632,U0889,C009,2024-11-02,39
P004633,U0889,C003,2024-11-05,79
P004634,U0889,C008,2024-11-25,29
P004635,U0890,C003,2024-07-06,79
P004636,U0890,C004,2024-07-08,99
P004637,U0890,C002,2024-08-10,89
P004638,U0890,C006,2024-11-23,49
P004639,U0891,C013,2023-08-04,69
P004640,U0891,C003,2023-09-10,79
P004641,U0891,C006,2024-01-03,49
P004642,U0891,C001,2024-02-17,99
P004643,U0891,C012,2024-07-14,49
P004644,U0891,C015,2024-11-21,89
P004645,U0892,C006,2023-05-08,49
P004646,U0892,C010,2023-11-08,49
P004647,U0892,C003,2023-12-01,79
P004648,U0892,C008,2024-05-11,29
P004649,U0893,C002,2023-12-14,89
P004650,U0894,C001,2023-10-13,99
P004651,U0894,C012,2023-12-09,49
P004652,U0894,C008,2024-05-06,29
P004653,U0894,C007,2024-10-14,19
P004654,U0895,C002,2024-09-01,89
P004655,U0895,C015,2024-09-09,89
P004656,U0895,C012,2024-09-17,49
P004657,U0896,C006,2023-10-31,49
P004658,U0896,C009,2024-01-20,39
P004659,U0896,C004,2024-02-02,99
P004660,U0896,C007,2024-02-25,19
P004661,U0896,C014,2024-03-17,79
P004662,U0896,C010,2024-11-29,49
P004663,U0897,C009,2023-10-15,39
P004664,U0897,C003,2023-10-23,79
P004665,U0897,C002,2023-12-21,89
P004666,U0897,C014,2024-01-04,79
P004667,U0897,C013,2024-03-13,69
P004668,U0897,C015,2024-09-25,89
P004669,U0897,C008,2024-10-07,29
P004670,U0897,C005,2024-10-21,49
P004671,U0897,C012,2024-11-26,49
P004672,U0898,C008,2024-03-10,29
P004673,U0898,C005,2024-03-21,49
P004674,U0898,C001,2024-07-29,99
P004675,U0898,C004,2024-08-27,99
P004676,U0898,C014,2024-09-01,79
P004677,U0899,C003,2023-09-17,79
P004678,U0899,C012,2023-09-27,49
P004679,U0899,C007,2024-04-20,19
P004680,U0900,C015,2023-07-31,89
P004681,U0900,C012,2023-09-06,49
P004682,U0901,C008,2024-05-15,29
P004683,U0901,C013,2024-06-25,69
P004684,U0901,C003,2024-09-14,79
P004685,U0901,C015,2024-09-22,89
P004686,U0902,C010,2023-09-15,49
P004687,U0902,C014,2023-12-24,79
P004688,U0902,C013,2024-03-08,69
P004689,U0902,C009,2024-03-24,39
P004690,U0902,C004,2024-06-05,99
P004691,U0902,C015,2024-09-11,89
P004692,U0902,C011,2024-11-24,79
P004693,U0903,C004,2022-08-31,99
P004694,U0903,C007,2023-06-24,19
P004695,U0903,C011,2024-05-31,79
P004696,U0904,C012,2024-02-01,49
P004697,U0904,C015,2024-02-15,89
P004698,U0904,C010,2024-03-21,49
P004699,U0904,C013,2024-05-03,69
P004700,U0904,C002,2024-08-16,89
P004701,U0904,C008,2024-09-12,29
P004702,U0905,C014,2022-05-08,79
P004703,U0905,C001,2022-06-09,99
P004704,U0905,C008,2024-01-31,29
P004705,U0905,C013,2024-08-19,69
P004706,U0906,C014,2024-02-06,79
P004707,U0906,C011,2024-02-19,79
P004708,U0907,C002,2024-08-25,89
P004709,U0907,C006,2024-08-28,49
P004710,U0907,C012,2024-08-31,49
P004711,U0907,C004,2024-09-01,99
P004712,U0907,C005,2024-09-04,49
P004713,U0908,C007,2022-08-30,19
P004714,U0908,C009,2022-09-23,39
P004715,U0908,C014,2023-12-16,79
P004716,U0908,C001,2024-02-26,99
P004717,U0908,C003,2024-09-11,79
P004718,U0909,C014,2024-08-04,79
P004719,U0909,C010,2024-08-21,49
P004720,U0909,C002,2024-11-14,89
P004721,U0909,C013,2024-11-16,69
P004722,U0910,C012,2023-06-03,49
P004723,U0910,C013,2023-10-18,69
P004724,U0910,C008,2023-12-13,29
P004725,U0910,C009,2024-01-03,39
P004726,U0910,C006,2024-01-25,49
P004727,U0910,C003,2024-08-01,79
P004728,U0910,C007,2024-09-14,19
P004729,U0911,C008,2023-10-27,29
P004730,U0911,C009,2024-01-02,39
P004731,U0911,C007,2024-02-14,19
P004732,U0911,C006,2024-02-29,49
P004733,U0912,C012,2022-05-28,49
P004734,U0912,C015,2022-12-24,89
P004735,U0912,C006,2024-01-20,49
P004736,U0912,C004,2024-02-15,99
P004737,U0912,C009,2024-09-10,39
P004738,U0912,C003,2024-09-19,79
P004739,U0913,C010,2023-07-22,49
P004740,U0913,C009,2023-07-27,39
P004741,U0914,C014,2024-01-13,79
P004742,U0914,C005,2024-03-19,49
P004743,U0914,C015,2024-05-11,89
P004744,U0914,C011,2024-06-15,79
P004745,U0914,C002,2024-09-07,89
P004746,U0915,C008,2023-10-31,29
P004747,U0915,C001,2024-05-10,99
P004748,U0915,C009,2024-08-20,39
P004749,U0915,C002,2024-09-22,89
P004750,U0915,C007,2024-10-13,19
P004751,U0915,C012,2024-11-23,49
P004752,U0916,C001,2024-08-29,99
P004753,U0916,C004,2024-12-22,99
P004754,U0917,C008,2024-05-10,29
P004755,U0917,C001,2024-06-12,99
P004756,U0917,C011,2024-10-04,79
P004757,U0918,C013,2024-08-02,69
P004758,U0918,C008,2024-08-20,29
P004759,U0918,C002,2024-08-27,89
P004760,U0918,C001,2024-10-26,99
P004761,U0918,C007,2024-11-01,19
P004762,U0918,C004,2024-11-17,99
P004763,U0919,C011,2023-07-18,79
P004764,U0919,C009,2023-10-27,39
P004765,U0919,C013,2024-04-12,69
P004766,U0919,C001,2024-05-10,99
P004767,U0919,C007,2024-12-14,19
P004768,U0920,C005,2022-10-09,49
P004769,U0920,C006,2022-10-27,49
P004770,U0920,C011,2022-12-14,79
P004771,U0920,C015,2024-03-24,89
P004772,U0920,C008,2024-12-06,29
P004773,U0921,C009,2024-12-19,39
P004774,U0922,C009,2023-05-01,39
P004775,U0922,C011,2023-05-18,79
P004776,U0922,C010,2023-07-17,49
P004777,U0922,C002,2024-03-08,89
P004778,U0923,C002,2023-02-06,89
P004779,U0923,C004,2023-02-18,99
P004780,U0924,C015,2023-04-23,89
P004781,U0924,C014,2023-06-06,79
P004782,U0925,C012,2024-01-17,49
P004783,U0925,C014,2024-04-23,79
P004784,U0925,C009,2024-10-23,39
P004785,U0925,C007,2024-10-25,19
P004786,U0926,C011,2022-11-03,79
P004787,U0926,C001,2023-03-05,99
P004788,U0926,C014,2023-10-15,79
P004789,U0926,C003,2024-04-21,79
P004790,U0926,C004,2024-07-16,99
P004791,U0926,C007,2024-09-09,19
P004792,U0927,C004,2022-11-08,99
P004793,U0927,C007,2023-09-03,19
P004794,U0927,C014,2023-10-20,79
P004795,U0927,C013,2023-11-14,69
P004796,U0927,C003,2024-04-20,79
P004797,U0927,C010,2024-07-03,49
P004798,U0927,C009,2024-09-06,39
P004799,U0927,C012,2024-12-23,49
P004800,U0928,C001,2023-09-24,99
P004801,U0928,C006,2024-05-02,49
P004802,U0928,C010,2024-06-24,49
P004803,U0928,C011,2024-11-24,79
P004804,U0929,C015,2024-09-07,89
P004805,U0929,C006,2024-09-08,49
P004806,U0929,C011,2024-09-30,79
P004807,U0929,C002,2024-10-01,89
P004808,U0929,C005,2024-10-19,49
P004809,U0930,C010,2024-08-14,49
P004810,U0930,C009,2024-09-17,39
P004811,U0930,C001,2024-12-27,99
P004812,U0931,C002,2023-02-03,89
P004813,U0931,C007,2023-04-17,19
P004814,U0931,C008,2023-10-23,29
P004815,U0931,C010,2023-11-24,49
P004816,U0931,C014,2024-07-03,79
P004817,U0931,C013,2024-10-28,69
P004818,U0932,C002,2023-08-13,89
P004819,U0932,C013,2023-10-11,69
P004820,U0932,C007,2023-12-31,19
P004821,U0932,C015,2024-05-05,89
P004822,U0932,C001,2024-05-22,99
P004823,U0932,C014,2024-11-08,79
P004824,U0932,C009,2024-12-05,39
P004825,U0932,C010,2024-12-29,49
P004826,U0933,C008,2024-05-29,29
P004827,U0933,C009,2024-08-01,39
P004828,U0934,C013,2024-03-17,69
P004829,U0934,C009,2024-07-18,39
P004830,U0934,C004,2024-10-27,99
P004831,U0935,C011,2024-05-26,79
P004832,U0935,C010,2024-06-19,49
P004833,U0935,C009,2024-08-03,39
P004834,U0935,C003,2024-08-30,79
P004835,U0935,C006,2024-09-23,49
P004836,U0935,C002,2024-11-07,89
P004837,U0935,C001,2024-11-21,99
P004838,U0936,C012,2023-05-14,49
P004839,U0936,C013,2024-01-15,69
P004840,U0936,C005,2024-02-27,49
P004841,U0936,C007,2024-03-30,19
P004842,U0936,C002,2024-06-08,89
P004843,U0936,C009,2024-11-09,39
P004844,U0936,C015,2024-11-13,89
P004845,U0937,C015,2024-05-17,89
P004846,U0937,C009,2024-05-22,39
P004847,U0937,C007,2024-06-07,19
P004848,U0937,C001,2024-06-09,99
P004849,U0937,C012,2024-06-20,49
P004850,U0937,C003,2024-06-22,79
P004851,U0937,C006,2024-07-17,49
P004852,U0937,C004,2024-07-26,99
P004853,U0937,C010,2024-08-04,49
P004854,U0938,C005,2023-11-22,49
P004855,U0938,C015,2024-04-13,89
P004856,U0938,C007,2024-05-10,19
P004857,U0939,C009,2023-06-30,39
P004858,U0939,C003,2023-11-10,79
P004859,U0939,C010,2024-11-14,49
P004860,U0939,C012,2024-12-05,49
P004861,U0940,C001,2024-09-19,99
P004862,U0940,C007,2024-09-28,19
P004863,U0940,C008,2024-10-03,29
P004864,U0940,C013,2024-10-22,69
P004865,U0940,C009,2024-11-06,39
P004866,U0940,C003,2024-11-07,79
P004867,U0940,C011,2024-11-07,79
P004868,U0941,C004,2024-01-28,99
P004869,U0941,C001,2024-03-30,99
P004870,U0941,C014,2024-04-07,79
P004871,U0941,C013,2024-04-07,69
P004872,U0941,C003,2024-04-27,79
P004873,U0941,C006,2024-05-17,49
P004874,U0941,C008,2024-07-01,29
P004875,U0941,C010,2024-07-13,49
P004876,U0941,C007,2024-07-14,19
P004877,U0941,C015,2024-08-03,89
P004878,U0942,C007,2022-06-11,19
P004879,U0942,C011,2023-04-06,79
P004880,U0942,C001,2024-06-13,99
P004881,U0942,C009,2024-07-17,39
P004882,U0942,C012,2024-09-15,49
P004883,U0943,C013,2024-08-01,69
P004884,U0943,C002,2024-08-03,89
P004885,U0943,C005,2024-08-25,49
P004886,U0943,C011,2024-09-29,79
P004887,U0943,C001,2024-10-06,99
P004888,U0943,C007,2024-10-27,19
P004889,U0943,C015,2024-11-07,89
P004890,U0943,C006,2024-11-19,49
P004891,U0943,C012,2024-12-10,49
P004892,U0944,C013,2024-03-02,69
P004893,U0944,C005,2024-03-12,49
P004894,U0944,C014,2024-05-13,79
P004895,U0944,C012,2024-07-01,49
P004896,U0944,C011,2024-08-22,79
P004897,U0944,C004,2024-10-14,99
P004898,U0945,C010,2024-05-21,49
P004899,U0945,C011,2024-05-21,79
P004900,U0945,C007,2024-07-13,19
P004901,U0945,C015,2024-08-10,89
P004902,U0945,C014,2024-09-26,79
P004903,U0945,C001,2024-09-29,99
P004904,U0945,C005,2024-10-05,49
P004905,U0945,C008,2024-10-10,29
P004906,U0946,C002,2024-05-12,89
P004907,U0946,C008,2024-07-01,29
P004908,U0946,C006,2024-07-06,49
P004909,U0946,C011,2024-07-14,79
P004910,U0946,C015,2024-08-25,89
P004911,U0946,C014,2024-08-30,79
P004912,U0946,C003,2024-09-23,79
P004913,U0946,C004,2024-09-30,99
P004914,U0946,C001,2024-10-23,99
P004915,U0946,C013,2024-11-08,69
P004916,U0946,C010,2024-11-13,49
P004917,U0946,C012,2024-11-22,49
P004918,U0947,C007,2022-12-02,19
P004919,U0947,C014,2023-03-09,79
P004920,U0947,C001,2023-06-14,99
P004921,U0947,C006,2023-09-03,49
P004922,U0947,C008,2023-10-18,29
P004923,U0947,C009,2024-04-21,39
P004924,U0947,C003,2024-05-05,79
P004925,U0947,C004,2024-11-19,99
P004926,U0948,C002,2022-10-03,89
P004927,U0948,C011,2023-01-03,79
P004928,U0948,C008,2023-04-02,29
P004929,U0948,C005,2023-05-30,49
P004930,U0948,C012,2023-07-01,49
P004931,U0948,C007,2023-09-07,19
P004932,U0948,C001,2024-04-06,99
P004933,U0948,C014,2024-04-25,79
P004934,U0948,C010,2024-07-05,49
P004935,U0948,C006,2024-09-26,49
P004936,U0949,C001,2024-08-16,99
P004937,U0949,C013,2024-08-22,69
P004938,U0949,C015,2024-08-25,89
P004939,U0949,C011,2024-09-07,79
P004940,U0949,C005,2024-09-14,49
P004941,U0949,C003,2024-10-29,79
P004942,U0949,C002,2024-10-30,89
P004943,U0949,C012,2024-11-11,49
P004944,U0949,C010,2024-11-17,49
P004945,U0949,C007,2024-11-18,19
P004946,U0950,C011,2023-06-30,79
P004947,U0951,C002,2023-03-29,89
P004948,U0952,C002,2024-08-20,89
P004949,U0952,C012,2024-08-23,49
P004950,U0952,C005,2024-08-23,49
P004951,U0952,C011,2024-08-24,79
P004952,U0952,C006,2024-08-30,49
P004953,U0952,C009,2024-09-04,39
P004954,U0952,C010,2024-10-20,49
P004955,U0952,C013,2024-10-27,69
P004956,U0952,C001,2024-10-30,99
P004957,U0952,C007,2024-10-31,19
P004958,U0952,C004,2024-11-15,99
P004959,U0952,C014,2024-12-07,79
P004960,U0953,C011,2024-08-05,79
P004961,U0953,C010,2024-10-16,49
P004962,U0953,C013,2024-12-14,69
P004963,U0954,C009,2023-01-04,39
P004964,U0954,C003,2023-09-05,79
P004965,U0954,C002,2023-09-13,89
P004966,U0954,C008,2023-09-29,29
P004967,U0954,C005,2024-06-12,49
P004968,U0955,C002,2024-12-27,89
P004969,U0956,C009,2024-03-10,39
P004970,U0956,C015,2024-03-14,89
P004971,U0956,C011,2024-03-21,79
P004972,U0956,C002,2024-05-05,89
P004973,U0956,C004,2024-07-02,99
P004974,U0957,C005,2022-07-28,49
P004975,U0957,C007,2023-06-01,19
P004976,U0957,C010,2024-02-03,49
P004977,U0957,C014,2024-12-17,79
P004978,U0958,C008,2022-05-01,29
P004979,U0958,C007,2023-05-12,19
P004980,U0958,C005,2023-10-28,49
P004981,U0958,C002,2023-11-03,89
P004982,U0958,C006,2024-04-18,49
P004983,U0959,C008,2023-01-28,29
P004984,U0960,C015,2023-02-05,89
P004985,U0960,C009,2023-03-11,39
P004986,U0960,C004,2023-06-15,99
P004987,U0960,C008,2023-08-12,29
P004988,U0960,C012,2024-02-17,49
P004989,U0960,C007,2024-03-07,19
P004990,U0960,C006,2024-03-10,49
P004991,U0960,C003,2024-03-25,79
P004992,U0960,C005,2024-07-18,49
P004993,U0961,C007,2023-07-31,19
P004994,U0961,C009,2023-12-03,39
P004995,U0961,C006,2024-02-07,49
P004996,U0961,C005,2024-05-13,49
P004997,U0961,C003,2024-08-12,79
P004998,U0962,C002,2024-06-18,89
P004999,U0962,C013,2024-12-18,69
P005000,U0963,C001,2023-02-16,99
P005001,U0963,C007,2023-06-28,19
P005002,U0963,C011,2024-01-26,79
P005003,U0963,C013,2024-04-03,69
P005004,U0963,C009,2024-06-30,39
P005005,U0963,C010,2024-10-17,49
P005006,U0964,C002,2023-04-22,89
P005007,U0964,C013,2023-05-21,69
P005008,U0964,C009,2024-04-18,39
P005009,U0964,C014,2024-06-09,79
P005010,U0965,C013,2023-10-11,69
P005011,U0965,C015,2023-11-15,89
P005012,U0965,C007,2023-11-24,19
P005013,U0965,C011,2023-12-19,79
P005014,U0965,C010,2024-06-30,49
P005015,U0965,C012,2024-08-07,49
P005016,U0966,C006,2024-02-05,49
P005017,U0966,C010,2024-06-30,49
P005018,U0966,C004,2024-08-12,99
P005019,U0966,C003,2024-10-06,79
P005020,U0966,C014,2024-12-01,79
P005021,U0967,C004,2022-05-06,99
P005022,U0967,C001,2022-07-03,99
P005023,U0967,C013,2022-07-23,69
P005024,U0967,C012,2024-11-17,49
P005025,U0968,C006,2024-01-24,49
P005026,U0968,C003,2024-01-26,79
P005027,U0968,C007,2024-12-25,19
P005028,U0969,C006,2023-11-05,49
P005029,U0969,C004,2024-03-06,99
P005030,U0969,C010,2024-03-08,49
P005031,U0969,C015,2024-03-11,89
P005032,U0969,C002,2024-05-26,89
P005033,U0969,C013,2024-07-06,69
P005034,U0969,C001,2024-07-28,99
P005035,U0969,C012,2024-08-12,49
P005036,U0970,C005,2022-11-02,49
P005037,U0970,C002,2023-01-21,89
P005038,U0970,C001,2023-04-19,99
P005039,U0970,C009,2023-04-30,39
P005040,U0970,C014,2023-09-04,79
P005041,U0970,C007,2024-03-25,19
P005042,U0970,C012,2024-09-27,49
P005043,U0970,C013,2024-10-31,69
P005044,U0970,C010,2024-11-09,49
P005045,U0970,C006,2024-11-21,49
P005046,U0971,C008,2023-06-27,29
P005047,U0971,C012,2023-09-28,49
P005048,U0971,C003,2023-12-27,79
P005049,U0971,C002,2024-02-29,89
P005050,U0971,C005,2024-04-07,49
P005051,U0971,C006,2024-07-23,49
P005052,U0971,C010,2024-11-07,49
P005053,U0971,C007,2024-12-05,19
P005054,U0972,C001,2023-07-11,99
P005055,U0972,C004,2024-01-20,99
P005056,U0972,C015,2024-12-26,89
P005057,U0973,C001,2022-11-20,99
P005058,U0973,C011,2023-02-10,79
P005059,U0973,C013,2023-04-15,69
P005060,U0973,C003,2023-08-04,79
P005061,U0973,C002,2024-02-16,89
P005062,U0973,C014,2024-04-15,79
P005063,U0973,C007,2024-07-24,19
P005064,U0973,C015,2024-09-06,89
P005065,U0973,C004,2024-09-07,99
P005066,U0973,C008,2024-09-08,29
P005067,U0973,C006,2024-11-05,49
P005068,U0973,C005,2024-12-27,49
P005069,U0974,C011,2023-05-28,79
P005070,U0974,C006,2023-09-24,49
P005071,U0974,C013,2024-05-17,69
P005072,U0974,C001,2024-11-21,99
P005073,U0975,C006,2022-11-03,49
P005074,U0975,C008,2022-12-05,29
P005075,U0975,C014,2023-04-29,79
P005076,U0975,C002,2024-04-20,89
P005077,U0975,C004,2024-08-22,99
P005078,U0975,C005,2024-10-02,49
P005079,U0976,C008,2023-07-14,29
P005080,U0976,C012,2024-02-15,49
P005081,U0976,C013,2024-05-29,69
P005082,U0976,C002,2024-10-29,89
P005083,U0977,C014,2023-03-24,79
P005084,U0977,C011,2023-09-07,79
P005085,U0977,C007,2024-12-11,19
P005086,U0978,C012,2024-11-04,49
P005087,U0978,C006,2024-11-13,49
P005088,U0978,C001,2024-11-15,99
P005089,U0978,C014,2024-12-01,79
P005090,U0979,C012,2023-11-17,49
P005091,U0979,C001,2023-12-30,99
P005092,U0979,C004,2024-01-05,99
P005093,U0979,C015,2024-01-09,89
P005094,U0979,C008,2024-04-10,29
P005095,U0979,C002,2024-05-20,89
P005096,U0979,C009,2024-06-11,39
P005097,U0979,C014,2024-08-06,79
P005098,U0980,C007,2023-12-26,19
P005099,U0980,C013,2024-01-03,69
P005100,U0980,C009,2024-01-08,39
P005101,U0980,C003,2024-01-20,79
P005102,U0981,C005,2023-11-06,49
P005103,U0981,C009,2023-12-09,39
P005104,U0981,C013,2023-12-20,69
P005105,U0981,C006,2024-02-25,49
P005106,U0981,C007,2024-03-15,19
P005107,U0981,C015,2024-12-05,89
P005108,U0981,C008,2024-12-30,29
P005109,U0982,C006,2023-11-02,49
P005110,U0982,C005,2023-12-06,49
P005111,U0982,C013,2023-12-09,69
P005112,U0982,C001,2024-03-16,99
P005113,U0982,C009,2024-11-07,39
P005114,U0983,C004,2024-09-23,99
P005115,U0983,C014,2024-09-26,79
P005116,U0983,C002,2024-09-29,89
P005117,U0983,C008,2024-10-03,29
P005118,U0983,C009,2024-10-12,39
P005119,U0983,C011,2024-11-06,79
P005120,U0984,C005,2023-03-29,49
P005121,U0984,C002,2023-08-14,89
P005122,U0984,C006,2023-11-10,49
P005123,U0984,C014,2023-12-14,79
P005124,U0984,C015,2024-08-19,89
P005125,U0985,C010,2023-05-19,49
P005126,U0985,C006,2023-12-31,49
P005127,U0985,C003,2024-03-04,79
P005128,U0985,C007,2024-07-30,19
P005129,U0986,C002,2022-11-22,89
P005130,U0986,C014,2023-05-05,79
P005131,U0986,C004,2024-03-19,99
P005132,U0986,C010,2024-06-16,49
P005133,U0986,C011,2024-09-12,79
P005134,U0986,C008,2024-09-17,29
P005135,U0986,C009,2024-12-19,39
P005136,U0987,C012,2024-06-14,49
P005137,U0987,C013,2024-06-25,69
P005138,U0987,C004,2024-07-07,99
P005139,U0987,C001,2024-08-29,99
P005140,U0987,C014,2024-10-31,79
P005141,U0987,C003,2024-11-19,79
P005142,U0988,C009,2023-06-23,39
P005143,U0988,C012,2023-09-20,49
P005144,U0988,C006,2023-12-03,49
P005145,U0988,C011,2023-12-06,79
P005146,U0988,C001,2024-01-04,99
P005147,U0988,C014,2024-01-26,79
P005148,U0988,C010,2024-02-12,49
P005149,U0988,C013,2024-04-14,69
P005150,U0988,C003,2024-07-01,79
P005151,U0988,C005,2024-07-09,49
P005152,U0989,C011,2022-06-26,79
P005153,U0989,C013,2022-10-11,69
P005154,U0989,C003,2023-09-10,79
P005155,U0989,C014,2024-04-09,79
P005156,U0989,C001,2024-06-08,99
P005157,U0989,C015,2024-12-16,89
P005158,U0990,C012,2024-02-22,49
P005159,U0990,C001,2024-06-28,99
P005160,U0990,C005,2024-08-14,49
P005161,U0990,C004,2024-09-03,99
P005162,U0990,C006,2024-10-02,49
P005163,U0990,C013,2024-11-05,69
P005164,U0990,C003,2024-11-19,79
P005165,U0991,C012,2023-06-23,49
P005166,U0991,C001,2023-07-20,99
P005167,U0991,C007,2024-02-25,19
P005168,U0991,C006,2024-03-14,49
P005169,U0992,C009,2023-02-21,39
P005170,U0993,C012,2023-08-10,49
P005171,U0994,C007,2022-10-10,19
P005172,U0994,C009,2022-11-16,39
P005173,U0994,C002,2023-04-26,89
P005174,U0994,C015,2023-05-05,89
P005175,U0994,C008,2023-08-27,29
P005176,U0994,C004,2024-02-16,99
P005177,U0994,C011,2024-04-08,79
P005178,U0994,C010,2024-06-23,49
P005179,U0994,C006,2024-10-05,49
P005180,U0994,C012,2024-11-11,49
P005181,U0994,C005,2024-12-01,49
P005182,U0995,C014,2022-11-25,79
P005183,U0995,C001,2022-12-24,99
P005184,U0995,C012,2023-05-15,49
P005185,U0995,C002,2024-04-09,89
P005186,U0995,C010,2024-04-21,49
P005187,U0995,C005,2024-05-17,49
P005188,U0995,C015,2024-06-09,89
P005189,U0995,C003,2024-08-02,79
P005190,U0995,C011,2024-12-02,79
P005191,U0996,C004,2022-03-12,99
P005192,U0996,C015,2022-03-30,89
P005193,U0996,C010,2022-05-03,49
P005194,U0996,C013,2022-06-16,69
P005195,U0996,C011,2022-07-08,79
P005196,U0996,C005,2022-11-20,49
P005197,U0996,C008,2023-03-23,29
P005198,U0996,C006,2023-12-26,49
P005199,U0996,C009,2024-07-06,39
P005200,U0996,C002,2024-07-07,89
P005201,U0996,C007,2024-11-29,19
P005202,U0997,C013,2023-08-03,69
P005203,U0997,C014,2024-01-30,79
P005204,U0997,C009,2024-06-04,39
P005205,U0998,C010,2024-01-13,49
P005206,U0998,C008,2024-05-16,29
P005207,U0998,C009,2024-12-29,39
P005208,U0999,C012,2023-12-07,49
P005209,U0999,C001,2024-01-21,99
P005210,U0999,C013,2024-02-07,69
P005211,U0999,C010,2024-02-22,49
P005212,U0999,C005,2024-04-21,49
P005213,U0999,C003,2024-05-30,79
P005214,U0999,C011,2024-10-27,79
P005215,U1000,C005,2023-10-27,49
P005216,U1000,C001,2024-04-23,99
P005217,U1000,C013,2024-09-11,69
