"customer_id","last_purchase_date","days_since_last_purchase","r_score","total_purchases","f_score","total_spent","m_score","rfm_score","avg_completion_rate","avg_rating","total_sessions","engagement_ratio","early_avg_duration","late_avg_duration","early_avg_rating","late_avg_rating","segment"
"U0402","2024-12-05",26,5,"12",5,"798.00",5,15,"0.74","4.20","200","1.27","88.3900000000000000","91.0400000000000000","4.1666666666666667","4.2500000000000000","Loyal"
"U0081","2024-12-28",3,5,"12",5,"788.00",5,15,"0.93","4.50","175","1.24","84.6206896551724138","92.0795454545454545","4.5000000000000000","4.5000000000000000","Champion"
"U0701","2024-12-07",24,5,"8",5,"582.00",5,15,"0.79","4.60","116","1.27","90.4827586206896552","90.9655172413793103","4.2500000000000000","4.8333333333333333","Champion"
"U0952","2024-12-07",24,5,"12",5,"768.00",5,15,"0.84","4.50","178","1.24","91.4382022471910112","85.7191011235955056","4.7500000000000000","4.2500000000000000","Champion"
"U0196","2024-12-03",28,5,"11",5,"599.00",5,15,"0.77","4.33","156","1.23","86.4487179487179487","87.7051282051282051","4.5000000000000000","4.1666666666666667","Champion"
"U0932","2024-12-29",2,5,"8",5,"532.00",5,15,"0.90","4.58","122","1.21","86.9344262295081967","86.7540983606557377","4.5000000000000000","4.6666666666666667","Champion"
"U0556","2024-12-22",9,5,"9",5,"551.00",5,15,"0.83","4.64","130","1.28","89.3230769230769231","90.9076923076923077","4.5000000000000000","4.7500000000000000","Champion"
"U0391","2024-12-17",14,5,"12",5,"708.00",5,15,"0.88","4.40","181","1.24","93.3333333333333333","83.3186813186813187","4.7500000000000000","4.1666666666666667","Champion"
"U0038","2024-12-01",30,5,"8",5,"552.00",5,15,"0.92","4.30","116","1.21","84.2586206896551724","88.2586206896551724","4.3333333333333333","4.2500000000000000","Champion"
"U0652","2024-12-27",4,5,"10",5,"640.00",5,15,"0.67","4.42","144","1.27","87.5972222222222222","93.7361111111111111","4.3333333333333333","4.5000000000000000","Loyal"
"U0675","2024-12-11",20,5,"10",5,"680.00",5,15,"0.85","4.50","140","1.23","84.4714285714285714","90.1142857142857143","4.5000000000000000","4.5000000000000000","Champion"
"U0047","2024-12-22",9,5,"9",5,"651.00",5,15,"0.79","4.42","145","1.26","91.2083333333333333","88.7260273972602740","4.3750000000000000","4.5000000000000000","Champion"
"U0116","2024-12-06",25,5,"11",5,"719.00",5,15,"0.79","4.44","155","1.23","82.4545454545454545","92.6538461538461538","4.5000000000000000","4.3750000000000000","Champion"
"U0478","2024-12-26",5,5,"12",5,"718.00",5,15,"0.76","4.60","176","1.25","84.3750000000000000","92.4659090909090909","4.5000000000000000","4.7000000000000000","Champion"
"U0236","2024-12-05",26,5,"8",5,"512.00",5,15,"0.85","4.75","120","1.24","86.2000000000000000","92.1166666666666667","4.6666666666666667","5.0000000000000000","Champion"
"U0869","2024-12-09",22,5,"8",5,"532.00",5,15,"0.92","4.58","131","1.26","87.5076923076923077","91.9242424242424242","4.6250000000000000","4.5000000000000000","Champion"
"U0120","2024-12-24",7,5,"8",5,"532.00",5,15,"0.87","4.63","128","1.24","86.0000000000000000","88.8437500000000000","4.6666666666666667","4.5000000000000000","Champion"
"U0214","2024-12-26",5,5,"12",5,"748.00",5,15,"0.86","4.50","189","1.25","88.7765957446808511","88.8105263157894737","4.5000000000000000","4.5000000000000000","Champion"
"U0122","2024-12-24",7,5,"9",5,"611.00",5,15,"0.88","4.63","130","1.22","92.4153846153846154","80.7384615384615385","4.5000000000000000","4.7500000000000000","Champion"
"U0781","2024-12-26",5,5,"12",5,"758.00",5,15,"0.87","4.67","177","1.31","95.5454545454545455","90.5617977528089888","4.8000000000000000","4.5000000000000000","Champion"
"U0626","2024-12-09",22,5,"9",5,"611.00",5,15,"0.81","4.58","143","1.36","99.5774647887323944","93.4305555555555556","4.6666666666666667","4.5000000000000000","Champion"
"U0042","2024-12-15",16,5,"10",5,"630.00",5,15,"0.81","4.50","137","1.19","90.8529411764705882","78.5797101449275362","4.5000000000000000","4.5000000000000000","Champion"
"U0246","2024-12-12",19,5,"8",5,"572.00",5,15,"0.80","4.71","131","1.28","90.4769230769230769","91.9848484848484848","4.7500000000000000","4.6666666666666667","Champion"
"U0784","2024-12-08",23,5,"10",5,"660.00",5,15,"0.91","4.81","155","1.26","87.0389610389610390","91.4102564102564103","4.7500000000000000","4.8750000000000000","Champion"
"U0823","2024-12-17",14,5,"9",5,"581.00",5,15,"0.82","4.38","133","1.26","83.7272727272727273","96.7910447761194030","4.6250000000000000","4.1250000000000000","Champion"
"U0769","2024-12-21",10,5,"12",5,"728.00",5,15,"0.79","4.43","158","1.27","88.5189873417721519","91.3164556962025316","4.1666666666666667","4.6250000000000000","Champion"
"U0595","2024-12-21",10,5,"12",5,"798.00",5,15,"0.88","4.35","177","1.30","95.8750000000000000","89.5842696629213483","4.3333333333333333","4.3750000000000000","Champion"
"U0594","2024-12-17",14,5,"9",5,"581.00",5,15,"0.85","4.58","149","1.28","89.8108108108108108","92.9733333333333333","4.6666666666666667","4.5000000000000000","Champion"
"U0290","2024-12-20",11,5,"10",5,"680.00",5,15,"0.83","4.43","168","1.28","91.5238095238095238","90.4523809523809524","4.5000000000000000","4.3750000000000000","Champion"
"U0373","2024-12-20",11,5,"12",5,"748.00",5,15,"0.92","4.40","175","1.19","83.3678160919540230","85.8295454545454545","4.3000000000000000","4.5000000000000000","Champion"
"U0943","2024-12-10",21,5,"9",5,"591.00",5,15,"0.95","4.70","140","1.35","100.8428571428571429","91.0571428571428571","4.6666666666666667","4.7500000000000000","Champion"
"U0525","2024-12-15",16,5,"11",5,"769.00",5,15,"0.89","4.50","154","1.23","87.9350649350649351","86.3636363636363636","4.7500000000000000","4.3333333333333333","Champion"
"U0994","2024-12-01",30,5,"11",5,"639.00",5,15,"0.87","4.33","143","1.33","90.0140845070422535","97.8750000000000000","4.3333333333333333","4.3333333333333333","Champion"
"U0283","2024-12-03",28,5,"12",5,"788.00",5,15,"0.92","4.63","183","1.32","95.9450549450549451","92.2173913043478261","4.6000000000000000","4.6666666666666667","Champion"
"U0640","2024-12-09",22,5,"9",5,"681.00",5,15,"0.83","4.60","142","1.28","93.3380281690140845","89.1267605633802817","","4.6000000000000000","Champion"
"U0772","2024-12-16",15,5,"12",5,"698.00",5,15,"0.87","4.56","170","1.33","98.4470588235294118","90.2000000000000000","4.7000000000000000","4.3333333333333333","Champion"
"U0043","2024-12-17",14,5,"12",5,"788.00",5,15,"0.82","4.63","185","1.32","97.4130434782608696","90.0430107526881720","4.6250000000000000","4.6250000000000000","Champion"
"U0995","2024-12-02",29,5,"9",5,"661.00",5,15,"0.85","4.50","143","1.25","91.9859154929577465","85.8888888888888889","4.5000000000000000","4.5000000000000000","Champion"
"U0322","2024-12-08",23,5,"9",5,"611.00",5,15,"0.79","4.61","141","1.25","95.4285714285714286","83.0985915492957746","4.6250000000000000","4.6000000000000000","Champion"
"U0097","2024-12-03",28,5,"11",5,"739.00",5,15,"0.88","4.58","176","1.23","85.2272727272727273","90.5113636363636364","4.5000000000000000","4.6666666666666667","Champion"
"U0888","2024-12-20",11,5,"10",5,"640.00",5,15,"0.62","4.69","145","1.34","90.3333333333333333","99.9041095890410959","4.8333333333333333","4.6000000000000000","Loyal"
"U0085","2024-12-23",8,5,"8",5,"512.00",5,15,"0.82","4.50","107","1.23","89.1886792452830189","85.2037037037037037","4.3333333333333333","4.6666666666666667","Champion"
"U0617","2024-12-14",17,5,"9",5,"521.00",5,15,"0.94","4.42","135","1.30","88.6268656716417910","97.3529411764705882","4.5000000000000000","4.3750000000000000","Champion"
"U0147","2024-12-20",11,5,"12",5,"808.00",5,15,"0.85","4.33","194","1.28","94.1030927835051546","88.5463917525773196","4.4166666666666667","4.2500000000000000","Champion"
"U0414","2024-12-29",2,5,"11",5,"669.00",5,15,"0.83","4.00","179","1.29","93.0337078651685393","90.2666666666666667","4.0000000000000000","4.0000000000000000","Champion"
"U0506","2024-12-21",10,5,"10",5,"690.00",5,15,"0.82","4.57","166","1.31","89.8072289156626506","97.5301204819277108","4.6666666666666667","4.5000000000000000","Champion"
"U0242","2024-12-16",15,5,"9",5,"611.00",5,15,"0.91","4.63","127","1.31","91.6190476190476190","95.4531250000000000","4.0000000000000000","4.8333333333333333","Champion"
"U0024","2024-12-20",11,5,"9",5,"661.00",5,15,"0.86","4.40","132","1.16","78.6060606060606061","87.6363636363636364","4.7500000000000000","4.1666666666666667","Champion"
"U0973","2024-12-27",4,5,"12",5,"828.00",5,15,"0.81","4.61","180","1.27","92.6222222222222222","87.2000000000000000","4.7500000000000000","4.5000000000000000","Champion"
"U0029","2024-12-29",2,5,"12",5,"798.00",5,15,"0.84","4.50","177","1.22","91.4204545454545455","81.2134831460674157","4.5000000000000000","4.5000000000000000","Champion"
"U0256","2024-12-19",12,5,"10",5,"640.00",5,15,"0.86","4.75","157","1.25","89.9743589743589744","88.1139240506329114","4.6666666666666667","4.8333333333333333","Champion"
"U0881","2024-12-03",28,5,"11",5,"699.00",5,15,"0.78","4.45","167","1.22","80.2771084337349398","93.2023809523809524","4.2500000000000000","4.5833333333333333","Champion"
"U0362","2024-11-16",45,4,"11",5,"679.00",5,14,"0.90","4.64","160","1.25","89.7750000000000000","86.9750000000000000","4.5000000000000000","4.7000000000000000","Champion"
"U0353","2024-11-04",57,4,"9",5,"551.00",5,14,"0.63","3.70","30","0.24","17.9333333333333333","16.4000000000000000","4.0000000000000000","3.2500000000000000","At Risk"
"U0049","2024-11-01",60,4,"9",5,"641.00",5,14,"0.81","4.61","120","1.21","85.8000000000000000","85.7500000000000000","4.5000000000000000","4.7000000000000000","Champion"
"U0346","2024-11-30",31,4,"8",5,"512.00",5,14,"0.75","4.50","119","1.22","85.5762711864406780","87.9333333333333333","4.5000000000000000","4.5000000000000000","Champion"
"U0341","2024-11-08",53,4,"8",5,"522.00",5,14,"0.84","4.50","119","1.26","88.4915254237288136","89.7333333333333333","4.6250000000000000","4.2500000000000000","Champion"
"U0949","2024-11-18",43,4,"10",5,"670.00",5,14,"0.61","3.50","30","0.25","17.5333333333333333","17.6666666666666667","3.5000000000000000","3.5000000000000000","Loyal"
"U0335","2024-12-09",22,5,"8",5,"472.00",4,14,"0.84","4.50","124","1.27","91.2419354838709677","89.4516129032258065","4.5000000000000000","4.5000000000000000","Champion"
"U0787","2024-11-23",38,4,"8",5,"552.00",5,14,"0.47","3.90","25","0.26","16.8333333333333333","19.6923076923076923","4.0000000000000000","3.8333333333333333","Collector"
"U0598","2024-11-06",55,4,"10",5,"570.00",5,14,"0.81","4.69","164","1.19","80.7560975609756098","88.3658536585365854","4.5000000000000000","4.8750000000000000","Champion"
"U0596","2024-11-23",38,4,"10",5,"620.00",5,14,"0.41","3.67","30","0.26","18.2000000000000000","18.3333333333333333","3.6250000000000000","3.7000000000000000","Collector"
"U0927","2024-12-23",8,5,"8",5,"482.00",4,14,"0.86","4.33","113","1.31","96.3571428571428571","89.7368421052631579","4.0000000000000000","4.5000000000000000","Champion"
"U0266","2024-12-13",18,5,"7",4,"503.00",5,14,"0.82","4.70","103","1.31","97.0000000000000000","89.3846153846153846","4.7500000000000000","4.6666666666666667","Champion"
"U0795","2024-11-22",39,4,"8",5,"512.00",5,14,"0.95","4.50","123","1.29","90.0327868852459016","94.0161290322580645","4.5000000000000000","4.5000000000000000","Champion"
"U0093","2024-11-15",46,4,"11",5,"779.00",5,14,"0.75","4.58","183","1.25","85.4175824175824176","92.6521739130434783","4.6666666666666667","4.5000000000000000","Champion"
"U0583","2024-11-25",36,4,"10",5,"670.00",5,14,"0.92","4.50","168","1.30","87.5119047619047619","97.3571428571428571","4.2500000000000000","4.8333333333333333","Champion"
"U0098","2024-11-16",45,4,"11",5,"659.00",5,14,"0.83","4.60","158","1.28","85.9113924050632911","96.2405063291139241","4.5000000000000000","4.6666666666666667","Champion"
"U0100","2024-11-05",56,4,"12",5,"748.00",5,14,"0.89","4.70","172","1.25","84.6744186046511628","92.5232558139534884","4.9000000000000000","4.5000000000000000","Champion"
"U0946","2024-11-22",39,4,"12",5,"858.00",5,14,"0.88","4.38","195","1.28","93.4536082474226804","88.9285714285714286","4.0000000000000000","4.6000000000000000","Champion"
"U0004","2024-11-10",51,4,"12",5,"818.00",5,14,"0.83","4.55","181","1.31","96.0888888888888889","91.3076923076923077","4.7500000000000000","4.4166666666666667","Champion"
"U0271","2024-10-14",78,4,"9",5,"541.00",5,14,"0.36","3.42","34","0.24","19.2352941176470588","15.0588235294117647","3.3333333333333333","3.5000000000000000","Collector"
"U0565","2024-11-29",32,4,"10",5,"620.00",5,14,"0.91","4.50","152","1.26","96.3947368421052632","83.2236842105263158","4.5000000000000000","4.5000000000000000","Champion"
"U0683","2024-11-01",60,4,"11",5,"749.00",5,14,"0.78","4.25","166","1.32","91.9879518072289157","95.0722891566265060","4.3333333333333333","4.1666666666666667","Champion"
"U0860","2024-11-22",39,4,"11",5,"659.00",5,14,"0.76","4.63","160","1.28","93.5000000000000000","88.5250000000000000","4.6250000000000000","4.6250000000000000","Champion"
"U0252","2024-11-02",59,4,"9",5,"531.00",5,14,"0.68","4.60","149","1.23","89.2567567567567568","85.7466666666666667","4.5000000000000000","4.6666666666666667","Loyal"
"U0838","2024-11-02",59,4,"10",5,"600.00",5,14,"0.80","4.71","157","1.26","91.3076923076923077","87.3797468354430380","4.5000000000000000","5.0000000000000000","Champion"
"U0820","2024-10-08",84,4,"8",5,"532.00",5,14,"0.49","3.83","24","0.23","14.1666666666666667","17.6666666666666667","4.0000000000000000","3.6666666666666667","Collector"
"U0865","2024-11-24",37,4,"11",5,"759.00",5,14,"0.87","4.61","151","1.23","89.9466666666666667","85.0526315789473684","4.6000000000000000","4.6250000000000000","Champion"
"U0866","2024-11-19",42,4,"12",5,"778.00",5,14,"0.88","4.67","183","1.31","93.1978021978021978","92.2826086956521739","4.7000000000000000","4.6250000000000000","Champion"
"U0118","2024-10-03",89,4,"10",5,"720.00",5,14,"0.56","3.40","29","0.24","19.1428571428571429","15.8000000000000000","3.1666666666666667","3.7500000000000000","Loyal"
"U0018","2024-11-22",39,4,"10",5,"620.00",5,14,"0.88","4.83","147","1.30","93.4109589041095890","92.0000000000000000","4.8000000000000000","5.0000000000000000","Champion"
"U0674","2024-11-02",59,4,"10",5,"670.00",5,14,"0.89","4.67","152","1.32","92.2368421052631579","95.7105263157894737","4.7500000000000000","4.6250000000000000","Champion"
"U0124","2024-11-10",51,4,"8",5,"592.00",5,14,"0.88","4.50","140","1.21","81.7142857142857143","90.8571428571428571","5.0000000000000000","4.3750000000000000","Champion"
"U0544","2024-11-18",43,4,"12",5,"768.00",5,14,"0.92","4.50","190","1.30","93.5052631578947368","91.6947368421052632","4.2500000000000000","4.7500000000000000","Champion"
"U0019","2024-11-07",54,4,"9",5,"581.00",5,14,"0.77","4.58","132","1.28","91.5151515151515152","90.0606060606060606","4.5000000000000000","4.6666666666666667","Champion"
"U0872","2024-11-03",58,4,"12",5,"748.00",5,14,"0.85","4.55","176","1.19","89.3522727272727273","80.1818181818181818","4.8000000000000000","4.3000000000000000","Champion"
"U0129","2024-11-12",49,4,"12",5,"788.00",5,14,"0.88","4.43","159","1.22","87.0379746835443038","86.2125000000000000","4.1666666666666667","4.6250000000000000","Champion"
"U0278","2024-11-09",52,4,"8",5,"552.00",5,14,"0.75","4.71","104","1.31","92.9230769230769231","92.8461538461538462","5.0000000000000000","4.5000000000000000","Champion"
"U0291","2024-11-01",60,4,"9",5,"641.00",5,14,"0.90","4.71","140","1.26","91.3000000000000000","87.9857142857142857","4.8750000000000000","4.5000000000000000","Champion"
"U0833","2024-11-07",54,4,"10",5,"620.00",5,14,"0.95","4.57","162","1.36","97.1111111111111111","96.4197530864197531","4.5000000000000000","4.6250000000000000","Champion"
"U0495","2024-11-14",47,4,"12",5,"858.00",5,14,"0.83","4.69","170","1.27","92.2941176470588235","88.7882352941176471","4.6000000000000000","4.8333333333333333","Champion"
"U0636","2024-12-25",6,5,"6",4,"504.00",5,14,"0.91","4.75","93","1.28","83.6956521739130435","98.1276595744680851","5.0000000000000000","4.5000000000000000","Champion"
"U0810","2024-11-26",35,4,"9",5,"581.00",5,14,"0.57","3.29","28","0.22","17.7857142857142857","13.9285714285714286","3.2500000000000000","3.3333333333333333","Loyal"
"U0845","2024-11-23",38,4,"12",5,"718.00",5,14,"0.72","4.38","195","1.17","83.4845360824742268","82.4591836734693878","4.8333333333333333","4.1000000000000000","At Risk"
"U0630","2024-10-18",74,4,"10",5,"590.00",5,14,"0.62","3.67","34","0.23","16.3529411764705882","16.4117647058823529","3.6250000000000000","3.7500000000000000","Loyal"
"U0877","2024-12-29",2,5,"7",4,"523.00",5,14,"0.72","3.67","90","0.99","74.8222222222222222","65.5111111111111111","3.5000000000000000","3.7500000000000000","Loyal"
"U0513","2024-11-28",33,4,"10",5,"610.00",5,14,"0.85","4.56","142","1.23","90.4647887323943662","85.3661971830985915","4.6000000000000000","4.5000000000000000","Champion"
"U0670","2024-11-12",49,4,"9",5,"571.00",5,14,"0.62","3.57","29","0.26","17.5000000000000000","18.8666666666666667","3.5000000000000000","3.6666666666666667","Loyal"
"U0629","2024-10-18",74,4,"9",5,"601.00",5,14,"0.45","3.75","30","0.22","17.4666666666666667","13.6000000000000000","3.6250000000000000","4.0000000000000000","Collector"
"U0668","2024-12-11",20,5,"8",4,"542.00",5,14,"0.77","4.70","124","1.29","89.3709677419354839","94.0645161290322581","4.2500000000000000","5.0000000000000000","Champion"
"U0151","2024-11-06",55,4,"8",5,"512.00",5,14,"0.85","4.43","131","1.31","93.4307692307692308","93.0909090909090909","4.5000000000000000","4.3333333333333333","Champion"
"U0503","2024-10-06",86,4,"8",5,"562.00",5,14,"0.51","3.70","22","0.21","13.1818181818181818","16.3636363636363636","3.5000000000000000","4.5000000000000000","Collector"
"U0136","2024-11-15",46,4,"9",5,"541.00",5,14,"0.89","4.42","138","1.33","93.9855072463768116","95.8115942028985507","4.5000000000000000","4.2500000000000000","Champion"
"U0971","2024-12-05",26,5,"8",5,"412.00",4,14,"0.82","4.50","111","1.22","90.6909090909090909","81.7857142857142857","4.3750000000000000","4.6250000000000000","Champion"
"U0036","2024-11-23",38,4,"12",5,"778.00",5,14,"0.85","4.63","169","1.31","88.7142857142857143","97.4941176470588235","4.3750000000000000","4.8750000000000000","Champion"
"U0476","2024-11-22",39,4,"12",5,"748.00",5,14,"0.84","4.36","187","1.25","89.9892473118279570","87.6489361702127660","4.3333333333333333","4.3750000000000000","Champion"
"U0062","2024-11-21",40,4,"11",5,"649.00",5,14,"0.84","4.50","192","1.27","88.2291666666666667","91.6979166666666667","4.5000000000000000","4.5000000000000000","Champion"
"U0882","2024-11-11",50,4,"12",5,"728.00",5,14,"0.85","4.56","189","1.25","88.6702127659574468","89.1368421052631579","4.6250000000000000","4.5000000000000000","Champion"
"U0970","2024-11-21",40,4,"10",5,"590.00",5,14,"0.71","4.08","131","1.19","79.3384615384615385","90.2424242424242424","4.0000000000000000","4.2500000000000000","Loyal"
"U0883","2024-11-04",57,4,"12",5,"768.00",5,14,"0.75","4.50","174","1.29","93.0574712643678161","89.6896551724137931","4.5000000000000000","4.5000000000000000","Champion"
"U0806","2024-11-24",37,4,"11",5,"759.00",5,14,"0.85","4.64","176","1.25","90.2272727272727273","88.3750000000000000","4.8333333333333333","4.5000000000000000","Champion"
"U0625","2024-11-02",59,4,"9",5,"571.00",5,14,"0.63","3.75","24","0.22","14.9166666666666667","16.6666666666666667","3.8333333333333333","3.6666666666666667","Loyal"
"U0708","2024-11-16",45,4,"8",5,"552.00",5,14,"0.94","4.50","135","1.22","88.6865671641791045","84.2647058823529412","4.3333333333333333","4.6666666666666667","Champion"
"U0171","2024-10-02",90,4,"9",5,"501.00",5,14,"0.46","3.36","25","0.27","21.6666666666666667","16.8461538461538462","3.2500000000000000","3.4000000000000000","Collector"
"U0623","2024-11-25",36,4,"12",5,"798.00",5,14,"0.90","4.29","190","1.25","87.4315789473684211","89.6842105263157895","4.3333333333333333","4.2500000000000000","Champion"
"U0311","2024-10-25",67,4,"8",5,"532.00",5,14,"0.68","3.50","20","0.24","16.7000000000000000","17.4000000000000000","3.0000000000000000","4.5000000000000000","Loyal"
"U0174","2024-11-17",44,4,"12",5,"798.00",5,14,"0.87","4.58","188","1.27","86.7659574468085106","93.3723404255319149","4.5833333333333333","4.5833333333333333","Champion"
"U0764","2024-12-04",27,5,"7",4,"523.00",5,14,"0.90","4.79","114","1.21","82.7017543859649123","89.1578947368421053","5.0000000000000000","4.6250000000000000","Champion"
"U0846","2024-12-30",1,5,"7",4,"503.00",5,14,"0.54","3.80","89","1.00","67.8863636363636364","75.4000000000000000","3.5000000000000000","4.0000000000000000","Collector"
"U0060","2024-11-20",41,4,"9",5,"521.00",5,14,"0.87","4.67","128","1.31","95.9062500000000000","90.9062500000000000","4.7500000000000000","4.6250000000000000","Champion"
"U0461","2024-11-20",41,4,"10",5,"640.00",5,14,"0.59","3.63","28","0.24","17.3571428571428571","16.7857142857142857","3.3333333333333333","3.8000000000000000","Loyal"
"U0330","2024-12-23",8,5,"8",4,"512.00",5,14,"0.86","4.50","124","1.13","80.4677419354838710","81.6935483870967742","4.5000000000000000","4.5000000000000000","Champion"
"U0612","2024-11-04",57,4,"8",5,"612.00",5,14,"0.87","4.75","125","1.24","91.8064516129032258","85.5714285714285714","4.6666666666666667","4.8333333333333333","Champion"
"U0183","2024-11-30",31,4,"9",5,"591.00",5,14,"0.51","4.00","28","0.25","21.1428571428571429","14.4285714285714286","3.5000000000000000","4.7500000000000000","Collector"
"U0458","2024-12-26",5,5,"7",4,"523.00",5,14,"0.86","4.36","120","1.26","89.8166666666666667","88.5500000000000000","4.5000000000000000","4.2500000000000000","Champion"
"U0770","2024-10-23",69,4,"9",5,"581.00",5,14,"0.54","3.42","26","0.24","17.6923076923076923","16.4615384615384615","3.3333333333333333","3.5000000000000000","Collector"
"U0452","2024-11-18",43,4,"12",5,"798.00",5,14,"0.70","4.50","177","1.27","92.9204545454545455","87.8651685393258427","4.3750000000000000","4.5833333333333333","Loyal"
"U0034","2024-12-03",28,5,"7",4,"513.00",5,14,"0.72","4.38","69","0.98","70.1470588235294118","68.9142857142857143","5.0000000000000000","4.1666666666666667","At Risk"
"U0449","2024-10-06",86,4,"8",5,"502.00",5,14,"0.55","3.50","25","0.22","16.2500000000000000","15.6923076923076923","3.3333333333333333","4.0000000000000000","Loyal"
"U0009","2024-11-06",55,4,"10",5,"690.00",5,14,"0.78","4.43","144","1.32","95.1666666666666667","93.5416666666666667","4.5000000000000000","4.3750000000000000","Champion"
"U0773","2024-11-15",46,4,"9",5,"581.00",5,14,"0.89","4.63","146","1.25","91.2739726027397260","86.2739726027397260","4.5000000000000000","4.6666666666666667","Champion"
"U0774","2024-12-19",12,5,"7",4,"563.00",5,14,"0.59","3.92","76","0.98","71.2368421052631579","67.4473684210526316","4.0000000000000000","3.8333333333333333","Loyal"
"U0609","2024-11-25",36,4,"12",5,"768.00",5,14,"0.83","4.63","157","1.29","92.9358974358974359","89.7974683544303797","4.6250000000000000","4.6250000000000000","Champion"
"U0825","2024-10-21",71,4,"8",5,"622.00",5,14,"0.52","3.50","26","0.24","17.7692307692307692","17.1538461538461538","3.8333333333333333","2.5000000000000000","Collector"
"U0777","2024-11-02",59,4,"12",5,"778.00",5,14,"0.88","4.38","186","1.25","88.2795698924731183","90.1505376344086022","4.3333333333333333","4.5000000000000000","Champion"
"U0703","2024-11-25",36,4,"11",5,"739.00",5,14,"0.79","4.50","159","1.26","91.2784810126582278","87.2250000000000000","4.5000000000000000","4.5000000000000000","Champion"
"U0852","2024-11-14",47,4,"9",5,"611.00",5,14,"0.87","4.50","134","1.19","88.8805970149253731","79.7164179104477612","5.0000000000000000","4.2500000000000000","Champion"
"U0853","2024-11-05",56,4,"12",5,"728.00",5,14,"0.91","4.58","184","1.33","97.5760869565217391","91.3695652173913043","4.6250000000000000","4.5000000000000000","Champion"
"U0416","2024-11-29",32,4,"10",5,"690.00",5,14,"0.73","4.50","138","1.19","86.3768115942028986","82.4202898550724638","4.1250000000000000","4.8000000000000000","Loyal"
"U0800","2024-11-13",48,4,"9",5,"601.00",5,14,"0.83","4.57","131","1.28","92.5384615384615385","90.2121212121212121","4.5000000000000000","4.6000000000000000","Champion"
"U0897","2024-11-26",35,4,"9",5,"571.00",5,14,"0.82","4.80","142","1.25","94.1971830985915493","83.6619718309859155","4.7500000000000000","4.8333333333333333","Champion"
"U0209","2024-11-03",58,4,"8",5,"502.00",5,14,"0.45","3.50","30","0.23","18.4666666666666667","14.0000000000000000","3.6666666666666667","3.3333333333333333","Collector"
"U0397","2024-11-24",37,4,"9",5,"561.00",5,14,"0.40","3.30","28","0.26","18.2857142857142857","18.0714285714285714","3.5000000000000000","3.0000000000000000","Collector"
"U0702","2024-11-05",56,4,"12",5,"718.00",5,14,"0.95","4.44","182","1.26","88.6593406593406593","91.2637362637362637","4.1666666666666667","4.6000000000000000","Champion"
"U0213","2024-11-12",49,4,"9",5,"611.00",5,14,"0.44","3.92","25","0.25","16.5000000000000000","18.7692307692307692","4.0000000000000000","3.8750000000000000","Collector"
"U0782","2024-11-30",31,4,"10",5,"640.00",5,14,"0.55","3.67","26","0.27","18.6153846153846154","19.1538461538461538","3.8750000000000000","3.2500000000000000","At Risk"
"U0379","2024-11-30",31,4,"9",5,"551.00",5,14,"0.50","3.21","25","0.24","18.3333333333333333","15.8461538461538462","3.3750000000000000","3.0000000000000000","Collector"
"U0221","2024-11-14",47,4,"9",5,"531.00",5,14,"0.39","3.67","29","0.24","17.0000000000000000","17.0666666666666667","4.3333333333333333","3.0000000000000000","Collector"
"U0799","2024-11-15",46,4,"9",5,"601.00",5,14,"0.72","4.71","128","1.33","93.0312500000000000","96.6875000000000000","5.0000000000000000","4.6000000000000000","Loyal"
"U0223","2024-11-04",57,4,"12",5,"748.00",5,14,"0.78","4.61","180","1.28","90.2333333333333333","91.9222222222222222","4.5000000000000000","4.7500000000000000","Champion"
"U0370","2024-12-29",2,5,"8",5,"482.00",4,14,"0.62","4.64","115","1.24","89.1052631578947368","87.7758620689655172","4.5000000000000000","4.8333333333333333","Loyal"
"U0364","2024-11-26",35,4,"10",5,"660.00",5,14,"0.45","3.42","20","0.27","21.0000000000000000","17.1000000000000000","3.5000000000000000","3.3750000000000000","Collector"
"U0996","2024-11-29",32,4,"11",5,"659.00",5,14,"0.81","4.57","180","1.22","80.7222222222222222","92.3888888888888889","4.7500000000000000","4.5000000000000000","Champion"
"U0363","2024-11-16",45,4,"9",5,"641.00",5,14,"0.45","3.25","21","0.27","17.9000000000000000","20.2727272727272727","3.1666666666666667","3.3333333333333333","Collector"
"U0948","2024-09-26",96,3,"10",5,"590.00",5,13,"0.48","3.69","29","0.23","13.7857142857142857","19.0000000000000000","3.6000000000000000","3.8333333333333333","Collector"
"U0947","2024-11-19",42,4,"8",5,"492.00",4,13,"0.45","2.80","24","0.24","16.0833333333333333","18.0833333333333333","2.5000000000000000","3.2500000000000000","Collector"
"U0945","2024-10-10",82,4,"8",5,"492.00",4,13,"0.56","3.00","26","0.26","18.7692307692307692","17.7692307692307692","3.5000000000000000","2.8750000000000000","At Risk"
"U0315","2024-10-28",64,4,"8",5,"432.00",4,13,"0.42","3.90","30","0.24","18.4000000000000000","16.1333333333333333","3.6666666666666667","4.2500000000000000","Collector"
"U0260","2024-10-07",85,4,"7",4,"543.00",5,13,"0.78","4.20","85","0.90","70.3095238095238095","58.6976744186046512","4.2500000000000000","4.1666666666666667","Loyal"
"U0941","2024-08-03",150,3,"10",5,"660.00",5,13,"0.54","3.56","35","0.26","18.5882352941176471","17.9444444444444444","4.1000000000000000","2.8750000000000000","Collector"
"U0693","2024-08-15",138,3,"9",5,"531.00",5,13,"0.48","3.93","26","0.24","17.8461538461538462","16.5384615384615385","4.0000000000000000","3.8750000000000000","Collector"
"U0643","2024-08-15",138,3,"9",5,"521.00",5,13,"0.55","3.00","24","0.25","18.2500000000000000","17.7500000000000000","3.3333333333333333","2.7500000000000000","At Risk"
"U0306","2024-12-07",24,5,"6",4,"454.00",4,13,"0.77","4.60","96","1.36","95.0833333333333333","97.0625000000000000","4.2500000000000000","4.8333333333333333","Champion"
"U0268","2024-12-28",3,5,"7",4,"423.00",4,13,"0.68","4.17","83","1.01","74.4146341463414634","69.4523809523809524","5.0000000000000000","3.7500000000000000","At Risk"
"U0302","2024-08-22",131,3,"9",5,"611.00",5,13,"0.52","2.75","31","0.23","15.8000000000000000","17.1250000000000000","3.0000000000000000","2.6666666666666667","Collector"
"U0270","2024-08-20",133,3,"8",5,"602.00",5,13,"0.42","3.79","29","0.23","15.8571428571428571","17.4000000000000000","3.7500000000000000","3.8333333333333333","Collector"
"U0301","2024-07-27",157,3,"9",5,"561.00",5,13,"0.50","3.88","23","0.24","15.7272727272727273","18.6666666666666667","3.5000000000000000","4.2500000000000000","Collector"
"U0299","2024-12-17",14,5,"6",4,"364.00",4,13,"0.66","3.75","79","1.01","77.2051282051282051","66.8500000000000000","3.7500000000000000","3.7500000000000000","Loyal"
"U0039","2024-08-29",124,3,"9",5,"541.00",5,13,"0.44","3.58","31","0.26","19.0666666666666667","17.8125000000000000","3.6250000000000000","3.5000000000000000","Collector"
"U0937","2024-08-04",149,3,"9",5,"571.00",5,13,"0.57","3.71","26","0.27","21.6923076923076923","17.0769230769230769","4.0000000000000000","3.6000000000000000","Loyal"
"U0628","2024-10-28",64,4,"8",4,"542.00",5,13,"0.48","3.58","27","0.22","15.6153846153846154","15.4285714285714286","3.3333333333333333","3.8333333333333333","Collector"
"U0689","2024-10-30",62,4,"7",4,"503.00",5,13,"0.47","4.17","82","0.97","66.8536585365853659","72.4146341463414634","4.2500000000000000","4.1250000000000000","Collector"
"U0758","2024-12-20",11,5,"6",4,"384.00",4,13,"0.67","3.70","65","0.97","65.6250000000000000","72.0909090909090909","4.0000000000000000","3.2500000000000000","At Risk"
"U0688","2024-07-22",162,3,"9",5,"581.00",5,13,"0.45","3.75","34","0.25","19.6470588235294118","16.0588235294117647","4.0000000000000000","3.5000000000000000","Collector"
"U0827","2024-11-16",45,4,"8",5,"472.00",4,13,"0.84","4.60","119","1.23","84.9491525423728814","89.8666666666666667","4.6666666666666667","4.5000000000000000","Champion"
"U0075","2024-10-23",69,4,"8",5,"432.00",4,13,"0.46","3.57","25","0.23","15.0000000000000000","17.0769230769230769","3.2500000000000000","4.0000000000000000","Collector"
"U0771","2024-12-30",1,5,"7",4,"433.00",4,13,"0.89","4.43","104","1.14","81.5000000000000000","79.6538461538461538","4.5000000000000000","4.3750000000000000","Champion"
"U0608","2024-12-16",15,5,"6",4,"414.00",4,13,"0.86","3.17","74","0.93","60.1081081081081081","72.7837837837837838","4.0000000000000000","2.7500000000000000","At Risk"
"U0783","2024-12-03",28,5,"7",4,"443.00",4,13,"0.82","4.10","90","1.22","87.3555555555555556","86.5333333333333333","4.0000000000000000","4.1250000000000000","Champion"
"U0790","2024-08-07",146,3,"10",5,"560.00",5,13,"0.38","3.28","26","0.22","17.8461538461538462","13.4615384615384615","3.4000000000000000","3.1250000000000000","Collector"
"U0791","2024-11-07",54,4,"8",5,"462.00",4,13,"0.92","4.36","112","1.31","95.1785714285714286","90.7857142857142857","4.2500000000000000","4.5000000000000000","Champion"
"U0798","2024-10-20",72,4,"9",5,"491.00",4,13,"0.50","3.93","24","0.22","15.1666666666666667","15.9166666666666667","4.1666666666666667","3.7500000000000000","Collector"
"U0585","2024-08-09",144,3,"10",5,"640.00",5,13,"0.51","3.50","25","0.24","16.7500000000000000","16.6153846153846154","3.5000000000000000","3.5000000000000000","Collector"
"U0857","2024-12-15",16,5,"6",4,"374.00",4,13,"0.75","4.50","96","1.29","94.8125000000000000","88.5000000000000000","4.5000000000000000","4.5000000000000000","Champion"
"U0828","2024-08-19",134,3,"9",5,"571.00",5,13,"0.62","3.72","38","0.26","19.2105263157894737","18.3684210526315789","3.7500000000000000","3.7000000000000000","Loyal"
"U0720","2024-07-08",176,3,"9",5,"591.00",5,13,"0.51","3.17","28","0.23","16.9285714285714286","15.7857142857142857","3.5000000000000000","2.8333333333333333","Collector"
"U0071","2024-12-05",26,5,"6",4,"394.00",4,13,"0.73","4.13","73","0.93","65.1111111111111111","67.6756756756756757","3.7500000000000000","4.5000000000000000","Loyal"
"U0681","2024-09-24",98,3,"10",5,"590.00",5,13,"0.57","3.56","33","0.26","19.0625000000000000","18.1764705882352941","3.6000000000000000","3.5000000000000000","Loyal"
"U0863","2024-08-10",143,3,"8",5,"572.00",5,13,"0.36","3.88","23","0.23","13.1818181818181818","18.7500000000000000","4.0000000000000000","3.7500000000000000","Collector"
"U0558","2024-10-03",89,4,"8",5,"482.00",4,13,"0.53","3.57","31","0.27","20.4666666666666667","18.1875000000000000","3.3333333333333333","3.7500000000000000","Collector"
"U0979","2024-08-06",147,3,"8",5,"572.00",5,13,"0.59","3.50","22","0.23","17.0000000000000000","16.2727272727272727","3.5000000000000000","3.5000000000000000","Loyal"
"U0551","2024-10-05",87,4,"8",5,"472.00",4,13,"0.44","3.58","26","0.27","20.8461538461538462","17.3076923076923077","3.6666666666666667","3.5000000000000000","Collector"
"U0539","2024-08-06",147,3,"10",5,"590.00",5,13,"0.51","3.92","32","0.24","18.2500000000000000","15.8750000000000000","3.8333333333333333","4.0000000000000000","Collector"
"U0532","2024-11-11",50,4,"7",4,"543.00",5,13,"0.58","3.20","21","0.25","19.0000000000000000","16.5454545454545455","3.0000000000000000","3.3333333333333333","Loyal"
"U0531","2024-12-27",4,5,"6",4,"444.00",4,13,"0.87","3.33","84","1.06","72.9285714285714286","77.8809523809523810","3.5000000000000000","3.0000000000000000","Champion"
"U0132","2024-12-01",30,5,"6",4,"384.00",4,13,"0.31","3.60","22","0.29","21.6363636363636364","19.7272727272727273","4.1666666666666667","2.7500000000000000","Collector"
"U0134","2024-11-03",58,4,"7",4,"503.00",5,13,"0.85","3.88","81","1.06","70.3750000000000000","81.3658536585365854","3.8333333333333333","4.0000000000000000","Champion"
"U0137","2024-11-06",55,4,"8",5,"482.00",4,13,"0.88","4.33","122","1.30","89.6393442622950820","94.6393442622950820","4.8333333333333333","3.8333333333333333","Champion"
"U0522","2024-08-29",124,3,"10",5,"640.00",5,13,"0.53","3.75","32","0.25","17.2500000000000000","17.8125000000000000","2.7500000000000000","4.2500000000000000","Collector"
"U0727","2024-12-17",14,5,"7",4,"453.00",4,13,"0.61","4.17","88","1.02","76.9318181818181818","68.9090909090909091","","4.1666666666666667","Loyal"
"U0672","2024-08-17",136,3,"10",5,"740.00",5,13,"0.56","3.75","29","0.26","18.7142857142857143","17.7333333333333333","3.8333333333333333","3.6666666666666667","Loyal"
"U0729","2024-12-15",16,5,"7",4,"443.00",4,13,"0.88","4.75","94","1.28","88.6808510638297872","92.2127659574468085","4.7500000000000000","4.7500000000000000","Champion"
"U0521","2024-11-02",59,4,"8",5,"442.00",4,13,"0.81","4.33","128","1.25","86.9375000000000000","90.4687500000000000","3.8333333333333333","4.8333333333333333","Champion"
"U0731","2024-12-10",21,5,"7",4,"403.00",4,13,"0.82","4.00","101","1.27","89.4800000000000000","90.2156862745098039","4.0000000000000000","4.0000000000000000","Champion"
"U0880","2024-12-04",27,5,"7",4,"413.00",4,13,"0.83","4.17","78","0.94","62.8461538461538462","70.1025641025641026","4.5000000000000000","4.0000000000000000","Loyal"
"U0065","2024-10-01",91,3,"9",5,"531.00",5,13,"0.55","3.63","26","0.26","19.6153846153846154","17.6923076923076923","3.5000000000000000","3.7000000000000000","Loyal"
"U0494","2024-07-17",167,3,"8",5,"552.00",5,13,"0.60","3.20","23","0.25","18.5454545454545455","17.4166666666666667","3.0000000000000000","3.5000000000000000","Loyal"
"U0482","2024-12-23",8,5,"6",4,"424.00",4,13,"0.80","4.60","96","1.33","94.2916666666666667","96.0625000000000000","4.5000000000000000","4.7500000000000000","Champion"
"U0667","2024-11-10",51,4,"8",5,"482.00",4,13,"0.57","3.25","25","0.24","14.7500000000000000","18.6153846153846154","2.8333333333333333","3.6666666666666667","Loyal"
"U0969","2024-08-12",141,3,"8",5,"592.00",5,13,"0.54","3.50","19","0.24","20.1111111111111111","14.4000000000000000","4.0000000000000000","3.1666666666666667","Collector"
"U0734","2024-11-01",60,4,"8",5,"472.00",4,13,"0.91","4.58","123","1.17","81.7213114754098361","85.4838709677419355","4.6666666666666667","4.5000000000000000","Champion"
"U0469","2024-12-24",7,5,"7",4,"483.00",4,13,"0.75","4.50","99","1.30","95.0000000000000000","89.6800000000000000","4.5000000000000000","4.5000000000000000","Champion"
"U0986","2024-12-19",12,5,"7",4,"463.00",4,13,"0.76","4.33","110","1.31","96.0181818181818182","90.4727272727272727","4.5000000000000000","4.0000000000000000","Champion"
"U0175","2024-09-29",93,3,"9",5,"631.00",5,13,"0.59","3.88","21","0.21","14.0000000000000000","16.1818181818181818","3.6250000000000000","4.1250000000000000","Loyal"
"U0176","2024-12-11",20,5,"7",4,"453.00",4,13,"0.81","4.25","83","0.96","66.7073170731707317","69.2142857142857143","4.5000000000000000","4.1666666666666667","Loyal"
"U0463","2024-10-04",88,4,"7",4,"513.00",5,13,"0.75","4.20","86","0.99","71.1627906976744186","70.7209302325581395","4.2500000000000000","4.1666666666666667","Loyal"
"U0460","2024-08-30",123,3,"9",5,"641.00",5,13,"0.49","3.70","30","0.24","16.0000000000000000","18.5333333333333333","3.5000000000000000","3.7500000000000000","Collector"
"U0459","2024-11-23",38,4,"7",4,"503.00",5,13,"0.74","4.10","95","0.93","65.0638297872340426","67.1250000000000000","4.0000000000000000","4.1666666666666667","Loyal"
"U0666","2024-12-12",19,5,"7",4,"483.00",4,13,"0.82","4.50","116","1.33","92.4655172413793103","97.3275862068965517","4.5000000000000000","4.5000000000000000","Champion"
"U0059","2024-11-25",36,4,"7",4,"513.00",5,13,"0.83","4.20","86","1.03","70.8372093023255814","74.8604651162790698","4.5000000000000000","4.1250000000000000","Champion"
"U0450","2024-08-31",122,3,"8",5,"532.00",5,13,"0.46","3.30","22","0.25","18.9090909090909091","17.0000000000000000","3.1666666666666667","3.5000000000000000","Collector"
"U0189","2024-11-29",32,4,"8",4,"562.00",5,13,"0.82","4.50","108","1.23","88.3333333333333333","87.3888888888888889","4.3333333333333333","4.6250000000000000","Champion"
"U0439","2024-12-17",14,5,"7",4,"423.00",4,13,"0.63","4.13","79","0.96","66.6666666666666667","69.4750000000000000","4.5000000000000000","4.0000000000000000","Loyal"
"U0193","2024-08-25",128,3,"8",5,"592.00",5,13,"0.41","3.83","20","0.26","16.8000000000000000","19.8000000000000000","4.3333333333333333","3.3333333333333333","Collector"
"U0198","2024-08-03",150,3,"8",5,"522.00",5,13,"0.43","3.93","28","0.24","16.0000000000000000","18.3571428571428571","3.8333333333333333","4.0000000000000000","Collector"
"U0426","2024-12-05",26,5,"7",4,"473.00",4,13,"0.79","4.67","111","1.27","87.9090909090909091","92.1964285714285714","5.0000000000000000","4.5000000000000000","Champion"
"U0425","2024-09-11",111,3,"10",5,"520.00",5,13,"0.57","3.50","27","0.28","25.0769230769230769","14.6428571428571429","3.2500000000000000","3.8333333333333333","At Risk"
"U0202","2024-09-05",117,3,"8",5,"572.00",5,13,"0.74","3.25","32","0.27","17.3750000000000000","21.8125000000000000","","3.2500000000000000","Loyal"
"U0988","2024-07-09",175,3,"10",5,"640.00",5,13,"0.53","3.38","33","0.26","17.3750000000000000","19.2941176470588235","3.3333333333333333","3.4000000000000000","Collector"
"U0053","2024-09-03",119,3,"10",5,"700.00",5,13,"0.56","3.22","32","0.26","16.0000000000000000","21.3125000000000000","3.3750000000000000","3.1000000000000000","Loyal"
"U0389","2024-12-01",30,5,"7",4,"393.00",4,13,"0.77","4.33","99","1.28","90.3877551020408163","91.6600000000000000","4.5000000000000000","4.1666666666666667","Champion"
"U0902","2024-11-24",37,4,"7",4,"503.00",5,13,"0.88","4.20","85","0.94","59.4761904761904762","74.7209302325581395","5.0000000000000000","4.0000000000000000","At Risk"
"U0217","2024-12-08",23,5,"6",4,"404.00",4,13,"0.88","4.30","102","1.29","88.8431372549019608","94.3137254901960784","4.1666666666666667","4.5000000000000000","Champion"
"U0960","2024-07-18",166,3,"9",5,"501.00",5,13,"0.40","3.75","26","0.25","16.7692307692307692","18.5384615384615385","3.6666666666666667","3.8333333333333333","Collector"
"U0648","2024-12-10",21,5,"6",4,"364.00",4,13,"0.83","4.80","103","1.27","87.9803921568627451","92.7307692307692308","4.7500000000000000","4.8333333333333333","Champion"
"U0226","2024-12-30",1,5,"6",4,"434.00",4,13,"0.85","4.88","89","1.18","86.0227272727272727","81.7111111111111111","5.0000000000000000","4.8333333333333333","Champion"
"U0332","2024-08-28",125,3,"9",5,"551.00",5,13,"0.45","3.93","29","0.22","14.1428571428571429","16.3333333333333333","4.0000000000000000","3.8750000000000000","Collector"
"U0983","2024-11-06",55,4,"6",4,"414.00",4,12,"0.87","4.67","91","1.19","85.9777777777777778","83.9130434782608696","5.0000000000000000","4.5000000000000000","Champion"
"U0817","2024-11-01",60,4,"7",4,"463.00",4,12,"0.69","3.75","96","0.97","66.1666666666666667","70.6458333333333333","4.5000000000000000","3.5000000000000000","At Risk"
"U0815","2024-12-23",8,5,"5",3,"405.00",4,12,"0.85","4.17","54","0.92","61.7407407407407407","69.9629629629629630","4.0000000000000000","4.2500000000000000","Loyal"
"U0735","2024-12-25",6,5,"6",3,"374.00",4,12,"0.92","4.70","91","1.22","80.3111111111111111","92.0434782608695652","4.5000000000000000","4.8333333333333333","Loyal"
"U0740","2024-10-24",68,4,"6",4,"494.00",4,12,"0.67","4.17","84","0.97","68.7380952380952381","69.6428571428571429","4.1666666666666667","4.1666666666666667","Loyal"
"U0741","2024-11-10",51,4,"7",4,"393.00",4,12,"0.81","4.83","95","1.19","82.3829787234042553","87.0833333333333333","5.0000000000000000","4.5000000000000000","Champion"
"U0743","2024-11-16",45,4,"7",4,"373.00",4,12,"0.63","3.50","85","1.02","75.9047619047619048","69.2325581395348837","3.6666666666666667","3.3333333333333333","Loyal"
"U0744","2024-09-03",119,3,"8",5,"492.00",4,12,"0.54","3.13","28","0.23","17.7142857142857143","15.4285714285714286","3.0000000000000000","3.2500000000000000","Collector"
"U0746","2024-11-27",34,4,"7",4,"433.00",4,12,"0.79","4.00","75","1.02","71.4594594594594595","73.5263157894736842","4.0000000000000000","4.0000000000000000","Champion"
"U0748","2024-11-06",55,4,"6",4,"464.00",4,12,"0.90","5.00","96","1.26","84.1666666666666667","95.2291666666666667","5.0000000000000000","5.0000000000000000","Champion"
"U0756","2024-12-26",5,5,"6",3,"444.00",4,12,"0.60","4.00","82","0.94","66.1951219512195122","67.7560975609756098","4.0000000000000000","4.0000000000000000","Loyal"
"U0981","2024-12-30",1,5,"7",4,"343.00",3,12,"0.87","4.50","88","1.01","65.5909090909090909","77.5909090909090909","4.7500000000000000","4.2500000000000000","Champion"
"U0763","2024-12-27",4,5,"5",3,"375.00",4,12,"0.90","3.38","58","0.94","66.5862068965517241","65.6551724137931034","3.2500000000000000","3.5000000000000000","Loyal"
"U0099","2024-11-30",31,4,"7",4,"403.00",4,12,"0.72","4.50","89","0.95","67.9772727272727273","67.1111111111111111","4.5000000000000000","","Loyal"
"U0101","2024-11-30",31,4,"7",4,"473.00",4,12,"0.54","4.50","86","1.06","74.3255813953488372","77.0000000000000000","4.6666666666666667","4.3333333333333333","Collector"
"U0102","2024-11-18",43,4,"6",4,"454.00",4,12,"0.55","3.50","23","0.22","15.2727272727272727","16.5000000000000000","4.0000000000000000","3.1666666666666667","At Risk"
"U0105","2024-12-11",20,5,"5",3,"405.00",4,12,"0.92","4.33","60","1.00","73.7333333333333333","68.3333333333333333","4.0000000000000000","4.5000000000000000","Loyal"
"U0106","2024-11-28",33,4,"7",4,"473.00",4,12,"0.87","4.57","108","1.23","85.0925925925925926","88.0185185185185185","4.8333333333333333","4.3750000000000000","Champion"
"U0113","2024-11-03",58,4,"7",4,"393.00",4,12,"0.71","3.80","96","1.05","77.7500000000000000","71.0833333333333333","4.5000000000000000","3.3333333333333333","At Risk"
"U0016","2024-10-07",85,4,"7",4,"413.00",4,12,"0.71","3.92","98","0.94","65.2244897959183673","69.0204081632653061","3.7500000000000000","4.0000000000000000","Loyal"
"U0123","2024-12-05",26,5,"6",3,"454.00",4,12,"0.84","4.30","93","1.36","97.9565217391304348","96.0638297872340426","4.0000000000000000","4.7500000000000000","Loyal"
"U0133","2024-10-25",67,4,"7",4,"423.00",4,12,"0.41","3.64","20","0.22","17.4000000000000000","14.5000000000000000","4.0000000000000000","3.3750000000000000","Collector"
"U0139","2024-11-29",32,4,"7",4,"453.00",4,12,"0.83","4.00","84","1.03","69.7857142857142857","76.3095238095238095","3.5000000000000000","4.5000000000000000","Champion"
"U0140","2024-08-16",137,3,"7",4,"533.00",5,12,"0.36","4.00","29","0.24","18.0714285714285714","16.1333333333333333","3.5000000000000000","4.5000000000000000","Collector"
"U0999","2024-10-27",65,4,"7",4,"473.00",4,12,"0.81","4.14","87","1.04","76.5348837209302326","72.3409090909090909","4.1666666666666667","4.1250000000000000","Champion"
"U0145","2024-12-02",29,5,"6",4,"304.00",3,12,"0.72","3.50","74","0.94","67.1081081081081081","66.8918918918918919","3.2500000000000000","3.7500000000000000","Loyal"
"U0146","2024-11-22",39,4,"7",4,"493.00",4,12,"0.90","4.43","108","1.25","88.1666666666666667","89.2037037037037037","4.1666666666666667","4.6250000000000000","Champion"
"U0975","2024-10-02",90,4,"6",4,"394.00",4,12,"0.49","3.75","70","1.09","75.6857142857142857","78.6285714285714286","4.0000000000000000","3.5000000000000000","Collector"
"U0167","2024-11-03",58,4,"7",4,"443.00",4,12,"0.84","4.25","112","1.27","88.9464285714285714","91.8750000000000000","4.0000000000000000","4.5000000000000000","Champion"
"U0169","2024-09-27",95,3,"7",4,"503.00",5,12,"0.35","3.08","27","0.23","15.5384615384615385","17.3571428571428571","3.1666666666666667","3.0000000000000000","Collector"
"U0170","2024-11-10",51,4,"7",4,"393.00",4,12,"0.85","4.21","87","0.98","68.1162790697674419","71.5909090909090909","4.3333333333333333","4.1250000000000000","Loyal"
"U0182","2024-11-14",47,4,"6",4,"384.00",4,12,"0.84","4.70","92","1.25","88.9130434782608696","87.9130434782608696","4.6666666666666667","4.7500000000000000","Champion"
"U0190","2024-07-18",166,3,"8",5,"472.00",4,12,"0.49","3.67","21","0.26","18.6000000000000000","18.5454545454545455","3.8333333333333333","3.5000000000000000","Collector"
"U0195","2024-10-06",86,4,"7",4,"463.00",4,12,"0.83","4.00","79","0.96","71.8974358974358974","63.5000000000000000","4.0000000000000000","4.0000000000000000","Loyal"
"U0197","2024-10-16",76,4,"6",4,"374.00",4,12,"0.81","4.00","75","0.92","68.6216216216216216","61.3157894736842105","4.0000000000000000","4.0000000000000000","Loyal"
"U0201","2024-11-18",43,4,"7",4,"393.00",4,12,"0.82","4.25","95","1.21","90.3617021276595745","82.4583333333333333","4.2500000000000000","4.2500000000000000","Champion"
"U0212","2024-12-09",22,5,"5",3,"395.00",4,12,"0.71","3.50","60","1.02","70.8000000000000000","74.5000000000000000","2.5000000000000000","4.5000000000000000","Loyal"
"U0222","2024-11-19",42,4,"7",4,"433.00",4,12,"0.96","4.58","104","1.25","84.5192307692307692","93.8846153846153846","4.6666666666666667","4.5000000000000000","Champion"
"U0241","2024-10-13",79,4,"6",4,"464.00",4,12,"0.38","3.70","26","0.23","16.6153846153846154","15.6923076923076923","3.6666666666666667","3.7500000000000000","Collector"
"U0245","2024-11-08",53,4,"6",4,"494.00",4,12,"0.45","3.63","20","0.25","16.1000000000000000","18.9000000000000000","4.2500000000000000","3.0000000000000000","Collector"
"U0944","2024-10-14",78,4,"6",4,"424.00",4,12,"0.55","3.50","19","0.25","20.1111111111111111","15.0000000000000000","3.2500000000000000","3.7500000000000000","At Risk"
"U0262","2024-11-28",33,4,"7",4,"383.00",4,12,"0.67","4.33","101","1.16","90.9800000000000000","74.3921568627450980","4.1666666666666667","4.5000000000000000","Loyal"
"U0940","2024-11-07",54,4,"7",4,"413.00",4,12,"0.86","4.42","118","1.28","89.2542372881355932","92.6610169491525424","4.3333333333333333","4.5000000000000000","Champion"
"U0277","2024-10-21",71,4,"6",4,"444.00",4,12,"0.95","4.00","69","0.99","72.5294117647058824","69.5714285714285714","4.5000000000000000","3.5000000000000000","At Risk"
"U0936","2024-11-13",48,4,"7",4,"403.00",4,12,"0.75","4.08","84","1.00","70.8333333333333333","70.6190476190476190","3.7500000000000000","4.2500000000000000","Champion"
"U0935","2024-11-21",40,4,"7",4,"483.00",4,12,"0.71","3.33","20","0.23","19.9000000000000000","12.6000000000000000","3.6666666666666667","3.0000000000000000","At Risk"
"U0300","2024-11-08",53,4,"7",4,"403.00",4,12,"0.93","3.83","74","0.98","67.1621621621621622","72.1081081081081081","3.8333333333333333","","Loyal"
"U0304","2024-11-08",53,4,"7",4,"443.00",4,12,"0.94","4.75","97","1.34","93.4375000000000000","97.0000000000000000","4.5000000000000000","4.8750000000000000","Champion"
"U0314","2024-10-29",63,4,"6",4,"374.00",4,12,"0.82","4.00","63","1.05","77.0000000000000000","71.1562500000000000","4.5000000000000000","3.2500000000000000","Champion"
"U0990","2024-11-19",42,4,"7",4,"493.00",4,12,"0.94","4.13","82","0.95","69.4878048780487805","64.8780487804878049","4.5000000000000000","4.0000000000000000","Loyal"
"U0320","2024-07-29",155,3,"8",5,"412.00",4,12,"0.36","3.20","24","0.23","17.1666666666666667","16.0833333333333333","4.2500000000000000","2.5000000000000000","Collector"
"U0327","2024-10-13",79,4,"7",4,"453.00",4,12,"0.51","2.50","26","0.28","21.3076923076923077","19.1538461538461538","2.6666666666666667","2.3333333333333333","Collector"
"U0329","2024-11-06",55,4,"7",4,"473.00",4,12,"0.91","4.10","98","1.29","88.9183673469387755","94.5510204081632653","4.2500000000000000","4.0000000000000000","Champion"
"U0918","2024-11-17",44,4,"6",4,"404.00",4,12,"0.93","4.25","74","1.01","73.9189189189189189","70.2162162162162162","4.5000000000000000","4.0000000000000000","Champion"
"U0354","2024-07-06",178,3,"7",4,"523.00",5,12,"0.45","3.40","19","0.29","23.1111111111111111","18.6000000000000000","3.1666666666666667","3.7500000000000000","Collector"
"U0989","2024-12-16",15,5,"6",3,"494.00",4,12,"0.78","4.00","74","1.03","74.1891891891891892","73.4594594594594595","4.0000000000000000","","Loyal"
"U0371","2024-09-21",101,3,"7",4,"533.00",5,12,"0.77","3.83","77","0.93","70.8684210526315789","60.7179487179487179","4.0000000000000000","3.7500000000000000","Loyal"
"U0374","2024-11-08",53,4,"6",4,"384.00",4,12,"0.62","4.17","78","0.94","67.5384615384615385","65.0512820512820513","4.3333333333333333","4.0000000000000000","Loyal"
"U0380","2024-10-20",72,4,"7",4,"473.00",4,12,"0.89","4.90","88","0.98","70.7045454545454545","68.4090909090909091","5.0000000000000000","4.8333333333333333","Loyal"
"U0386","2024-10-22",70,4,"6",4,"414.00",4,12,"0.46","3.50","18","0.26","18.4444444444444444","18.8888888888888889","3.2500000000000000","4.0000000000000000","Collector"
"U0054","2024-10-04",88,4,"6",4,"374.00",4,12,"0.51","3.50","11","0.21","18.4000000000000000","11.8333333333333333","3.5000000000000000","3.5000000000000000","Collector"
"U0410","2024-10-10",82,4,"6",4,"394.00",4,12,"0.84","3.83","64","1.01","70.5000000000000000","73.3125000000000000","4.0000000000000000","3.5000000000000000","Champion"
"U0411","2024-10-14",78,4,"6",4,"434.00",4,12,"0.83","4.00","76","1.00","74.8684210526315789","66.9210526315789474","4.0000000000000000","4.0000000000000000","Champion"
"U0413","2024-08-07",146,3,"8",5,"432.00",4,12,"0.42","3.42","27","0.24","17.6153846153846154","16.7142857142857143","3.2500000000000000","3.5000000000000000","Collector"
"U0415","2024-12-26",5,5,"6",4,"294.00",3,12,"0.89","4.42","70","0.93","64.2000000000000000","67.6000000000000000","4.8333333333333333","4.0000000000000000","At Risk"
"U0987","2024-11-19",42,4,"6",4,"474.00",4,12,"0.51","3.80","14","0.20","12.2857142857142857","15.7142857142857143","4.0000000000000000","3.6666666666666667","Collector"
"U0440","2024-11-27",34,4,"7",4,"423.00",4,12,"0.96","4.50","106","1.32","93.9056603773584906","95.0566037735849057","4.5000000000000000","4.5000000000000000","Champion"
"U0889","2024-11-25",36,4,"7",4,"393.00",4,12,"0.56","3.71","17","0.24","13.2500000000000000","20.0000000000000000","3.5000000000000000","3.8750000000000000","Loyal"
"U0885","2024-10-16",76,4,"6",4,"364.00",4,12,"0.94","3.90","64","1.03","67.2812500000000000","79.6562500000000000","3.7500000000000000","4.0000000000000000","Champion"
"U0474","2024-11-15",46,4,"6",4,"404.00",4,12,"0.74","4.25","69","0.99","69.7058823529411765","71.0857142857142857","4.1666666666666667","4.5000000000000000","Loyal"
"U0486","2024-11-24",37,4,"7",4,"483.00",4,12,"0.99","4.50","105","1.22","82.8076923076923077","91.0943396226415094","4.5000000000000000","4.5000000000000000","Champion"
"U0497","2024-11-13",48,4,"7",4,"473.00",4,12,"0.62","3.00","14","0.25","17.4285714285714286","18.1428571428571429","3.0000000000000000","3.0000000000000000","Loyal"
"U0500","2024-10-13",79,4,"7",4,"453.00",4,12,"0.83","3.92","88","0.94","70.1590909090909091","63.7045454545454545","3.5000000000000000","4.3333333333333333","Loyal"
"U0501","2024-10-03",89,4,"7",4,"493.00",4,12,"0.89","3.90","83","0.87","61.0243902439024390","63.7857142857142857","3.5000000000000000","4.5000000000000000","Loyal"
"U0066","2024-10-11",81,4,"8",4,"452.00",4,12,"0.48","3.50","20","0.24","16.2000000000000000","18.7000000000000000","3.0000000000000000","4.2500000000000000","Collector"
"U0878","2024-08-27",126,3,"6",4,"504.00",5,12,"0.52","3.75","20","0.25","17.9000000000000000","17.6000000000000000","3.2500000000000000","4.2500000000000000","Collector"
"U0529","2024-10-22",70,4,"6",4,"364.00",4,12,"0.88","3.88","73","1.01","74.1388888888888889","69.3243243243243243","4.2500000000000000","3.5000000000000000","Champion"
"U0540","2024-12-17",14,5,"6",4,"324.00",3,12,"0.69","4.20","73","0.97","74.3611111111111111","63.3243243243243243","4.1666666666666667","4.2500000000000000","Loyal"
"U0545","2024-07-11",173,3,"8",5,"412.00",4,12,"0.54","3.75","17","0.22","12.8750000000000000","17.3333333333333333","3.8333333333333333","3.6666666666666667","Collector"
"U0548","2024-10-17",75,4,"6",4,"394.00",4,12,"0.69","3.80","66","1.06","76.0000000000000000","75.7272727272727273","3.7500000000000000","3.8333333333333333","Loyal"
"U0549","2024-11-09",52,4,"6",4,"384.00",4,12,"0.64","4.00","98","1.28","90.3469387755102041","92.4693877551020408","4.0000000000000000","4.0000000000000000","Loyal"
"U0864","2024-08-11",142,3,"8",5,"442.00",4,12,"0.32","3.70","26","0.24","20.6153846153846154","13.9230769230769231","3.8333333333333333","3.5000000000000000","Collector"
"U0560","2024-08-05",148,3,"8",5,"432.00",4,12,"0.61","3.43","28","0.24","19.0714285714285714","15.7142857142857143","3.0000000000000000","4.0000000000000000","Loyal"
"U0561","2024-11-10",51,4,"6",4,"374.00",4,12,"0.80","4.50","80","1.17","90.2750000000000000","76.1500000000000000","4.5000000000000000","4.5000000000000000","Champion"
"U0571","2024-10-16",76,4,"6",4,"384.00",4,12,"0.49","4.00","68","1.03","77.0882352941176471","69.9705882352941176","4.0000000000000000","4.0000000000000000","Collector"
"U0072","2024-10-05",87,4,"7",4,"473.00",4,12,"0.70","3.92","92","1.00","68.1304347826086957","72.6956521739130435","3.7500000000000000","4.0000000000000000","Loyal"
"U0577","2024-11-20",41,4,"7",4,"403.00",4,12,"0.59","4.00","98","1.01","72.1224489795918367","72.1428571428571429","4.0000000000000000","4.0000000000000000","Loyal"
"U0073","2024-11-17",44,4,"7",4,"423.00",4,12,"0.97","4.42","114","1.26","85.9298245614035088","92.8596491228070175","4.5000000000000000","4.3333333333333333","Champion"
"U0592","2024-12-23",8,5,"6",4,"354.00",3,12,"0.82","4.63","89","1.25","88.0681818181818182","88.9333333333333333","4.8333333333333333","4.0000000000000000","Champion"
"U0601","2024-11-18",43,4,"7",4,"433.00",4,12,"0.71","4.17","91","0.93","66.8222222222222222","66.8695652173913043","4.2500000000000000","4.0000000000000000","Loyal"
"U0854","2024-10-25",67,4,"7",4,"463.00",4,12,"0.76","3.90","80","1.01","74.3500000000000000","68.5000000000000000","4.0000000000000000","3.8333333333333333","Champion"
"U0610","2024-11-16",45,4,"6",4,"404.00",4,12,"0.87","4.00","70","0.97","73.8857142857142857","62.4857142857142857","4.1666666666666667","3.5000000000000000","At Risk"
"U0078","2024-11-22",39,4,"6",4,"364.00",4,12,"0.71","3.20","17","0.25","20.1250000000000000","15.2222222222222222","3.5000000000000000","3.0000000000000000","Loyal"
"U0079","2024-11-04",57,4,"6",4,"384.00",4,12,"0.82","4.25","61","1.00","73.2666666666666667","68.8387096774193548","","4.2500000000000000","Champion"
"U0644","2024-10-24",68,4,"6",4,"394.00",4,12,"0.48","2.90","20","0.25","18.4000000000000000","17.3000000000000000","2.3333333333333333","3.7500000000000000","Collector"
"U0645","2024-11-22",39,4,"6",4,"484.00",4,12,"0.73","4.17","85","1.29","100.9047619047619048","83.0232558139534884","4.2500000000000000","4.0000000000000000","Loyal"
"U0659","2024-11-14",47,4,"6",4,"474.00",4,12,"0.78","4.00","78","0.99","67.5128205128205128","74.2820512820512821","4.0000000000000000","4.0000000000000000","Loyal"
"U0010","2024-11-13",48,4,"7",4,"383.00",4,12,"0.80","4.20","80","1.01","73.0250000000000000","70.3000000000000000","4.1666666666666667","4.2500000000000000","Champion"
"U0834","2024-11-05",56,4,"7",4,"453.00",4,12,"0.68","4.00","80","0.98","66.7000000000000000","73.1500000000000000","3.7500000000000000","4.1666666666666667","Loyal"
"U0671","2024-12-13",18,5,"6",3,"364.00",4,12,"0.92","4.33","84","1.19","84.0952380952380952","84.4047619047619048","4.5000000000000000","4.0000000000000000","Loyal"
"U0829","2024-09-29",93,3,"8",5,"482.00",4,12,"0.48","3.67","25","0.24","17.2500000000000000","16.5384615384615385","3.8333333333333333","3.5000000000000000","Collector"
"U0692","2024-10-16",76,4,"7",4,"493.00",4,12,"0.67","3.33","20","0.25","18.7000000000000000","16.3000000000000000","3.5000000000000000","3.1666666666666667","Loyal"
"U0653","2024-10-12",80,4,"7",4,"353.00",3,11,"0.69","4.20","78","0.98","65.7948717948717949","74.5641025641025641","4.0000000000000000","4.5000000000000000","Loyal"
"U0150","2024-11-26",35,4,"6",4,"314.00",3,11,"0.79","4.25","87","1.18","80.6976744186046512","87.4090909090909091","4.1666666666666667","4.5000000000000000","Champion"
"U0394","2024-08-02",151,3,"6",4,"384.00",4,11,"0.58","3.13","16","0.28","20.2500000000000000","19.5000000000000000","3.0000000000000000","3.2500000000000000","Loyal"
"U0507","2024-12-28",3,5,"5",3,"285.00",3,11,"0.76","4.50","86","1.25","87.9069767441860465","89.1627906976744186","4.0000000000000000","4.6666666666666667","Loyal"
"U0879","2024-08-25",128,3,"6",4,"364.00",4,11,"0.58","3.25","21","0.25","19.4000000000000000","15.9090909090909091","3.6666666666666667","2.8333333333333333","At Risk"
"U0749","2024-07-14",170,3,"6",4,"364.00",4,11,"0.59","3.00","18","0.27","19.5555555555555556","18.1111111111111111","2.5000000000000000","3.1666666666666667","Loyal"
"U0510","2024-08-09",144,3,"6",4,"394.00",4,11,"0.53","4.00","21","0.24","17.7000000000000000","17.0000000000000000","4.0000000000000000","4.0000000000000000","Collector"
"U0511","2024-11-09",52,4,"6",4,"314.00",3,11,"0.90","3.38","67","1.00","76.2121212121212121","65.7058823529411765","3.5000000000000000","3.2500000000000000","Champion"
"U0208","2024-11-01",60,4,"6",4,"324.00",3,11,"0.42","3.60","12","0.25","16.8333333333333333","19.0000000000000000","4.2500000000000000","3.1666666666666667","Collector"
"U0130","2024-09-06",116,3,"6",4,"444.00",4,11,"0.52","4.00","57","0.97","63.4285714285714286","74.8620689655172414","4.2500000000000000","3.7500000000000000","Collector"
"U0963","2024-10-17",75,4,"6",4,"354.00",3,11,"0.88","3.88","76","0.89","60.7105263157894737","67.2631578947368421","3.8333333333333333","4.0000000000000000","Loyal"
"U0541","2024-12-15",16,5,"4",3,"296.00",3,11,"0.73","4.50","46","0.83","59.3043478260869565","60.0000000000000000","4.5000000000000000","","Loyal"
"U0542","2024-11-22",39,4,"6",4,"324.00",3,11,"0.74","3.58","69","0.99","74.6470588235294118","67.1142857142857143","3.5000000000000000","3.6666666666666667","Loyal"
"U0033","2024-08-09",144,3,"6",4,"434.00",4,11,"0.27","3.50","20","0.24","15.8000000000000000","17.9000000000000000","3.5000000000000000","3.5000000000000000","Collector"
"U0017","2024-10-24",68,4,"6",4,"334.00",3,11,"0.63","3.80","79","0.98","70.3333333333333333","68.0500000000000000","4.1666666666666667","3.2500000000000000","At Risk"
"U0117","2024-10-05",87,4,"5",3,"365.00",4,11,"0.82","3.63","60","1.01","70.5333333333333333","73.0333333333333333","3.2500000000000000","4.0000000000000000","Loyal"
"U0802","2024-09-04",118,3,"7",4,"413.00",4,11,"0.86","4.25","90","0.95","65.7777777777777778","68.7333333333333333","4.0000000000000000","4.3750000000000000","Loyal"
"U0664","2024-09-18",104,3,"6",4,"494.00",4,11,"0.86","4.70","75","1.00","72.4594594594594595","68.8947368421052632","4.5000000000000000","5.0000000000000000","Loyal"
"U0070","2024-10-06",86,4,"7",4,"343.00",3,11,"0.35","3.90","17","0.24","13.5000000000000000","20.4444444444444444","4.7500000000000000","3.3333333333333333","Collector"
"U0849","2024-09-24",98,3,"6",4,"364.00",4,11,"0.56","3.60","21","0.25","17.8000000000000000","18.2727272727272727","3.7500000000000000","3.5000000000000000","Loyal"
"U0611","2024-12-03",28,5,"5",3,"265.00",3,11,"0.96","4.50","84","1.29","90.0952380952380952","93.1666666666666667","4.5000000000000000","4.5000000000000000","Loyal"
"U0557","2024-09-05",117,3,"7",4,"403.00",4,11,"0.53","3.75","27","0.20","18.0000000000000000","10.5000000000000000","4.0000000000000000","3.6250000000000000","Collector"
"U0711","2024-09-20",102,3,"7",4,"473.00",4,11,"0.58","3.83","23","0.21","15.5454545454545455","14.6666666666666667","3.8333333333333333","3.8333333333333333","Loyal"
"U0778","2024-11-07",54,4,"5",3,"415.00",4,11,"0.89","3.83","65","1.06","75.3437500000000000","74.7878787878787879","3.5000000000000000","4.0000000000000000","Loyal"
"U0412","2024-11-15",46,4,"6",4,"314.00",3,11,"0.84","4.30","83","1.23","91.2682926829268293","83.1666666666666667","4.1666666666666667","4.5000000000000000","Champion"
"U0563","2024-10-08",84,4,"6",4,"304.00",3,11,"0.82","4.00","69","1.07","75.0882352941176471","76.7428571428571429","4.0000000000000000","4.0000000000000000","Champion"
"U0566","2024-09-22",100,3,"6",4,"404.00",4,11,"0.74","3.75","62","0.94","57.7741935483870968","76.1935483870967742","3.7500000000000000","3.7500000000000000","Loyal"
"U0088","2024-12-04",27,5,"5",3,"355.00",3,11,"0.89","4.75","69","1.17","75.9411764705882353","90.7714285714285714","4.5000000000000000","4.8333333333333333","Loyal"
"U0687","2024-08-23",130,3,"7",4,"493.00",4,11,"0.54","3.60","25","0.25","19.8333333333333333","15.8461538461538462","4.0000000000000000","3.3333333333333333","Collector"
"U0366","2024-12-23",8,5,"5",3,"305.00",3,11,"0.74","4.10","60","1.04","67.4333333333333333","80.1000000000000000","4.2500000000000000","4.0000000000000000","Loyal"
"U0597","2024-09-14",108,3,"7",4,"413.00",4,11,"0.57","3.43","22","0.24","16.5454545454545455","18.4545454545454545","3.3333333333333333","3.5000000000000000","Loyal"
"U0587","2024-12-28",3,5,"5",3,"325.00",3,11,"0.68","4.25","55","0.99","74.8888888888888889","65.5357142857142857","4.2500000000000000","","Loyal"
"U0417","2024-11-24",37,4,"6",3,"474.00",4,11,"0.42","3.40","17","0.24","16.3750000000000000","18.3333333333333333","3.3333333333333333","3.5000000000000000","Collector"
"U0582","2024-09-03",119,3,"6",4,"414.00",4,11,"0.70","3.83","73","0.96","71.3888888888888889","64.5675675675675676","4.0000000000000000","3.7500000000000000","Loyal"
"U0912","2024-09-19",103,3,"6",4,"404.00",4,11,"0.63","3.38","17","0.25","15.5000000000000000","19.2222222222222222","3.1666666666666667","4.0000000000000000","Loyal"
"U0732","2024-09-29",93,3,"7",4,"443.00",4,11,"0.71","4.25","77","1.10","76.0789473684210526","80.3333333333333333","3.5000000000000000","4.5000000000000000","Loyal"
"U0919","2024-12-14",17,5,"5",3,"305.00",3,11,"0.68","5.00","56","0.90","66.7857142857142857","61.7857142857142857","","5.0000000000000000","Loyal"
"U0259","2024-09-21",101,3,"6",4,"404.00",4,11,"0.62","4.13","19","0.24","17.8888888888888889","15.8000000000000000","4.5000000000000000","3.7500000000000000","At Risk"
"U0699","2024-11-12",49,4,"6",3,"364.00",4,11,"0.43","3.17","26","0.26","18.6153846153846154","18.6923076923076923","3.5000000000000000","3.0000000000000000","Collector"
"U0433","2024-09-28",94,3,"6",4,"384.00",4,11,"0.88","3.80","68","1.00","76.5588235294117647","66.3529411764705882","4.0000000000000000","3.6666666666666667","Loyal"
"U0337","2024-11-20",41,4,"7",4,"313.00",3,11,"0.62","4.38","85","0.97","67.3571428571428571","70.2558139534883721","4.7500000000000000","4.0000000000000000","At Risk"
"U0891","2024-11-21",40,4,"6",3,"434.00",4,11,"0.95","4.83","90","1.24","83.3111111111111111","92.8666666666666667","4.8333333333333333","4.8333333333333333","Loyal"
"U0660","2024-09-16",106,3,"7",4,"473.00",4,11,"0.77","4.25","96","0.93","68.9166666666666667","63.8541666666666667","4.5000000000000000","4.1666666666666667","Loyal"
"U0192","2024-08-20",133,3,"6",4,"374.00",4,11,"0.50","3.60","21","0.24","17.6000000000000000","16.5454545454545455","3.3333333333333333","4.0000000000000000","Collector"
"U0336","2024-11-24",37,4,"6",4,"344.00",3,11,"0.59","4.17","68","1.01","74.6764705882352941","69.6176470588235294","4.0000000000000000","4.5000000000000000","Loyal"
"U0340","2024-12-13",18,5,"5",3,"275.00",3,11,"0.82","4.67","56","1.24","86.5714285714285714","90.1428571428571429","4.5000000000000000","4.7500000000000000","Loyal"
"U0269","2024-08-24",129,3,"7",4,"453.00",4,11,"0.48","3.33","19","0.24","15.0000000000000000","18.9000000000000000","3.1666666666666667","3.5000000000000000","Collector"
"U0446","2024-12-15",16,5,"4",3,"326.00",3,11,"0.78","4.33","40","0.94","63.3500000000000000","68.8500000000000000","5.0000000000000000","4.0000000000000000","At Risk"
"U0447","2024-11-30",31,4,"6",4,"354.00",3,11,"0.90","3.83","60","1.05","76.3666666666666667","73.1000000000000000","3.7500000000000000","4.0000000000000000","Champion"
"U0378","2024-09-13",109,3,"7",4,"413.00",4,11,"0.49","3.63","23","0.27","17.9090909090909091","20.0833333333333333","3.5000000000000000","3.7500000000000000","Collector"
"U0027","2024-12-05",26,5,"5",3,"315.00",3,11,"0.91","4.33","69","1.03","72.6470588235294118","73.7714285714285714","4.0000000000000000","5.0000000000000000","Loyal"
"U0966","2024-12-01",30,5,"5",3,"355.00",3,11,"0.82","4.38","63","1.24","91.8387096774193548","83.5312500000000000","4.5000000000000000","4.2500000000000000","Loyal"
"U0186","2024-10-30",62,4,"6",4,"354.00",3,11,"0.58","3.50","10","0.22","15.4000000000000000","16.0000000000000000","3.6666666666666667","3.2500000000000000","Loyal"
"U0343","2024-07-14",170,3,"6",4,"394.00",4,11,"0.60","3.50","16","0.25","16.0000000000000000","19.1250000000000000","3.7500000000000000","3.2500000000000000","Loyal"
"U0931","2024-10-28",64,4,"6",4,"334.00",3,11,"0.70","3.83","70","0.99","71.1428571428571429","70.8285714285714286","3.5000000000000000","4.0000000000000000","Loyal"
"U0180","2024-10-19",73,4,"6",3,"374.00",4,11,"0.71","4.25","65","0.97","73.6250000000000000","65.2424242424242424","4.0000000000000000","4.5000000000000000","Loyal"
"U0920","2024-12-06",25,5,"5",3,"295.00",3,11,"0.89","4.50","77","1.20","88.0789473684210526","82.4358974358974359","4.7500000000000000","4.2500000000000000","Loyal"
"U0462","2024-09-21",101,3,"7",4,"433.00",4,11,"0.93","4.17","91","0.95","64.1777777777777778","71.4565217391304348","","4.1666666666666667","Loyal"
"U0466","2024-07-04",180,3,"7",4,"473.00",4,11,"0.62","3.10","21","0.26","16.9000000000000000","20.0909090909090909","3.5000000000000000","2.8333333333333333","At Risk"
"U0294","2024-11-26",35,4,"6",3,"424.00",4,11,"0.89","4.00","72","0.95","69.5555555555555556","65.5555555555555556","4.1666666666666667","3.7500000000000000","Loyal"
"U0239","2024-12-22",9,5,"5",3,"295.00",3,11,"0.82","4.38","77","1.32","94.9473684210526316","93.7692307692307692","4.5000000000000000","4.2500000000000000","Loyal"
"U0926","2024-09-09",113,3,"6",4,"454.00",4,11,"0.57","3.33","18","0.25","17.8888888888888889","18.1111111111111111","","3.3333333333333333","Loyal"
"U0165","2024-11-16",45,4,"7",4,"363.00",3,11,"0.84","3.90","89","1.00","72.0227272727272727","70.9555555555555556","4.0000000000000000","3.8333333333333333","Champion"
"U0037","2024-12-27",4,5,"4",3,"276.00",3,11,"0.92","3.67","57","0.95","70.0000000000000000","65.0344827586206897","3.5000000000000000","3.7500000000000000","Loyal"
"U0279","2024-08-28",125,3,"6",4,"444.00",4,11,"0.57","3.75","22","0.24","14.7272727272727273","19.4545454545454545","5.0000000000000000","3.3333333333333333","At Risk"
"U0477","2024-07-27",157,3,"6",4,"404.00",4,11,"0.58","3.75","13","0.22","17.5000000000000000","13.8571428571428571","3.7500000000000000","3.7500000000000000","Loyal"
"U0480","2024-10-03",89,4,"7",4,"343.00",3,11,"0.63","4.00","75","1.06","70.2702702702702703","80.4210526315789474","3.5000000000000000","4.1250000000000000","Loyal"
"U0904","2024-09-12",110,3,"6",4,"374.00",4,11,"0.56","3.33","16","0.24","20.0000000000000000","14.6250000000000000","4.0000000000000000","2.0000000000000000","At Risk"
"U0742","2024-08-06",147,3,"6",4,"394.00",4,11,"0.64","4.17","20","0.23","19.1000000000000000","13.6000000000000000","3.5000000000000000","4.5000000000000000","At Risk"
"U0726","2024-09-22",100,3,"7",4,"433.00",4,11,"0.62","4.40","90","1.04","73.7777777777777778","73.7111111111111111","4.5000000000000000","4.2500000000000000","Loyal"
"U0487","2024-11-18",43,4,"5",3,"435.00",4,11,"0.74","3.75","53","1.03","79.6923076923076923","66.3703703703703704","3.5000000000000000","3.8333333333333333","Loyal"
"U0005","2024-08-28",125,3,"7",4,"463.00",4,11,"0.38","3.80","19","0.24","18.2222222222222222","15.5000000000000000","4.0000000000000000","3.7500000000000000","Collector"
"U0492","2024-12-07",24,5,"6",3,"314.00",3,11,"0.79","3.70","84","1.01","72.5714285714285714","70.3571428571428571","3.5000000000000000","3.8333333333333333","Loyal"
"U0216","2024-11-21",40,4,"6",3,"414.00",4,11,"0.86","4.25","83","1.32","94.2195121951219512","93.4761904761904762","4.0000000000000000","4.3333333333333333","Loyal"
"U0215","2024-11-02",59,4,"5",3,"415.00",4,11,"0.89","4.75","74","1.21","82.0810810810810811","92.3783783783783784","4.5000000000000000","5.0000000000000000","Loyal"
"U0086","2024-11-03",58,4,"6",4,"294.00",3,11,"0.97","4.50","96","1.28","86.7916666666666667","94.7083333333333333","4.5000000000000000","4.5000000000000000","Champion"
"U0324","2024-09-29",93,3,"6",4,"384.00",4,11,"0.73","4.25","74","1.06","78.8918918918918919","72.0270270270270270","4.2500000000000000","4.2500000000000000","Loyal"
"U0725","2024-11-07",54,4,"5",3,"385.00",4,11,"0.42","3.50","14","0.25","17.8571428571428571","17.4285714285714286","4.5000000000000000","3.1666666666666667","Collector"
"U0360","2024-11-13",48,4,"5",3,"375.00",4,11,"0.63","3.00","12","0.29","19.1666666666666667","21.5000000000000000","3.0000000000000000","3.0000000000000000","Loyal"
"U0813","2024-08-20",133,3,"6",4,"424.00",4,11,"0.41","3.30","17","0.27","16.5000000000000000","21.1111111111111111","3.5000000000000000","3.1666666666666667","Collector"
"U0153","2024-12-27",4,5,"4",3,"256.00",3,11,"0.71","3.75","52","1.01","70.9230769230769231","73.0769230769230769","3.7500000000000000","","Loyal"
"U0753","2024-11-26",35,4,"7",4,"363.00",3,11,"0.70","4.50","99","1.23","86.2040816326530612","88.9000000000000000","4.5000000000000000","4.5000000000000000","Loyal"
"U0317","2024-08-01",152,3,"6",4,"464.00",4,11,"0.61","3.75","18","0.25","18.1111111111111111","17.4444444444444444","4.0000000000000000","3.6666666666666667","Loyal"
"U0519","2024-10-19",73,4,"7",4,"363.00",3,11,"0.54","3.88","80","0.99","67.5750000000000000","72.6750000000000000","4.0000000000000000","3.7500000000000000","Collector"
"U0399","2024-09-17",105,3,"7",4,"473.00",4,11,"0.73","3.79","93","1.04","70.8260869565217391","76.8510638297872340","3.8333333333333333","3.7500000000000000","Loyal"
"U0978","2024-12-01",30,5,"4",3,"276.00",3,11,"0.59","4.13","46","0.94","64.0869565217391304","69.0434782608695652","3.7500000000000000","4.5000000000000000","Loyal"
"U0400","2024-10-24",68,4,"6",4,"344.00",3,11,"0.51","2.83","23","0.21","13.9090909090909091","16.6666666666666667","2.5000000000000000","3.5000000000000000","Collector"
"U0527","2024-11-18",43,4,"5",3,"425.00",4,11,"0.90","3.50","58","0.99","67.6896551724137931","73.6551724137931034","4.0000000000000000","3.0000000000000000","At Risk"
"U0234","2024-09-18",104,3,"7",4,"443.00",4,11,"0.78","4.00","86","0.96","68.1860465116279070","69.0232558139534884","3.5000000000000000","5.0000000000000000","Loyal"
"U0530","2024-09-09",113,3,"7",4,"483.00",4,11,"0.74","3.70","92","0.97","71.2826086956521739","67.0217391304347826","3.5000000000000000","4.0000000000000000","Loyal"
"U0395","2024-07-09",175,3,"5",3,"365.00",4,10,"0.93","3.88","46","0.54","37.2173913043478261","39.3913043478260870","3.2500000000000000","4.5000000000000000","Loyal"
"U0982","2024-11-07",54,4,"5",3,"305.00",3,10,"0.97","4.83","69","1.30","89.9117647058823529","94.6857142857142857","4.5000000000000000","5.0000000000000000","Loyal"
"U0634","2024-11-29",32,4,"5",3,"285.00",3,10,"0.81","4.38","80","1.30","96.4250000000000000","89.8750000000000000","4.2500000000000000","4.5000000000000000","Loyal"
"U0515","2024-10-05",87,4,"5",3,"295.00",3,10,"0.91","4.00","66","1.01","68.3030303030303030","75.6060606060606061","4.0000000000000000","","Loyal"
"U0040","2024-10-23",69,4,"5",3,"335.00",3,10,"0.85","3.83","70","0.99","64.8857142857142857","74.6285714285714286","3.5000000000000000","4.0000000000000000","Loyal"
"U0045","2024-09-11",111,3,"6",3,"404.00",4,10,"0.81","3.63","73","1.01","75.5277777777777778","68.0810810810810811","3.5000000000000000","3.7500000000000000","Loyal"
"U0280","2024-10-10",82,4,"5",3,"325.00",3,10,"0.83","3.80","51","1.02","70.2000000000000000","74.4230769230769231","3.7500000000000000","3.8333333333333333","Loyal"
"U0285","2024-12-03",28,5,"4",3,"246.00",2,10,"0.67","4.00","56","0.94","64.4642857142857143","69.9642857142857143","4.0000000000000000","4.0000000000000000","Loyal"
"U0915","2024-11-23",38,4,"6",3,"324.00",3,10,"0.71","4.25","66","0.97","68.7575757575757576","70.0000000000000000","4.2500000000000000","4.2500000000000000","Loyal"
"U0160","2024-10-18",74,4,"5",3,"335.00",3,10,"0.68","3.83","13","0.23","18.0000000000000000","14.8571428571428571","3.0000000000000000","4.2500000000000000","Loyal"
"U0224","2024-09-19",103,3,"5",3,"385.00",4,10,"0.74","4.10","60","0.84","63.0000000000000000","56.2666666666666667","3.7500000000000000","4.3333333333333333","Loyal"
"U0479","2024-11-03",58,4,"4",3,"286.00",3,10,"0.77","3.00","10","0.27","18.8000000000000000","19.2000000000000000","2.5000000000000000","3.5000000000000000","Loyal"
"U0807","2024-11-05",56,4,"5",3,"355.00",3,10,"0.49","2.75","15","0.25","18.1428571428571429","17.7500000000000000","2.5000000000000000","3.0000000000000000","Collector"
"U0755","2024-12-18",13,5,"3",2,"267.00",3,10,"0.87","4.17","32","1.08","75.1875000000000000","80.3750000000000000","4.0000000000000000","4.2500000000000000","New"
"U0695","2024-09-07",115,3,"6",3,"464.00",4,10,"0.57","3.50","14","0.25","20.0000000000000000","15.5714285714285714","3.5000000000000000","3.5000000000000000","Loyal"
"U0309","2024-11-06",55,4,"5",3,"345.00",3,10,"0.82","4.17","64","1.23","92.2812500000000000","84.3437500000000000","4.2500000000000000","4.0000000000000000","Loyal"
"U0757","2024-11-05",56,4,"5",3,"295.00",3,10,"0.90","4.50","68","1.23","87.2058823529411765","88.5294117647058824","4.5000000000000000","","Loyal"
"U0308","2024-11-17",44,4,"5",3,"275.00",3,10,"0.79","3.88","59","0.98","66.5517241379310345","72.7000000000000000","3.7500000000000000","4.0000000000000000","Loyal"
"U0430","2024-11-20",41,4,"4",3,"256.00",3,10,"0.51","2.88","12","0.30","21.8333333333333333","21.3333333333333333","2.2500000000000000","3.5000000000000000","Collector"
"U0910","2024-09-14",108,3,"7",4,"333.00",3,10,"0.87","4.08","88","1.03","74.9090909090909091","70.5000000000000000","3.6666666666666667","4.5000000000000000","Loyal"
"U0263","2024-12-26",5,5,"4",3,"206.00",2,10,"0.85","3.88","54","1.04","75.5555555555555556","72.8148148148148148","3.2500000000000000","4.5000000000000000","Loyal"
"U0031","2024-11-13",48,4,"5",3,"345.00",3,10,"0.90","4.25","85","1.32","100.8809523809523810","87.6046511627906977","4.5000000000000000","4.0000000000000000","Loyal"
"U0805","2024-11-25",36,4,"5",3,"295.00",3,10,"0.97","4.25","62","1.04","76.9677419354838710","70.6451612903225806","4.0000000000000000","4.3333333333333333","Loyal"
"U0404","2024-09-24",98,3,"6",4,"304.00",3,10,"0.77","3.75","76","1.00","73.5263157894736842","67.7105263157894737","4.0000000000000000","3.5000000000000000","Loyal"
"U0359","2024-10-22",70,4,"5",3,"335.00",3,10,"0.87","4.17","51","0.99","64.8400000000000000","75.2307692307692308","4.2500000000000000","4.0000000000000000","Loyal"
"U0069","2024-08-17",136,3,"6",3,"434.00",4,10,"0.61","3.20","20","0.25","17.6000000000000000","18.6000000000000000","3.5000000000000000","2.7500000000000000","At Risk"
"U0406","2024-12-04",27,5,"4",3,"206.00",2,10,"0.88","4.13","53","0.89","65.3461538461538462","60.4074074074074074","4.0000000000000000","4.2500000000000000","Loyal"
"U0624","2024-10-13",79,4,"5",3,"295.00",3,10,"0.81","4.25","64","0.95","65.2500000000000000","70.2812500000000000","4.7500000000000000","3.7500000000000000","At Risk"
"U0001","2024-10-18",74,4,"4",3,"276.00",3,10,"0.86","3.75","49","0.98","78.0000000000000000","61.6800000000000000","3.7500000000000000","","Loyal"
"U0347","2024-11-24",37,4,"5",3,"305.00",3,10,"0.98","4.50","66","1.32","79.6363636363636364","107.2121212121212121","4.0000000000000000","4.7500000000000000","Loyal"
"U0464","2024-10-24",68,4,"5",3,"345.00",3,10,"0.70","4.13","73","0.95","70.3055555555555556","65.0540540540540541","4.0000000000000000","4.1666666666666667","Loyal"
"U0616","2024-09-24",98,3,"6",4,"304.00",3,10,"0.62","4.13","61","1.01","73.3666666666666667","69.8387096774193548","4.3333333333333333","3.5000000000000000","At Risk"
"U0177","2024-09-13",109,3,"6",4,"314.00",3,10,"0.84","4.10","67","1.00","75.3636363636363636","66.5000000000000000","4.1666666666666667","4.0000000000000000","Loyal"
"U0896","2024-11-29",32,4,"6",3,"334.00",3,10,"0.90","4.25","79","0.99","64.9230769230769231","74.9250000000000000","4.0000000000000000","4.3333333333333333","Loyal"
"U0437","2024-10-02",90,4,"5",3,"305.00",3,10,"0.58","3.25","13","0.27","16.0000000000000000","21.8571428571428571","2.5000000000000000","4.0000000000000000","Loyal"
"U0375","2024-09-03",119,3,"6",4,"354.00",3,10,"0.85","3.90","65","0.99","72.2500000000000000","68.8484848484848485","3.7500000000000000","4.0000000000000000","Loyal"
"U0682","2024-12-07",24,5,"3",2,"257.00",3,10,"0.94","4.50","20","0.51","39.0000000000000000","33.9000000000000000","","4.5000000000000000","New"
"U0663","2024-11-06",55,4,"5",3,"315.00",3,10,"0.52","4.00","17","0.24","17.5000000000000000","16.6666666666666667","4.0000000000000000","","Collector"
"U0115","2024-11-05",56,4,"5",3,"305.00",3,10,"0.53","3.20","14","0.25","18.4285714285714286","17.0000000000000000","3.2500000000000000","3.1666666666666667","Collector"
"U0325","2024-11-04",57,4,"5",3,"325.00",3,10,"0.90","4.63","73","1.23","85.3611111111111111","89.2702702702702703","4.5000000000000000","4.7500000000000000","Loyal"
"U0289","2024-11-23",38,4,"5",3,"285.00",3,10,"0.75","4.67","82","1.23","87.9024390243902439","85.6585365853658537","4.5000000000000000","4.7500000000000000","Loyal"
"U0281","2024-09-06",116,3,"6",4,"344.00",3,10,"0.45","4.00","26","0.24","16.8461538461538462","16.7692307692307692","4.0000000000000000","4.0000000000000000","Collector"
"U0928","2024-11-24",37,4,"4",3,"276.00",3,10,"0.80","4.00","48","0.91","59.2500000000000000","70.5000000000000000","4.2500000000000000","3.5000000000000000","At Risk"
"U0768","2024-10-08",84,4,"5",3,"315.00",3,10,"0.78","3.83","62","0.88","62.0967741935483871","63.4193548387096774","4.0000000000000000","3.7500000000000000","Loyal"
"U0267","2024-12-01",30,5,"4",2,"296.00",3,10,"0.65","3.50","11","0.22","18.2000000000000000","14.0000000000000000","2.5000000000000000","4.5000000000000000","New"
"U0444","2024-11-19",42,4,"4",3,"296.00",3,10,"0.84","4.00","44","1.02","70.7272727272727273","75.6363636363636364","4.0000000000000000","4.0000000000000000","Loyal"
"U0109","2024-11-07",54,4,"5",3,"305.00",3,10,"0.88","4.00","65","0.90","59.0312500000000000","69.6969696969696970","","4.0000000000000000","Loyal"
"U0274","2024-11-07",54,4,"4",3,"266.00",3,10,"0.89","3.63","45","0.96","69.7727272727272727","67.6521739130434783","3.7500000000000000","3.5000000000000000","Loyal"
"U0801","2024-10-20",72,4,"5",3,"335.00",3,10,"0.53","3.25","16","0.22","16.3750000000000000","14.6250000000000000","3.5000000000000000","3.0000000000000000","Collector"
"U0491","2024-07-15",169,3,"5",3,"405.00",4,10,"0.80","3.50","35","0.51","38.3529411764705882","34.2777777777777778","3.7500000000000000","3.2500000000000000","Loyal"
"U0884","2024-11-20",41,4,"6",3,"314.00",3,10,"0.90","3.88","82","1.06","79.3658536585365854","70.3170731707317073","3.5000000000000000","4.2500000000000000","Loyal"
"U0485","2024-07-15",169,3,"5",3,"385.00",4,10,"0.38","3.80","14","0.25","17.2857142857142857","18.4285714285714286","3.7500000000000000","3.8333333333333333","Collector"
"U0048","2024-10-27",65,4,"5",3,"335.00",3,10,"0.82","3.75","62","1.02","79.4838709677419355","66.8064516129032258","3.2500000000000000","4.2500000000000000","Loyal"
"U0779","2024-12-27",4,5,"4",2,"256.00",3,10,"0.62","3.25","47","0.91","63.5652173913043478","65.9166666666666667","3.0000000000000000","3.5000000000000000","New"
"U0358","2024-12-01",30,5,"4",2,"326.00",3,10,"0.57","3.75","13","0.23","15.6666666666666667","17.5714285714285714","4.0000000000000000","3.5000000000000000","New"
"U0965","2024-08-07",146,3,"6",4,"354.00",3,10,"0.64","3.33","20","0.28","20.0000000000000000","19.4000000000000000","3.2500000000000000","3.5000000000000000","Loyal"
"U0605","2024-09-21",101,3,"6",4,"354.00",3,10,"0.68","3.75","21","0.26","18.0000000000000000","18.2727272727272727","3.2500000000000000","4.2500000000000000","Loyal"
"U0654","2024-09-21",101,3,"7",4,"363.00",3,10,"0.27","3.75","12","0.21","11.3333333333333333","19.1666666666666667","4.5000000000000000","3.3750000000000000","Collector"
"U0064","2024-11-12",49,4,"4",3,"306.00",3,10,"0.66","4.25","44","1.03","75.4090909090909091","71.0454545454545455","","4.2500000000000000","Loyal"
"U0272","2024-11-21",40,4,"5",3,"325.00",3,10,"0.89","4.50","62","0.94","69.3225806451612903","64.2258064516129032","4.0000000000000000","4.6666666666666667","Loyal"
"U0972","2024-12-26",5,5,"3",2,"287.00",3,10,"0.68","3.75","26","0.43","30.6153846153846154","30.8461538461538462","4.0000000000000000","3.5000000000000000","New"
"U0600","2024-11-05",56,4,"5",3,"325.00",3,10,"0.90","4.75","83","1.34","100.0000000000000000","90.6666666666666667","5.0000000000000000","4.6666666666666667","Loyal"
"U0929","2024-10-19",73,4,"5",3,"355.00",3,10,"0.70","4.00","59","1.00","69.2413793103448276","71.8333333333333333","4.0000000000000000","4.0000000000000000","Loyal"
"U0691","2024-11-04",57,4,"5",3,"335.00",3,10,"0.67","5.00","69","1.27","87.6764705882352941","92.3142857142857143","","5.0000000000000000","Loyal"
"U0690","2024-10-11",81,4,"4",3,"276.00",3,10,"0.71","3.33","10","0.25","15.2000000000000000","20.0000000000000000","3.0000000000000000","3.5000000000000000","Loyal"
"U0219","2024-12-16",15,5,"3",2,"267.00",3,10,"0.86","5.00","35","0.96","68.4705882352941176","69.7777777777777778","5.0000000000000000","5.0000000000000000","New"
"U0455","2024-12-24",7,5,"4",3,"246.00",2,10,"0.83","4.38","52","0.96","65.9230769230769231","70.6923076923076923","4.2500000000000000","4.5000000000000000","Loyal"
"U0055","2024-11-28",33,4,"6",3,"314.00",3,10,"0.97","4.38","84","1.23","84.3095238095238095","90.3095238095238095","4.7500000000000000","4.0000000000000000","At Risk"
"U0580","2024-11-08",53,4,"5",3,"325.00",3,10,"0.52","4.63","82","1.29","93.4146341463414634","91.2682926829268293","5.0000000000000000","4.5000000000000000","Collector"
"U0914","2024-09-07",115,3,"5",3,"385.00",4,10,"0.64","4.00","65","0.96","68.4375000000000000","68.5454545454545455","4.2500000000000000","3.5000000000000000","At Risk"
"U0967","2024-11-17",44,4,"4",3,"316.00",3,10,"0.69","4.00","12","0.23","12.6666666666666667","20.1666666666666667","5.0000000000000000","3.0000000000000000","At Risk"
"U0258","2024-11-24",37,4,"6",3,"354.00",3,10,"0.87","4.50","96","1.23","90.1250000000000000","84.2291666666666667","4.6666666666666667","4.2500000000000000","Loyal"
"U0312","2024-10-15",77,4,"5",3,"335.00",3,10,"0.77","3.88","59","1.05","75.0344827586206897","74.1333333333333333","3.5000000000000000","4.0000000000000000","Loyal"
"U0568","2024-11-17",44,4,"4",2,"276.00",3,9,"0.91","3.50","47","0.98","75.6521739130434783","65.3333333333333333","3.5000000000000000","","Hibernating"
"U0345","2024-09-12",110,3,"5",3,"275.00",3,9,"0.42","2.83","18","0.25","19.4444444444444444","15.8888888888888889","3.5000000000000000","2.5000000000000000","Collector"
"U0232","2024-07-22",162,3,"5",3,"355.00",3,9,"0.53","3.50","15","0.25","21.5714285714285714","13.7500000000000000","3.5000000000000000","3.5000000000000000","Collector"
"U0231","2024-12-03",28,5,"3",2,"197.00",2,9,"0.57","4.17","23","0.47","29.6363636363636364","36.9166666666666667","5.0000000000000000","3.7500000000000000","New"
"U0229","2024-10-14",78,4,"5",3,"235.00",2,9,"0.95","3.60","58","0.96","68.1724137931034483","66.7586206896551724","4.0000000000000000","3.3333333333333333","At Risk"
"U0083","2024-08-29",124,3,"4",3,"296.00",3,9,"0.62","4.50","34","0.52","39.2941176470588235","34.7647058823529412","3.5000000000000000","5.0000000000000000","Loyal"
"U0356","2024-12-07",24,5,"3",2,"217.00",2,9,"0.74","4.17","29","0.48","35.5000000000000000","32.4666666666666667","4.5000000000000000","4.0000000000000000","New"
"U0953","2024-12-14",17,5,"3",2,"197.00",2,9,"0.70","3.50","34","0.95","67.2352941176470588","68.7058823529411765","","3.5000000000000000","New"
"U0956","2024-07-02",182,2,"5",3,"395.00",4,9,"0.38","3.33","48","0.56","44.4166666666666667","35.5833333333333333","3.5000000000000000","3.2500000000000000","Collector"
"U0658","2024-07-16",168,3,"5",3,"355.00",3,9,"0.41","3.70","15","0.21","14.7142857142857143","15.6250000000000000","4.2500000000000000","3.3333333333333333","Collector"
"U0957","2024-12-17",14,5,"4",2,"196.00",2,9,"0.64","3.50","56","1.02","67.8214285714285714","77.1785714285714286","3.5000000000000000","3.5000000000000000","New"
"U0376","2024-08-12",141,3,"5",3,"295.00",3,9,"0.65","3.50","37","0.55","38.1111111111111111","40.2105263157894737","4.2500000000000000","3.0000000000000000","At Risk"
"U0909","2024-11-16",45,4,"4",2,"286.00",3,9,"0.35","3.33","11","0.21","22.6000000000000000","9.1666666666666667","3.7500000000000000","2.5000000000000000","Hibernating"
"U0011","2024-09-18",104,3,"5",3,"355.00",3,9,"0.75","4.38","56","0.97","74.8928571428571429","63.8214285714285714","4.0000000000000000","4.5000000000000000","Loyal"
"U0908","2024-09-11",111,3,"5",3,"315.00",3,9,"0.81","3.90","50","0.92","69.9600000000000000","61.4000000000000000","3.7500000000000000","4.0000000000000000","Loyal"
"U0907","2024-09-04",118,3,"5",3,"335.00",3,9,"0.36","3.38","17","0.24","16.2500000000000000","17.5555555555555556","3.2500000000000000","3.5000000000000000","Collector"
"U0052","2024-07-13",171,3,"5",3,"315.00",3,9,"0.63","3.00","37","0.50","36.7777777777777778","35.1578947368421053","","3.0000000000000000","Loyal"
"U0905","2024-08-19",134,3,"4",3,"276.00",3,9,"0.40","3.00","12","0.21","13.8333333333333333","15.8333333333333333","3.5000000000000000","2.5000000000000000","Collector"
"U0211","2024-12-28",3,5,"3",2,"187.00",2,9,"0.69","3.50","16","0.44","35.7500000000000000","28.0000000000000000","4.0000000000000000","3.0000000000000000","New"
"U0392","2024-10-30",62,4,"4",3,"226.00",2,9,"0.53","4.13","43","1.00","80.0000000000000000","61.9090909090909091","4.2500000000000000","4.0000000000000000","Collector"
"U0898","2024-09-01",121,3,"5",3,"355.00",3,9,"0.67","4.13","40","0.48","34.8500000000000000","33.4500000000000000","5.0000000000000000","3.8333333333333333","At Risk"
"U0401","2024-12-27",4,5,"3",2,"177.00",2,9,"0.87","4.17","32","0.88","66.7500000000000000","57.7500000000000000","4.0000000000000000","4.2500000000000000","New"
"U0407","2024-08-02",151,3,"5",3,"285.00",3,9,"0.36","4.00","19","0.22","15.7777777777777778","14.8000000000000000","4.0000000000000000","4.0000000000000000","Collector"
"U0736","2024-11-16",45,4,"5",3,"235.00",2,9,"0.70","3.75","49","0.95","69.6250000000000000","65.0800000000000000","4.0000000000000000","3.5000000000000000","Loyal"
"U0733","2024-11-07",54,4,"4",3,"236.00",2,9,"0.27","4.00","8","0.25","17.5000000000000000","18.5000000000000000","3.7500000000000000","4.2500000000000000","Collector"
"U0204","2024-11-23",38,4,"4",2,"286.00",3,9,"0.93","4.00","54","0.96","65.8148148148148148","71.1111111111111111","3.7500000000000000","4.5000000000000000","Hibernating"
"U0419","2024-10-26",66,4,"3",2,"267.00",3,9,"0.65","4.33","36","1.08","83.7777777777777778","70.2777777777777778","4.5000000000000000","4.2500000000000000","Hibernating"
"U0422","2024-07-07",177,3,"4",3,"346.00",3,9,"0.41","3.75","10","0.22","13.4000000000000000","17.4000000000000000","5.0000000000000000","2.5000000000000000","Collector"
"U0424","2024-05-25",220,2,"5",3,"425.00",4,9,"0.91","4.00","32","0.47","31.0625000000000000","35.7500000000000000","4.0000000000000000","4.0000000000000000","At Risk"
"U0199","2024-12-17",14,5,"3",2,"207.00",2,9,"0.51","4.00","19","0.41","26.3333333333333333","31.4000000000000000","4.5000000000000000","3.5000000000000000","New"
"U0058","2024-11-07",54,4,"4",3,"256.00",2,9,"0.69","3.63","14","0.27","15.8571428571428571","23.1428571428571429","4.2500000000000000","3.0000000000000000","At Risk"
"U0431","2024-12-19",12,5,"3",2,"217.00",2,9,"0.67","4.00","22","0.47","33.0909090909090909","33.2727272727272727","3.5000000000000000","4.2500000000000000","New"
"U0434","2024-11-20",41,4,"4",2,"276.00",3,9,"0.83","4.13","54","1.04","74.7777777777777778","73.3703703703703704","4.2500000000000000","4.0000000000000000","Hibernating"
"U0436","2024-12-20",11,5,"3",2,"167.00",2,9,"0.90","4.25","12","0.53","40.5000000000000000","35.5000000000000000","","4.2500000000000000","New"
"U0890","2024-11-23",38,4,"4",2,"316.00",3,9,"0.79","3.83","47","1.06","71.6956521739130435","77.8333333333333333","4.5000000000000000","3.5000000000000000","Hibernating"
"U0669","2024-08-11",142,3,"5",3,"265.00",3,9,"0.30","4.00","13","0.25","16.6666666666666667","18.5714285714285714","4.5000000000000000","3.5000000000000000","Collector"
"U0730","2024-11-09",52,4,"5",3,"195.00",2,9,"0.51","3.17","13","0.21","14.6666666666666667","15.2857142857142857","2.5000000000000000","4.5000000000000000","Collector"
"U0448","2024-10-14",78,4,"4",3,"196.00",2,9,"0.54","2.67","13","0.29","21.5000000000000000","19.8571428571428571","2.5000000000000000","3.0000000000000000","Collector"
"U0887","2024-07-09",175,3,"4",3,"266.00",3,9,"0.72","3.25","13","0.24","11.5000000000000000","21.1428571428571429","4.0000000000000000","2.5000000000000000","At Risk"
"U0184","2024-03-17",289,2,"5",3,"415.00",4,9,"0.87","4.50","35","0.52","35.4705882352941176","37.5000000000000000","4.7500000000000000","4.2500000000000000","At Risk"
"U0026","2024-12-16",15,5,"3",2,"187.00",2,9,"0.56","3.75","7","0.53","38.0000000000000000","36.5000000000000000","","3.7500000000000000","New"
"U0178","2024-09-28",94,3,"6",3,"334.00",3,9,"0.95","4.20","64","0.97","68.0625000000000000","69.8125000000000000","4.2500000000000000","4.1666666666666667","Loyal"
"U0886","2024-09-18",104,3,"4",3,"346.00",3,9,"0.83","3.00","54","0.92","63.8888888888888889","66.2222222222222222","3.0000000000000000","","Loyal"
"U0818","2024-12-19",12,5,"3",2,"227.00",2,9,"0.94","4.00","43","0.92","64.6190476190476190","65.0454545454545455","","4.0000000000000000","New"
"U0163","2024-11-27",34,4,"4",2,"356.00",3,9,"0.75","4.00","43","0.91","58.3809523809523810","70.3181818181818182","4.2500000000000000","3.5000000000000000","Hibernating"
"U0481","2024-12-09",22,5,"3",2,"177.00",2,9,"0.91","4.17","11","0.39","25.4000000000000000","30.0000000000000000","4.5000000000000000","4.0000000000000000","New"
"U0483","2024-09-09",113,3,"4",3,"316.00",3,9,"0.56","3.75","8","0.24","13.5000000000000000","21.2500000000000000","3.5000000000000000","4.0000000000000000","Loyal"
"U0493","2024-08-11",142,3,"5",3,"325.00",3,9,"0.83","3.70","42","0.54","39.7142857142857143","37.1428571428571429","3.7500000000000000","3.6666666666666667","Loyal"
"U0021","2024-09-29",93,3,"5",3,"285.00",3,9,"0.83","4.83","66","0.90","65.0606060606060606","62.0303030303030303","5.0000000000000000","4.7500000000000000","Loyal"
"U0155","2024-12-05",26,5,"3",2,"177.00",2,9,"0.70","4.00","16","0.60","48.0000000000000000","38.1250000000000000","4.5000000000000000","3.7500000000000000","New"
"U0814","2024-11-25",36,4,"5",3,"245.00",2,9,"0.88","4.17","66","1.03","75.5151515151515152","71.6060606060606061","3.5000000000000000","4.5000000000000000","Loyal"
"U0832","2024-10-01",91,3,"4",3,"296.00",3,9,"0.81","3.83","39","1.00","66.0526315789473684","75.3000000000000000","3.5000000000000000","4.5000000000000000","Loyal"
"U0504","2024-08-02",151,3,"5",3,"325.00",3,9,"0.68","3.75","48","0.52","37.7916666666666667","36.0000000000000000","3.0000000000000000","4.5000000000000000","Loyal"
"U0974","2024-11-21",40,4,"4",2,"296.00",3,9,"0.98","4.50","47","1.10","74.8695652173913043","82.3333333333333333","4.5000000000000000","","Hibernating"
"U0831","2024-07-26",158,3,"6",3,"334.00",3,9,"0.63","3.25","17","0.28","19.0000000000000000","20.4444444444444444","3.5000000000000000","3.0000000000000000","Loyal"
"U0143","2024-09-08",114,3,"4",3,"266.00",3,9,"0.64","4.00","45","1.02","79.6818181818181818","65.7826086956521739","4.0000000000000000","4.0000000000000000","Loyal"
"U0984","2024-08-19",134,3,"5",3,"355.00",3,9,"0.80","3.25","44","0.50","34.7727272727272727","36.6818181818181818","3.2500000000000000","3.2500000000000000","Loyal"
"U0520","2024-09-26",96,3,"5",3,"345.00",3,9,"0.38","2.83","11","0.21","14.0000000000000000","16.0000000000000000","3.0000000000000000","2.7500000000000000","Collector"
"U0977","2024-12-11",20,5,"3",2,"177.00",2,9,"0.40","3.83","4","0.55","42.0000000000000000","36.5000000000000000","3.0000000000000000","4.2500000000000000","New"
"U0875","2024-12-23",8,5,"3",2,"197.00",2,9,"0.53","4.00","11","0.31","24.4000000000000000","20.5000000000000000","","4.0000000000000000","New"
"U0830","2024-12-07",24,5,"3",2,"217.00",2,9,"0.63","5.00","15","0.42","26.7142857142857143","32.2500000000000000","","5.0000000000000000","New"
"U0131","2024-12-02",29,5,"3",2,"237.00",2,9,"0.63","4.25","14","0.37","27.7142857142857143","24.8571428571428571","4.0000000000000000","4.5000000000000000","New"
"U0533","2024-12-21",10,5,"3",2,"167.00",2,9,"0.86","4.00","39","1.06","75.6842105263157895","72.9500000000000000","","4.0000000000000000","New"
"U0535","2024-08-26",127,3,"5",3,"335.00",3,9,"0.70","4.13","44","0.52","36.3181818181818182","37.5000000000000000","3.5000000000000000","4.3333333333333333","Loyal"
"U0536","2024-12-11",20,5,"3",2,"167.00",2,9,"0.81","3.50","33","1.03","71.3750000000000000","74.1176470588235294","3.0000000000000000","3.7500000000000000","New"
"U0538","2024-09-08",114,3,"4",3,"296.00",3,9,"0.76","4.00","44","0.97","59.2727272727272727","79.1818181818181818","4.0000000000000000","4.0000000000000000","Loyal"
"U0125","2024-10-06",86,4,"4",2,"296.00",3,9,"0.94","4.25","44","0.91","68.5909090909090909","59.9090909090909091","4.0000000000000000","4.5000000000000000","Hibernating"
"U0722","2024-08-25",128,3,"5",3,"285.00",3,9,"0.54","3.75","33","0.50","37.5000000000000000","33.2941176470588235","3.5000000000000000","4.0000000000000000","Collector"
"U0721","2024-12-15",16,5,"4",2,"206.00",2,9,"0.93","4.00","44","1.08","83.5000000000000000","70.0909090909090909","","4.0000000000000000","New"
"U0552","2024-12-15",16,5,"3",2,"197.00",2,9,"0.59","4.25","19","0.50","34.4444444444444444","35.8000000000000000","","4.2500000000000000","New"
"U0108","2024-11-21",40,4,"4",3,"246.00",2,9,"0.65","4.00","59","1.01","71.2068965517241379","72.1333333333333333","4.0000000000000000","4.0000000000000000","Loyal"
"U0862","2024-07-07",177,3,"5",3,"345.00",3,9,"0.64","3.38","37","0.55","37.6111111111111111","40.5263157894736842","3.5000000000000000","3.2500000000000000","Loyal"
"U0107","2024-12-02",29,5,"3",2,"237.00",2,9,"0.46","4.00","24","0.46","31.5000000000000000","35.0833333333333333","","4.0000000000000000","New"
"U0567","2024-12-13",18,5,"4",2,"196.00",2,9,"0.93","3.75","49","0.92","62.8750000000000000","68.4800000000000000","3.5000000000000000","4.0000000000000000","New"
"U0103","2024-12-29",2,5,"3",2,"207.00",2,9,"0.59","3.50","5","0.50","24.5000000000000000","42.6666666666666667","","3.5000000000000000","New"
"U0572","2024-08-28",125,3,"5",3,"305.00",3,9,"0.32","3.40","16","0.24","19.0000000000000000","15.7500000000000000","2.5000000000000000","4.0000000000000000","Collector"
"U0578","2024-12-06",25,5,"4",2,"216.00",2,9,"0.33","4.25","56","0.96","70.9642857142857143","65.9285714285714286","","4.2500000000000000","New"
"U0096","2024-12-19",12,5,"3",2,"197.00",2,9,"0.57","4.17","20","0.51","34.9000000000000000","37.3000000000000000","4.0000000000000000","4.2500000000000000","New"
"U0581","2024-08-11",142,3,"4",3,"276.00",3,9,"0.67","3.75","24","0.50","36.2500000000000000","35.0833333333333333","4.5000000000000000","3.0000000000000000","At Risk"
"U0094","2024-08-17",136,3,"5",3,"345.00",3,9,"0.52","3.25","9","0.25","16.5000000000000000","18.8000000000000000","3.0000000000000000","3.5000000000000000","Collector"
"U0586","2024-12-10",21,5,"3",2,"227.00",2,9,"0.57","4.00","16","0.51","42.8750000000000000","28.8750000000000000","3.5000000000000000","4.2500000000000000","New"
"U0797","2024-05-09",236,2,"5",3,"365.00",4,9,"0.74","3.67","44","0.53","38.7727272727272727","37.3181818181818182","3.0000000000000000","4.0000000000000000","At Risk"
"U0793","2024-09-30",92,3,"5",3,"325.00",3,9,"0.87","4.13","59","1.05","83.9310344827586207","66.9333333333333333","3.7500000000000000","4.5000000000000000","Loyal"
"U0788","2024-11-04",57,4,"4",3,"246.00",2,9,"0.90","4.17","45","1.10","69.0909090909090909","85.0000000000000000","4.0000000000000000","4.2500000000000000","Loyal"
"U0706","2024-07-26",158,3,"5",3,"345.00",3,9,"0.72","3.63","18","0.23","14.4444444444444444","18.3333333333333333","2.5000000000000000","4.0000000000000000","Loyal"
"U0602","2024-12-27",4,5,"4",2,"196.00",2,9,"0.75","4.13","59","0.93","65.6206896551724138","67.3000000000000000","4.2500000000000000","4.0000000000000000","New"
"U0603","2024-09-29",93,3,"5",3,"355.00",3,9,"0.84","4.33","68","0.99","71.4117647058823529","68.6764705882352941","4.0000000000000000","4.5000000000000000","Loyal"
"U0613","2024-12-25",6,5,"3",2,"187.00",2,9,"0.87","","37","1.06","70.1111111111111111","80.1052631578947368","","","New"
"U0803","2024-07-07",177,3,"5",3,"335.00",3,9,"0.62","3.17","37","0.47","36.2777777777777778","30.4736842105263158","","3.1666666666666667","Loyal"
"U0848","2024-08-09",144,3,"4",3,"316.00",3,9,"0.55","3.75","15","0.24","15.2857142857142857","18.6250000000000000","3.7500000000000000","","Loyal"
"U0091","2024-12-11",20,5,"3",2,"197.00",2,9,"0.83","3.75","26","1.12","78.9230769230769231","78.4615384615384615","4.5000000000000000","3.0000000000000000","New"
"U0712","2024-12-27",4,5,"3",2,"237.00",2,9,"0.61","3.50","8","0.58","33.5000000000000000","48.7500000000000000","3.5000000000000000","","New"
"U0809","2024-12-10",21,5,"4",2,"256.00",2,9,"0.88","3.88","49","1.03","79.1666666666666667","66.2800000000000000","4.0000000000000000","3.7500000000000000","New"
"U0843","2024-09-16",106,3,"5",3,"305.00",3,9,"0.86","4.20","53","0.99","74.1923076923076923","66.4444444444444444","4.7500000000000000","3.8333333333333333","At Risk"
"U0637","2024-10-30",62,4,"4",2,"296.00",3,9,"0.29","3.25","8","0.23","17.2500000000000000","15.7500000000000000","3.5000000000000000","3.0000000000000000","Hibernating"
"U0839","2024-10-02",90,4,"5",3,"255.00",2,9,"0.79","3.60","69","1.03","78.4705882352941176","67.8857142857142857","3.5000000000000000","3.6666666666666667","Loyal"
"U0642","2024-09-13",109,3,"5",3,"265.00",3,9,"0.86","4.25","70","1.05","74.5714285714285714","75.6857142857142857","4.5000000000000000","4.0000000000000000","Loyal"
"U0745","2024-09-26",96,3,"5",3,"315.00",3,9,"0.41","3.17","19","0.29","19.0000000000000000","21.3000000000000000","3.0000000000000000","3.2500000000000000","Collector"
"U0282","2024-08-24",129,3,"5",3,"275.00",3,9,"0.39","3.30","19","0.27","17.7777777777777778","20.2000000000000000","3.0000000000000000","3.5000000000000000","Collector"
"U0930","2024-12-27",4,5,"3",2,"187.00",2,9,"0.45","4.25","17","0.38","27.7500000000000000","27.2222222222222222","4.5000000000000000","4.0000000000000000","New"
"U0939","2024-12-05",26,5,"4",2,"216.00",2,9,"0.95","4.17","50","0.88","63.8400000000000000","60.7600000000000000","4.0000000000000000","4.2500000000000000","New"
"U0836","2024-08-10",143,3,"4",3,"276.00",3,9,"0.38","3.25","15","0.22","18.0000000000000000","13.2500000000000000","","3.2500000000000000","Collector"
"U0650","2024-12-24",7,5,"3",2,"177.00",2,9,"0.73","4.25","15","0.50","33.4285714285714286","35.7500000000000000","4.5000000000000000","4.0000000000000000","New"
"U0310","2024-09-07",115,3,"5",3,"315.00",3,9,"0.85","3.80","69","1.00","70.0588235294117647","71.3428571428571429","3.7500000000000000","3.8333333333333333","Loyal"
"U0942","2024-09-15",107,3,"5",3,"285.00",3,9,"0.81","4.33","61","1.07","82.6000000000000000","70.5806451612903226","4.0000000000000000","4.5000000000000000","Loyal"
"U0739","2024-12-29",2,5,"3",2,"217.00",2,9,"0.47","4.17","20","0.47","31.5000000000000000","34.3000000000000000","5.0000000000000000","3.7500000000000000","New"
"U0318","2024-09-29",93,3,"4",3,"266.00",3,9,"0.69","4.00","42","0.96","75.0476190476190476","60.3333333333333333","","4.0000000000000000","Loyal"
"U0248","2024-04-20",255,2,"5",3,"365.00",4,9,"0.97","4.17","46","0.54","37.6521739130434783","40.0434782608695652","4.5000000000000000","4.0000000000000000","At Risk"
"U0035","2024-07-10",174,3,"5",3,"325.00",3,9,"0.61","3.00","8","0.34","26.0000000000000000","21.5000000000000000","2.5000000000000000","3.1666666666666667","Loyal"
"U0738","2024-12-14",17,5,"4",2,"186.00",2,9,"0.82","3.75","54","1.03","68.2592592592592593","78.4814814814814815","3.5000000000000000","4.0000000000000000","New"
"U0032","2024-09-19",103,3,"4",3,"286.00",3,9,"0.95","4.00","49","1.11","78.6666666666666667","79.2800000000000000","4.0000000000000000","4.0000000000000000","Loyal"
"U0112","2024-04-03",272,2,"5",3,"325.00",3,8,"0.68","4.25","47","0.50","36.5652173913043478","35.0416666666666667","","4.2500000000000000","At Risk"
"U0127","2024-02-02",333,2,"5",3,"295.00",3,8,"0.69","4.17","36","0.48","31.6666666666666667","36.0555555555555556","4.0000000000000000","4.2500000000000000","At Risk"
"U0352","2024-07-07",177,3,"5",3,"245.00",2,8,"0.51","3.50","17","0.27","21.3750000000000000","17.1111111111111111","3.5000000000000000","3.5000000000000000","Collector"
"U0998","2024-12-29",2,5,"3",2,"117.00",1,8,"0.81","3.83","20","0.47","43.3000000000000000","24.5000000000000000","3.5000000000000000","4.0000000000000000","New"
"U0709","2024-03-06",300,2,"5",3,"345.00",3,8,"0.79","3.50","35","0.53","39.4705882352941176","36.5000000000000000","4.0000000000000000","3.0000000000000000","At Risk"
"U0396","2024-08-18",135,3,"4",3,"246.00",2,8,"0.79","3.83","10","0.18","13.6000000000000000","12.4000000000000000","3.5000000000000000","4.5000000000000000","Loyal"
"U0621","2024-05-11",234,2,"5",3,"285.00",3,8,"0.77","3.50","49","0.49","36.9583333333333333","33.0000000000000000","3.5000000000000000","3.5000000000000000","At Risk"
"U0901","2024-09-22",100,3,"4",2,"266.00",3,8,"0.92","4.17","49","0.96","73.0000000000000000","62.7600000000000000","4.0000000000000000","4.5000000000000000","Hibernating"
"U0804","2024-07-09",175,3,"4",2,"306.00",3,8,"0.47","3.88","29","0.54","36.1428571428571429","41.0000000000000000","3.7500000000000000","4.0000000000000000","Hibernating"
"U0128","2024-08-10",143,3,"4",3,"246.00",2,8,"0.89","3.75","30","0.55","33.3333333333333333","44.8666666666666667","3.5000000000000000","4.0000000000000000","Loyal"
"U0874","2024-12-28",3,5,"3",2,"147.00",1,8,"0.66","4.00","15","0.50","31.7142857142857143","38.3750000000000000","4.0000000000000000","","New"
"U0822","2024-11-11",50,4,"4",2,"216.00",2,8,"0.60","3.00","11","0.26","20.6000000000000000","17.0000000000000000","3.5000000000000000","2.5000000000000000","Hibernating"
"U0526","2024-09-16",106,3,"4",3,"246.00",2,8,"0.72","3.63","48","1.08","76.0833333333333333","77.7083333333333333","4.2500000000000000","3.0000000000000000","At Risk"
"U0135","2024-11-16",45,4,"3",2,"177.00",2,8,"0.57","4.33","41","0.95","65.9500000000000000","68.9523809523809524","4.0000000000000000","4.5000000000000000","Hibernating"
"U0524","2024-11-25",36,4,"3",2,"187.00",2,8,"0.83","4.17","36","0.98","74.7222222222222222","64.2222222222222222","4.0000000000000000","4.2500000000000000","Hibernating"
"U0678","2024-07-25",159,3,"4",2,"306.00",3,8,"0.65","3.50","28","0.52","39.6428571428571429","33.3571428571428571","","3.5000000000000000","Hibernating"
"U0250","2024-09-18",104,3,"4",2,"266.00",3,8,"0.82","2.75","47","0.99","76.0000000000000000","64.4166666666666667","3.0000000000000000","2.5000000000000000","Hibernating"
"U0351","2024-08-04",149,3,"5",3,"205.00",2,8,"0.61","3.25","11","0.24","17.0000000000000000","16.6666666666666667","4.0000000000000000","2.5000000000000000","At Risk"
"U0737","2024-05-31",214,2,"5",3,"285.00",3,8,"0.92","3.67","37","0.52","35.8888888888888889","38.2631578947368421","3.5000000000000000","4.0000000000000000","At Risk"
"U0514","2024-11-19",42,4,"4",2,"206.00",2,8,"0.90","4.17","45","0.95","70.0454545454545455","65.2173913043478261","4.2500000000000000","4.0000000000000000","Hibernating"
"U0841","2024-12-05",26,5,"2",1,"168.00",2,8,"0.23","5.00","9","0.51","35.7500000000000000","36.6000000000000000","5.0000000000000000","","New"
"U0812","2024-08-10",143,3,"4",3,"176.00",2,8,"0.71","3.50","10","0.24","16.0000000000000000","18.6000000000000000","3.5000000000000000","3.5000000000000000","Loyal"
"U0390","2024-08-26",127,3,"3",2,"267.00",3,8,"0.57","4.00","29","0.50","37.5000000000000000","33.6666666666666667","4.0000000000000000","","Hibernating"
"U0976","2024-10-29",63,4,"4",2,"236.00",2,8,"0.77","4.33","39","1.05","78.0000000000000000","71.6000000000000000","4.5000000000000000","4.0000000000000000","Hibernating"
"U0662","2024-11-20",41,4,"3",2,"217.00",2,8,"0.94","4.00","39","0.92","67.8947368421052632","65.2000000000000000","","4.0000000000000000","Hibernating"
"U0509","2024-10-28",64,4,"4",2,"216.00",2,8,"0.75","3.75","47","0.95","59.1304347826086957","77.3333333333333333","3.7500000000000000","","Hibernating"
"U0641","2024-07-29",155,3,"4",3,"246.00",2,8,"0.67","4.00","32","0.55","37.2500000000000000","41.0000000000000000","5.0000000000000000","3.5000000000000000","At Risk"
"U0384","2024-12-05",26,5,"3",2,"157.00",1,8,"0.80","4.00","38","1.09","78.5263157894736842","76.9473684210526316","4.0000000000000000","4.0000000000000000","New"
"U0502","2024-12-03",28,5,"3",1,"217.00",2,8,"0.54","4.00","16","0.48","34.5000000000000000","33.0000000000000000","4.0000000000000000","4.0000000000000000","New"
"U0156","2024-12-27",4,5,"3",2,"157.00",1,8,"0.95","4.00","27","1.06","79.3846153846153846","72.5000000000000000","4.0000000000000000","","New"
"U0698","2024-12-26",5,5,"3",2,"137.00",1,8,"0.76","4.00","20","0.46","35.2000000000000000","29.5000000000000000","","4.0000000000000000","New"
"U0050","2024-09-15",107,3,"3",2,"267.00",3,8,"0.41","","31","0.99","66.5333333333333333","75.2500000000000000","","","Hibernating"
"U0328","2024-07-13",171,3,"4",2,"276.00",3,8,"0.63","4.17","34","0.53","37.1176470588235294","38.2352941176470588","5.0000000000000000","3.7500000000000000","Hibernating"
"U0490","2024-03-25",281,2,"5",3,"275.00",3,8,"0.68","3.50","36","0.56","39.7777777777777778","39.8333333333333333","3.5000000000000000","3.5000000000000000","At Risk"
"U0488","2024-03-07",299,2,"5",3,"335.00",3,8,"0.81","3.25","41","0.58","39.5500000000000000","42.1904761904761905","3.5000000000000000","3.0000000000000000","At Risk"
"U0837","2024-07-03",181,2,"4",3,"296.00",3,8,"0.70","4.00","19","0.46","28.4444444444444444","35.9000000000000000","3.5000000000000000","4.2500000000000000","At Risk"
"U0484","2024-05-12",233,2,"5",3,"355.00",3,8,"0.68","3.13","55","0.54","39.7777777777777778","37.7500000000000000","3.5000000000000000","3.0000000000000000","At Risk"
"U0934","2024-10-27",65,4,"3",2,"207.00",2,8,"0.60","4.00","37","0.90","67.7222222222222222","60.8421052631578947","","4.0000000000000000","Hibernating"
"U0022","2024-04-30",245,2,"5",3,"335.00",3,8,"0.52","3.90","42","0.51","37.3809523809523810","34.6666666666666667","4.5000000000000000","3.5000000000000000","Collector"
"U0161","2024-11-02",59,4,"3",2,"237.00",2,8,"0.88","4.50","28","0.95","73.5000000000000000","62.4285714285714286","5.0000000000000000","4.2500000000000000","Hibernating"
"U0023","2024-12-01",30,5,"3",2,"147.00",1,8,"0.76","4.00","14","0.48","33.5714285714285714","35.0000000000000000","4.0000000000000000","4.0000000000000000","New"
"U0728","2024-12-15",16,5,"2",1,"178.00",2,8,"0.94","4.50","17","0.51","42.0000000000000000","31.5555555555555556","4.5000000000000000","","New"
"U0025","2024-12-22",9,5,"3",1,"207.00",2,8,"0.56","3.67","15","0.46","28.4285714285714286","36.7500000000000000","3.5000000000000000","3.7500000000000000","New"
"U0968","2024-12-25",6,5,"3",2,"147.00",1,8,"0.60","4.00","21","0.41","29.4000000000000000","28.1818181818181818","4.0000000000000000","","New"
"U0181","2024-07-22",162,3,"4",2,"256.00",3,8,"0.20","3.50","10","0.25","17.4000000000000000","18.2000000000000000","3.5000000000000000","3.5000000000000000","Hibernating"
"U0457","2024-10-03",89,4,"4",2,"216.00",2,8,"0.53","3.83","52","0.96","67.0000000000000000","69.7692307692307692","3.7500000000000000","4.0000000000000000","Hibernating"
"U0339","2024-10-28",64,4,"3",2,"167.00",2,8,"0.90","4.50","31","1.06","77.0000000000000000","73.6875000000000000","4.5000000000000000","4.5000000000000000","Hibernating"
"U0453","2024-09-27",95,3,"4",2,"326.00",3,8,"0.44","3.88","12","0.26","18.0000000000000000","18.5000000000000000","4.2500000000000000","3.5000000000000000","Hibernating"
"U0954","2024-06-12",202,2,"5",3,"285.00",3,8,"0.62","4.17","47","0.54","41.9565217391304348","33.8750000000000000","4.5000000000000000","4.0000000000000000","At Risk"
"U0925","2024-10-25",67,4,"4",2,"186.00",2,8,"0.57","3.50","9","0.20","19.0000000000000000","10.0000000000000000","","3.5000000000000000","Hibernating"
"U0451","2024-10-10",82,4,"3",2,"227.00",2,8,"0.51","4.67","31","0.92","69.7333333333333333","61.0000000000000000","5.0000000000000000","4.5000000000000000","Hibernating"
"U0445","2024-09-28",94,3,"4",3,"256.00",2,8,"0.89","4.17","53","1.05","86.4230769230769231","64.4444444444444444","4.0000000000000000","4.5000000000000000","At Risk"
"U0443","2024-09-18",104,3,"4",2,"346.00",3,8,"0.78","4.25","53","0.97","62.4615384615384615","75.2222222222222222","4.0000000000000000","4.5000000000000000","Hibernating"
"U0916","2024-12-22",9,5,"2",1,"198.00",2,8,"0.74","4.50","6","0.51","30.6666666666666667","43.0000000000000000","4.5000000000000000","4.5000000000000000","New"
"U0028","2024-11-22",39,4,"4",2,"216.00",2,8,"0.76","4.25","55","0.89","66.0370370370370370","60.7857142857142857","4.2500000000000000","4.2500000000000000","Hibernating"
"U0265","2024-07-15",169,3,"4",3,"206.00",2,8,"0.62","","36","0.54","36.3333333333333333","40.1111111111111111","","","Loyal"
"U0432","2024-11-19",42,4,"4",2,"226.00",2,8,"0.73","3.33","9","0.22","12.0000000000000000","18.4000000000000000","4.0000000000000000","3.0000000000000000","Hibernating"
"U0894","2024-10-14",78,4,"4",2,"196.00",2,8,"0.54","4.00","51","0.98","70.7600000000000000","68.6153846153846154","4.5000000000000000","3.5000000000000000","Hibernating"
"U0428","2024-04-04",271,2,"5",3,"345.00",3,8,"0.42","3.75","41","0.53","39.4500000000000000","36.8571428571428571","3.7500000000000000","3.7500000000000000","Collector"
"U0584","2024-09-16",106,3,"4",2,"306.00",3,8,"0.71","4.00","46","1.02","68.1739130434782609","78.7391304347826087","4.0000000000000000","4.0000000000000000","Hibernating"
"U0796","2024-02-01",334,2,"4",3,"296.00",3,8,"0.72","3.83","28","0.52","34.7857142857142857","39.3571428571428571","3.5000000000000000","4.0000000000000000","At Risk"
"U0333","2024-07-25",159,3,"3",2,"257.00",3,8,"0.87","3.50","18","0.47","36.8888888888888889","31.3333333333333333","2.5000000000000000","4.5000000000000000","Hibernating"
"U0816","2024-10-16",76,4,"3",2,"197.00",2,8,"0.94","4.25","35","1.05","64.4117647058823529","84.2777777777777778","","4.2500000000000000","Hibernating"
"U0716","2024-12-27",4,5,"3",2,"157.00",1,8,"0.60","3.75","10","0.49","36.8000000000000000","32.2000000000000000","3.5000000000000000","4.0000000000000000","New"
"U0589","2024-03-19",287,2,"5",3,"325.00",3,8,"0.87","3.75","39","0.57","39.7894736842105263","40.7000000000000000","3.7500000000000000","3.7500000000000000","At Risk"
"U0590","2024-12-30",1,5,"2",1,"168.00",2,8,"0.56","4.50","4","0.54","36.5000000000000000","39.5000000000000000","","4.5000000000000000","New"
"U0856","2024-09-30",92,3,"4",2,"266.00",3,8,"0.72","4.33","42","1.06","76.9047619047619048","74.6666666666666667","3.5000000000000000","4.7500000000000000","Hibernating"
"U0858","2024-09-27",95,3,"4",2,"336.00",3,8,"0.77","4.00","49","0.88","64.9583333333333333","60.4000000000000000","4.0000000000000000","4.0000000000000000","Hibernating"
"U0006","2024-07-15",169,3,"5",3,"245.00",2,8,"0.89","3.25","41","0.50","32.8000000000000000","37.5714285714285714","2.5000000000000000","4.0000000000000000","Loyal"
"U0030","2024-06-17",197,2,"5",3,"265.00",3,8,"0.50","3.70","40","0.53","39.7500000000000000","35.7500000000000000","3.2500000000000000","4.0000000000000000","Collector"
"U0203","2024-07-20",164,3,"4",3,"246.00",2,8,"0.52","3.13","12","0.26","16.3333333333333333","20.3333333333333333","3.0000000000000000","3.2500000000000000","Collector"
"U0789","2024-12-24",7,5,"2",1,"168.00",2,8,"0.78","4.00","9","0.41","20.2500000000000000","35.2000000000000000","","4.0000000000000000","New"
"U0574","2024-11-22",39,4,"3",2,"167.00",2,8,"0.83","4.33","34","0.97","75.8235294117647059","60.4117647058823529","4.0000000000000000","4.5000000000000000","Hibernating"
"U0420","2024-10-10",82,4,"4",2,"226.00",2,8,"0.90","4.50","48","0.91","62.1666666666666667","66.9166666666666667","4.5000000000000000","4.5000000000000000","Hibernating"
"U0599","2024-11-08",53,4,"3",2,"207.00",2,8,"0.59","3.25","44","0.99","71.0909090909090909","68.0454545454545455","3.5000000000000000","3.0000000000000000","Hibernating"
"U0859","2024-12-13",18,5,"2",1,"168.00",2,8,"0.15","","14","0.50","45.8571428571428571","24.7142857142857143","","","New"
"U0651","2024-12-03",28,5,"3",2,"147.00",1,8,"0.58","3.50","39","1.02","64.4736842105263158","80.7500000000000000","3.5000000000000000","3.5000000000000000","New"
"U0355","2024-11-03",58,4,"3",2,"197.00",2,8,"0.55","4.25","38","1.01","69.1052631578947368","74.6842105263157895","4.0000000000000000","4.5000000000000000","Hibernating"
"U0342","2024-12-17",14,5,"2",1,"188.00",2,8,"0.37","5.00","4","0.58","46.5000000000000000","35.5000000000000000","5.0000000000000000","","New"
"U0570","2024-10-17",75,4,"3",2,"197.00",2,8,"0.52","3.83","35","0.97","73.5882352941176471","66.2222222222222222","3.5000000000000000","4.0000000000000000","Hibernating"
"U0233","2024-10-30",62,4,"3",2,"227.00",2,8,"0.68","4.75","36","1.06","74.6111111111111111","76.3333333333333333","4.5000000000000000","5.0000000000000000","Hibernating"
"U0104","2024-08-18",135,3,"4",3,"236.00",2,8,"0.84","3.83","32","0.46","33.5000000000000000","32.3125000000000000","4.0000000000000000","3.7500000000000000","Loyal"
"U0012","2024-10-14",78,4,"3",2,"197.00",2,8,"0.77","4.75","39","0.96","72.0000000000000000","65.1000000000000000","","4.7500000000000000","Hibernating"
"U0776","2024-11-22",39,4,"3",2,"217.00",2,8,"0.36","4.00","39","0.93","62.4736842105263158","69.4500000000000000","","4.0000000000000000","Hibernating"
"U0718","2024-05-18",227,2,"5",3,"325.00",3,8,"0.54","2.67","50","0.53","39.2000000000000000","36.6800000000000000","2.7500000000000000","2.5000000000000000","Collector"
"U0694","2024-05-20",225,2,"5",3,"335.00",3,8,"0.68","3.80","50","0.52","38.0400000000000000","36.7200000000000000","3.5000000000000000","4.0000000000000000","At Risk"
"U0015","2024-10-18",74,4,"3",2,"227.00",2,8,"0.66","3.17","40","0.95","75.7500000000000000","58.0500000000000000","3.5000000000000000","3.0000000000000000","Hibernating"
"U0555","2024-12-04",27,5,"2",1,"178.00",2,8,"0.83","3.50","12","0.60","40.1666666666666667","45.8333333333333333","3.5000000000000000","","New"
"U0961","2024-08-12",141,3,"5",3,"235.00",2,8,"0.67","4.33","15","0.32","18.4285714285714286","25.7500000000000000","4.0000000000000000","4.5000000000000000","Loyal"
"U0719","2024-11-12",49,4,"3",2,"227.00",2,8,"0.89","4.00","40","0.95","65.3500000000000000","72.2000000000000000","3.5000000000000000","4.2500000000000000","Hibernating"
"U1000","2024-09-11",111,3,"3",2,"217.00",2,7,"0.80","3.50","41","1.00","74.4000000000000000","68.9047619047619048","3.5000000000000000","","Hibernating"
"U0008","2024-12-12",19,5,"1",1,"49.00",1,7,"0.99","4.50","10","0.56","37.4000000000000000","42.8000000000000000","","4.5000000000000000","New"
"U0020","2024-02-19",316,2,"4",2,"326.00",3,7,"0.74","4.00","19","0.49","32.0000000000000000","38.0000000000000000","","4.0000000000000000","Hibernating"
"U0046","2024-08-24",129,3,"3",2,"247.00",2,7,"0.92","4.17","23","0.56","40.7272727272727273","39.5833333333333333","4.5000000000000000","4.0000000000000000","Hibernating"
"U0063","2024-07-04",180,3,"3",2,"207.00",2,7,"0.65","4.25","21","0.53","34.9000000000000000","40.4545454545454545","5.0000000000000000","3.5000000000000000","Hibernating"
"U0074","2024-12-23",8,5,"1",1,"49.00",1,7,"0.37","4.00","7","0.36","34.6666666666666667","19.2500000000000000","","4.0000000000000000","New"
"U0076","2024-12-13",18,5,"2",1,"98.00",1,7,"0.68","","8","0.39","25.2500000000000000","30.7500000000000000","","","New"
"U0077","2024-12-28",3,5,"1",1,"79.00",1,7,"0.80","3.50","7","0.50","45.6666666666666667","28.0000000000000000","","3.5000000000000000","New"
"U0082","2024-12-13",18,5,"1",1,"89.00",1,7,"0.69","5.00","9","0.51","23.2500000000000000","46.8000000000000000","","5.0000000000000000","New"
"U0084","2024-12-07",24,5,"2",1,"158.00",1,7,"0.32","4.00","10","0.46","29.8000000000000000","35.8000000000000000","4.0000000000000000","","New"
"U0087","2024-12-19",12,5,"2",1,"98.00",1,7,"0.92","","10","0.56","42.8000000000000000","36.8000000000000000","","","New"
"U0089","2024-12-06",25,5,"1",1,"89.00",1,7,"0.23","","1","0.58","","41.0000000000000000","","","New"
"U0092","2024-08-16",137,3,"4",2,"246.00",2,7,"0.75","5.00","36","0.51","34.2222222222222222","37.6666666666666667","5.0000000000000000","","Hibernating"
"U0095","2024-10-14",78,4,"3",2,"147.00",1,7,"0.80","4.25","39","1.00","70.7894736842105263","72.1500000000000000","4.0000000000000000","4.5000000000000000","Hibernating"
"U0110","2024-12-20",11,5,"2",1,"148.00",1,7,"0.30","3.75","6","0.27","26.0000000000000000","12.0000000000000000","3.5000000000000000","4.0000000000000000","New"
"U0114","2024-12-15",16,5,"1",1,"79.00",1,7,"0.43","4.50","9","0.51","42.7500000000000000","29.6000000000000000","","4.5000000000000000","New"
"U0119","2024-12-22",9,5,"2",1,"158.00",1,7,"0.20","","9","0.46","39.2500000000000000","26.6000000000000000","","","New"
"U0121","2024-12-02",29,5,"2",1,"128.00",1,7,"0.64","4.00","5","0.57","38.5000000000000000","42.6666666666666667","4.0000000000000000","4.0000000000000000","New"
"U0126","2024-01-29",337,2,"4",2,"256.00",3,7,"0.76","3.00","30","0.54","40.9333333333333333","35.4666666666666667","3.0000000000000000","","Hibernating"
"U0141","2024-07-26",158,3,"4",2,"246.00",2,7,"0.75","4.13","36","0.51","40.9444444444444444","32.1111111111111111","4.5000000000000000","3.7500000000000000","Hibernating"
"U0157","2024-08-28",125,3,"4",2,"206.00",2,7,"0.64","3.33","8","0.24","12.2500000000000000","21.2500000000000000","4.0000000000000000","2.0000000000000000","Hibernating"
"U0159","2024-09-22",100,3,"4",2,"256.00",2,7,"0.93","3.75","44","0.89","66.8181818181818182","60.2272727272727273","3.7500000000000000","","Hibernating"
"U0162","2024-05-09",236,2,"4",2,"296.00",3,7,"0.68","4.25","32","0.52","37.6250000000000000","35.6875000000000000","4.2500000000000000","4.2500000000000000","Hibernating"
"U0166","2024-12-06",25,5,"1",1,"89.00",1,7,"0.97","5.00","3","0.55","18.0000000000000000","49.0000000000000000","","5.0000000000000000","New"
"U0172","2024-12-14",17,5,"1",1,"79.00",1,7,"0.94","4.50","7","0.52","47.0000000000000000","28.0000000000000000","","4.5000000000000000","New"
"U0179","2024-09-26",96,3,"4",2,"236.00",2,7,"0.56","3.88","46","0.92","62.0869565217391304","68.3478260869565217","3.5000000000000000","4.2500000000000000","Hibernating"
"U0188","2024-12-21",10,5,"1",1,"49.00",1,7,"0.82","3.50","10","0.63","45.0000000000000000","44.8000000000000000","","3.5000000000000000","New"
"U0191","2024-12-19",12,5,"2",1,"98.00",1,7,"0.77","4.25","13","0.54","35.5000000000000000","39.7142857142857143","4.0000000000000000","4.5000000000000000","New"
"U0194","2024-01-30",336,2,"4",3,"256.00",2,7,"0.51","4.00","31","0.51","33.4666666666666667","39.5625000000000000","3.5000000000000000","4.2500000000000000","Collector"
"U0200","2024-12-20",11,5,"1",1,"29.00",1,7,"0.74","","10","0.47","32.4000000000000000","34.8000000000000000","","","New"
"U0207","2024-12-05",26,5,"1",1,"29.00",1,7,"0.54","4.00","2","0.48","18.0000000000000000","50.0000000000000000","","4.0000000000000000","New"
"U0237","2024-09-04",118,3,"3",2,"177.00",2,7,"0.77","3.33","38","0.99","63.8947368421052632","76.5263157894736842","3.0000000000000000","3.5000000000000000","Hibernating"
"U0243","2024-12-20",11,5,"1",1,"39.00",1,7,"1.00","4.00","9","0.48","35.7500000000000000","32.8000000000000000","","4.0000000000000000","New"
"U0244","2024-08-21",132,3,"4",2,"246.00",2,7,"0.86","4.00","28","0.58","43.4285714285714286","38.6428571428571429","","4.0000000000000000","Hibernating"
"U0247","2024-12-24",7,5,"1",1,"99.00",1,7,"0.37","","1","0.76","","55.0000000000000000","","","New"
"U0257","2024-09-24",98,3,"4",2,"256.00",2,7,"0.68","4.00","51","0.98","67.6800000000000000","71.1923076923076923","","4.0000000000000000","Hibernating"
"U0275","2024-12-26",5,5,"2",1,"98.00",1,7,"0.55","4.25","3","0.45","24.0000000000000000","35.0000000000000000","3.5000000000000000","5.0000000000000000","New"
"U0276","2024-12-21",10,5,"1",1,"79.00",1,7,"0.85","5.00","9","0.48","37.2500000000000000","30.2000000000000000","","5.0000000000000000","New"
"U0292","2024-12-13",18,5,"2",1,"68.00",1,7,"0.75","","19","0.43","29.2222222222222222","31.1000000000000000","","","New"
"U0296","2024-12-19",12,5,"2",1,"108.00",1,7,"0.94","3.25","12","0.42","24.6666666666666667","35.3333333333333333","3.0000000000000000","3.5000000000000000","New"
"U0303","2024-12-21",10,5,"1",1,"49.00",1,7,"0.30","4.00","7","0.49","29.0000000000000000","39.5000000000000000","","4.0000000000000000","New"
"U0307","2024-09-24",98,3,"4",2,"216.00",2,7,"0.80","3.75","55","0.95","66.4074074074074074","68.2857142857142857","4.0000000000000000","3.5000000000000000","Hibernating"
"U0313","2024-10-12",80,4,"3",2,"157.00",1,7,"0.92","3.50","39","0.86","55.0000000000000000","66.0000000000000000","3.0000000000000000","3.7500000000000000","Hibernating"
"U0316","2024-12-26",5,5,"2",1,"138.00",1,7,"0.68","4.00","15","0.52","38.0000000000000000","36.0000000000000000","4.0000000000000000","","New"
"U0319","2024-07-12",172,3,"3",2,"247.00",2,7,"0.86","4.00","30","0.55","44.0666666666666667","34.4000000000000000","","4.0000000000000000","Hibernating"
"U0321","2024-12-20",11,5,"3",1,"147.00",1,7,"0.41","4.00","19","0.48","35.8888888888888889","32.7000000000000000","4.0000000000000000","4.0000000000000000","New"
"U0338","2024-08-05",148,3,"4",2,"246.00",2,7,"0.34","3.83","11","0.28","21.2000000000000000","18.5000000000000000","3.0000000000000000","4.2500000000000000","Hibernating"
"U0349","2024-09-21",101,3,"4",2,"226.00",2,7,"0.78","4.25","53","0.98","74.3461538461538462","65.0000000000000000","3.5000000000000000","5.0000000000000000","Hibernating"
"U0350","2024-07-06",178,3,"3",2,"197.00",2,7,"1.00","3.50","17","0.52","41.6250000000000000","32.7777777777777778","3.5000000000000000","3.5000000000000000","Hibernating"
"U0365","2024-07-17",167,3,"4",2,"256.00",2,7,"0.59","4.00","11","0.22","18.6000000000000000","12.6666666666666667","4.5000000000000000","3.5000000000000000","Hibernating"
"U0369","2024-09-21",101,3,"3",2,"217.00",2,7,"0.97","4.25","32","0.87","61.7500000000000000","63.4375000000000000","","4.2500000000000000","Hibernating"
"U0383","2024-09-02",120,3,"4",2,"226.00",2,7,"0.61","4.25","46","0.83","57.5217391304347826","60.0869565217391304","4.0000000000000000","4.5000000000000000","Hibernating"
"U0405","2024-12-26",5,5,"1",1,"49.00",1,7,"0.88","4.00","7","0.60","45.6666666666666667","40.5000000000000000","","4.0000000000000000","New"
"U0409","2024-12-20",11,5,"1",1,"49.00",1,7,"0.83","","10","0.48","24.0000000000000000","43.8000000000000000","","","New"
"U0418","2024-12-20",11,5,"1",1,"49.00",1,7,"0.35","3.50","7","0.50","37.0000000000000000","34.2500000000000000","","3.5000000000000000","New"
"U0421","2024-11-11",50,4,"3",2,"147.00",1,7,"0.87","3.75","43","1.10","78.4761904761904762","76.5000000000000000","","3.7500000000000000","Hibernating"
"U0423","2024-12-02",29,5,"1",1,"49.00",1,7,"1.00","4.50","10","0.58","41.8000000000000000","39.0000000000000000","","4.5000000000000000","New"
"U0427","2024-12-06",25,5,"1",1,"99.00",1,7,"0.38","3.50","7","0.50","46.3333333333333333","26.7500000000000000","","3.5000000000000000","New"
"U0456","2024-09-22",100,3,"4",2,"196.00",2,7,"0.60","3.50","14","0.24","15.7142857142857143","17.7142857142857143","3.5000000000000000","3.5000000000000000","Hibernating"
"U0465","2024-12-18",13,5,"1",1,"49.00",1,7,"0.47","4.00","10","0.48","32.4000000000000000","36.0000000000000000","","4.0000000000000000","New"
"U0467","2024-01-01",365,2,"4",3,"226.00",2,7,"0.59","4.00","34","0.52","34.2352941176470588","38.7058823529411765","","4.0000000000000000","At Risk"
"U0475","2024-12-04",27,5,"1",1,"49.00",1,7,"0.99","4.50","9","0.44","29.5000000000000000","33.0000000000000000","","4.5000000000000000","New"
"U0489","2024-12-29",2,5,"2",1,"108.00",1,7,"0.42","4.50","13","0.52","35.1666666666666667","37.1428571428571429","4.5000000000000000","","New"
"U0498","2024-03-15",291,2,"3",2,"257.00",3,7,"0.80","4.50","25","0.57","38.7500000000000000","41.8461538461538462","","4.5000000000000000","Hibernating"
"U0499","2024-12-16",15,5,"2",1,"68.00",1,7,"0.78","3.00","3","0.41","26.0000000000000000","30.5000000000000000","3.0000000000000000","","New"
"U0512","2024-07-04",180,3,"4",2,"206.00",2,7,"0.99","3.50","40","0.55","42.0000000000000000","36.1000000000000000","4.0000000000000000","3.0000000000000000","Hibernating"
"U0518","2024-12-16",15,5,"1",1,"89.00",1,7,"0.08","4.50","9","0.39","32.2500000000000000","24.0000000000000000","","4.5000000000000000","New"
"U0528","2024-12-04",27,5,"2",1,"148.00",1,7,"0.50","","5","0.51","36.0000000000000000","36.6666666666666667","","","New"
"U0537","2024-08-03",150,3,"3",2,"227.00",2,7,"0.58","3.75","22","0.51","33.2727272727272727","39.6363636363636364","4.0000000000000000","3.5000000000000000","Hibernating"
"U0553","2024-09-27",95,3,"4",2,"246.00",2,7,"0.83","3.83","53","1.10","81.8846153846153846","72.9629629629629630","3.7500000000000000","4.0000000000000000","Hibernating"
"U0569","2024-12-29",2,5,"1",1,"99.00",1,7,"0.88","","8","0.54","33.0000000000000000","43.0000000000000000","","","New"
"U0576","2024-12-10",21,5,"2",1,"128.00",1,7,"0.75","3.75","3","0.48","49.0000000000000000","27.5000000000000000","3.5000000000000000","4.0000000000000000","New"
"U0588","2024-07-08",176,3,"4",2,"226.00",2,7,"0.61","4.00","32","0.54","39.3750000000000000","36.6250000000000000","4.0000000000000000","","Hibernating"
"U0593","2024-12-11",20,5,"1",1,"79.00",1,7,"0.87","","9","0.46","29.7500000000000000","35.0000000000000000","","","New"
"U0615","2024-12-22",9,5,"2",1,"88.00",1,7,"0.65","4.25","4","0.69","42.0000000000000000","56.0000000000000000","3.5000000000000000","5.0000000000000000","New"
"U0618","2024-09-05",117,3,"3",2,"197.00",2,7,"0.73","3.50","31","1.01","76.2666666666666667","68.1250000000000000","","3.5000000000000000","Hibernating"
"U0619","2024-12-08",23,5,"1",1,"39.00",1,7,"0.35","4.00","2","0.44","46.0000000000000000","17.0000000000000000","","4.0000000000000000","New"
"U0627","2024-12-05",26,5,"1",1,"29.00",1,7,"0.70","","3","0.46","41.0000000000000000","29.0000000000000000","","","New"
"U0631","2024-12-30",1,5,"1",1,"79.00",1,7,"0.54","4.00","4","0.38","23.0000000000000000","31.0000000000000000","","4.0000000000000000","New"
"U0638","2024-12-05",26,5,"1",1,"49.00",1,7,"0.03","4.50","10","0.54","43.2000000000000000","34.2000000000000000","","4.5000000000000000","New"
"U0655","2024-06-07",207,2,"4",3,"216.00",2,7,"0.55","3.75","32","0.46","27.5625000000000000","37.6250000000000000","","3.7500000000000000","At Risk"
"U0656","2024-09-02",120,3,"4",2,"256.00",2,7,"0.66","4.33","48","0.99","60.9583333333333333","79.0000000000000000","4.0000000000000000","5.0000000000000000","Hibernating"
"U0657","2024-08-01",152,3,"3",2,"177.00",2,7,"0.35","3.50","30","0.45","35.5333333333333333","28.6000000000000000","3.5000000000000000","3.5000000000000000","Hibernating"
"U0661","2024-12-25",6,5,"1",1,"79.00",1,7,"1.00","4.00","2","0.46","54.0000000000000000","12.0000000000000000","","4.0000000000000000","New"
"U0685","2024-12-25",6,5,"1",1,"79.00",1,7,"0.35","3.50","9","0.62","54.0000000000000000","36.8000000000000000","","3.5000000000000000","New"
"U0697","2024-12-03",28,5,"1",1,"39.00",1,7,"0.47","","10","0.45","34.8000000000000000","28.4000000000000000","","","New"
"U0700","2024-12-26",5,5,"3",1,"147.00",1,7,"0.83","3.50","40","0.89","59.6500000000000000","67.0500000000000000","3.0000000000000000","4.0000000000000000","New"
"U0713","2024-11-09",52,4,"4",2,"146.00",1,7,"0.57","3.50","12","0.24","12.5000000000000000","21.8333333333333333","3.7500000000000000","3.0000000000000000","Hibernating"
"U0717","2024-09-27",95,3,"3",2,"217.00",2,7,"0.71","4.25","38","0.99","80.3157894736842105","62.3157894736842105","5.0000000000000000","3.5000000000000000","Hibernating"
"U0761","2024-03-16",290,2,"4",2,"326.00",3,7,"0.91","3.50","31","0.49","37.2666666666666667","32.1875000000000000","4.0000000000000000","3.0000000000000000","Hibernating"
"U0765","2024-08-31",122,3,"3",2,"177.00",2,7,"0.86","4.50","29","0.62","41.5714285714285714","46.6666666666666667","4.5000000000000000","4.5000000000000000","Hibernating"
"U0786","2024-12-24",7,5,"2",1,"68.00",1,7,"0.88","5.00","18","0.50","38.1111111111111111","32.7777777777777778","5.0000000000000000","5.0000000000000000","New"
"U0811","2024-06-07",207,2,"5",3,"215.00",2,7,"0.78","3.67","46","0.50","35.4782608695652174","34.7826086956521739","3.7500000000000000","3.5000000000000000","At Risk"
"U0821","2024-12-08",23,5,"1",1,"39.00",1,7,"0.55","5.00","1","0.38","","27.0000000000000000","","5.0000000000000000","New"
"U0850","2024-12-15",16,5,"2",1,"138.00",1,7,"0.48","4.50","11","0.61","36.2000000000000000","49.0000000000000000","4.5000000000000000","","New"
"U0867","2024-03-23",283,2,"3",2,"267.00",3,7,"0.91","4.00","25","0.53","33.9166666666666667","40.3846153846153846","3.5000000000000000","4.2500000000000000","Hibernating"
"U0868","2024-08-28",125,3,"3",2,"177.00",2,7,"0.72","3.75","22","0.51","34.0909090909090909","39.1818181818181818","3.5000000000000000","4.0000000000000000","Hibernating"
"U0895","2024-09-17",105,3,"3",2,"227.00",2,7,"0.65","5.00","35","0.89","48.1764705882352941","77.6111111111111111","","5.0000000000000000","Hibernating"
"U0917","2024-10-04",88,4,"3",1,"207.00",2,7,"0.92","4.00","32","0.99","67.6875000000000000","73.4375000000000000","","4.0000000000000000","Hibernating"
"U0921","2024-12-19",12,5,"1",1,"39.00",1,7,"1.00","4.50","8","0.48","33.2500000000000000","34.5000000000000000","","4.5000000000000000","New"
"U0955","2024-12-27",4,5,"1",1,"89.00",1,7,"0.62","5.00","2","0.52","32.0000000000000000","42.0000000000000000","","5.0000000000000000","New"
"U0958","2024-04-18",257,2,"5",3,"235.00",2,7,"0.56","3.50","37","0.53","36.2777777777777778","38.1578947368421053","3.5000000000000000","3.5000000000000000","At Risk"
"U0962","2024-12-18",13,5,"2",1,"158.00",1,7,"0.80","3.50","13","0.54","38.5000000000000000","39.4285714285714286","3.0000000000000000","4.0000000000000000","New"
"U0964","2024-06-09",205,2,"4",2,"276.00",3,7,"0.63","4.17","32","0.51","32.6250000000000000","40.0000000000000000","3.5000000000000000","4.5000000000000000","Hibernating"
"U0980","2024-01-20",346,2,"4",3,"206.00",2,7,"0.98","3.50","34","0.53","36.1176470588235294","39.1764705882352941","3.0000000000000000","4.0000000000000000","At Risk"
"U0985","2024-07-30",154,3,"4",2,"196.00",2,7,"0.76","4.25","36","0.60","42.5555555555555556","41.7777777777777778","4.5000000000000000","4.0000000000000000","Hibernating"
"U0991","2024-03-14",292,2,"4",3,"216.00",2,7,"0.74","4.67","31","0.56","40.0000000000000000","40.0000000000000000","4.7500000000000000","4.5000000000000000","At Risk"
"U0454","2024-05-05",240,2,"3",2,"167.00",2,6,"0.69","3.17","18","0.56","39.3333333333333333","40.3333333333333333","3.5000000000000000","3.0000000000000000","Hibernating"
"U0441","2024-01-17",349,2,"3",2,"197.00",2,6,"0.74","3.00","22","0.57","37.0909090909090909","43.9090909090909091","2.0000000000000000","4.0000000000000000","Hibernating"
"U0293","2024-03-16",290,2,"3",2,"197.00",2,6,"0.77","4.25","22","0.55","40.8181818181818182","37.1818181818181818","","4.2500000000000000","Hibernating"
"U0997","2024-06-04",210,2,"3",2,"187.00",2,6,"0.89","3.50","27","0.55","38.6923076923076923","40.1428571428571429","4.0000000000000000","3.2500000000000000","Hibernating"
"U0575","2024-03-19",287,2,"3",2,"187.00",2,6,"0.63","4.50","16","0.58","41.2500000000000000","42.1250000000000000","4.5000000000000000","4.5000000000000000","Hibernating"
"U0564","2024-01-03",363,2,"4",3,"166.00",1,6,"0.85","4.25","34","0.55","38.2352941176470588","40.7647058823529412","4.2500000000000000","4.2500000000000000","At Risk"
"U0007","2024-01-25",341,2,"3",2,"227.00",2,6,"0.73","4.33","20","0.52","42.6000000000000000","29.7000000000000000","4.0000000000000000","4.5000000000000000","Hibernating"
"U0220","2024-06-28",186,2,"4",2,"196.00",2,6,"0.42","3.75","37","0.51","34.6111111111111111","37.3684210526315789","3.5000000000000000","4.0000000000000000","Hibernating"
"U0225","2024-07-26",158,3,"3",1,"227.00",2,6,"0.72","3.75","30","0.49","36.4666666666666667","33.2000000000000000","","3.7500000000000000","Hibernating"
"U0696","2024-05-04",241,2,"3",2,"217.00",2,6,"0.65","4.50","21","0.52","35.8000000000000000","38.0909090909090909","4.0000000000000000","5.0000000000000000","Hibernating"
"U0041","2024-01-09",357,2,"4",2,"206.00",2,6,"0.79","4.67","36","0.52","34.3888888888888889","40.0555555555555556","4.5000000000000000","4.7500000000000000","Hibernating"
"U0228","2024-09-20",102,3,"3",2,"127.00",1,6,"0.93","3.75","37","1.03","80.8333333333333333","66.5789473684210526","","3.7500000000000000","Hibernating"
"U0044","2024-03-26",280,2,"3",2,"177.00",2,6,"0.92","3.50","18","0.52","42.0000000000000000","31.2222222222222222","","3.5000000000000000","Hibernating"
"U0546","2024-07-02",182,2,"3",2,"207.00",2,6,"0.58","4.50","25","0.50","34.9166666666666667","35.0769230769230769","","4.5000000000000000","Hibernating"
"U0235","2024-05-30",215,2,"3",2,"207.00",2,6,"0.50","4.00","26","0.50","38.4615384615384615","32.7692307692307692","3.5000000000000000","4.5000000000000000","Hibernating"
"U0238","2024-08-10",143,3,"3",2,"137.00",1,6,"0.69","3.00","30","0.57","42.1333333333333333","38.7333333333333333","3.0000000000000000","3.0000000000000000","Hibernating"
"U0760","2024-03-11",295,2,"3",2,"187.00",2,6,"0.74","","22","0.52","39.2727272727272727","33.5454545454545455","","","Hibernating"
"U0873","2024-05-03",242,2,"4",3,"166.00",1,6,"0.93","4.50","45","0.50","34.3181818181818182","35.8695652173913043","5.0000000000000000","4.0000000000000000","At Risk"
"U0240","2024-06-20",194,2,"3",2,"197.00",2,6,"0.82","3.50","28","0.55","42.0000000000000000","37.0000000000000000","3.5000000000000000","3.5000000000000000","Hibernating"
"U0686","2024-03-07",299,2,"4",2,"226.00",2,6,"0.38","4.00","31","0.53","35.2000000000000000","40.5625000000000000","3.7500000000000000","4.2500000000000000","Hibernating"
"U0251","2024-03-02",304,2,"3",2,"247.00",2,6,"0.65","4.17","31","0.54","36.5333333333333333","39.6250000000000000","3.5000000000000000","4.5000000000000000","Hibernating"
"U0517","2024-09-07",115,3,"4",2,"166.00",1,6,"0.83","4.50","52","1.03","74.3076923076923077","70.9615384615384615","4.5000000000000000","","Hibernating"
"U0253","2024-01-13",353,2,"4",2,"196.00",2,6,"0.71","3.50","31","0.60","40.2000000000000000","44.4375000000000000","3.5000000000000000","3.5000000000000000","Hibernating"
"U0505","2024-03-19",287,2,"3",2,"177.00",2,6,"0.61","2.25","28","0.57","43.5000000000000000","37.9285714285714286","2.0000000000000000","2.5000000000000000","Hibernating"
"U0473","2024-02-16",319,2,"3",2,"177.00",2,6,"0.46","3.75","32","0.52","38.5625000000000000","35.9375000000000000","4.0000000000000000","3.5000000000000000","Hibernating"
"U0472","2024-05-17",228,2,"4",2,"176.00",2,6,"0.42","4.17","37","0.51","37.6111111111111111","35.9473684210526316","4.0000000000000000","4.2500000000000000","Hibernating"
"U0288","2024-08-07",146,3,"2",1,"178.00",2,6,"1.00","4.00","12","0.53","41.0000000000000000","35.5000000000000000","","4.0000000000000000","Hibernating"
"U0892","2024-05-11",234,2,"4",2,"206.00",2,6,"0.95","4.00","40","0.50","34.1000000000000000","36.6500000000000000","","4.0000000000000000","Hibernating"
"U0922","2024-03-08",298,2,"4",2,"256.00",2,6,"0.87","4.00","34","0.53","34.8823529411764706","40.5882352941176471","4.0000000000000000","","Hibernating"
"U0348","2024-07-09",175,3,"2",1,"188.00",2,6,"0.96","","18","0.44","36.2222222222222222","26.6666666666666667","","","Hibernating"
"U0381","2024-02-09",326,2,"3",2,"177.00",2,6,"0.91","3.67","20","0.59","42.2000000000000000","41.9000000000000000","4.5000000000000000","3.2500000000000000","Hibernating"
"U0903","2024-05-31",214,2,"3",2,"197.00",2,6,"0.68","4.17","24","0.53","35.8333333333333333","39.9166666666666667","5.0000000000000000","3.7500000000000000","Hibernating"
"U0387","2024-09-05",117,3,"3",1,"207.00",2,6,"0.64","4.33","43","0.97","78.7142857142857143","61.8181818181818182","4.5000000000000000","4.2500000000000000","Hibernating"
"U0385","2024-05-01",244,2,"3",2,"217.00",2,6,"0.70","4.00","31","0.55","39.8000000000000000","38.7500000000000000","4.0000000000000000","4.0000000000000000","Hibernating"
"U0710","2024-03-16",290,2,"4",2,"196.00",2,6,"0.52","3.50","28","0.52","37.5714285714285714","36.5000000000000000","3.5000000000000000","3.5000000000000000","Hibernating"
"U0677","2024-03-29",277,2,"4",2,"246.00",2,6,"0.75","3.63","23","0.50","38.2727272727272727","32.2500000000000000","3.7500000000000000","3.5000000000000000","Hibernating"
"U0144","2024-05-23",222,2,"4",2,"256.00",2,6,"0.37","3.00","34","0.54","38.4705882352941176","38.4705882352941176","3.0000000000000000","3.0000000000000000","Hibernating"
"U0673","2024-06-16",198,2,"3",2,"247.00",2,6,"0.74","4.83","14","0.56","38.1428571428571429","41.1428571428571429","4.5000000000000000","5.0000000000000000","Hibernating"
"U0835","2024-06-15",199,2,"3",2,"227.00",2,6,"0.64","5.00","22","0.59","45.3636363636363636","38.4545454545454545","5.0000000000000000","","Hibernating"
"U0647","2024-08-26",127,3,"4",2,"146.00",1,6,"0.53","3.25","29","0.54","40.6428571428571429","36.7333333333333333","3.0000000000000000","3.5000000000000000","Hibernating"
"U0766","2024-01-03",363,2,"3",2,"167.00",2,6,"0.76","3.67","23","0.53","31.6363636363636364","43.2500000000000000","4.5000000000000000","3.2500000000000000","Hibernating"
"U0639","2024-06-05",209,2,"3",2,"237.00",2,6,"0.51","4.75","15","0.45","26.1428571428571429","37.0000000000000000","4.5000000000000000","5.0000000000000000","Hibernating"
"U0149","2024-06-12",202,2,"4",2,"256.00",2,6,"0.41","3.88","40","0.54","37.0000000000000000","38.7000000000000000","4.0000000000000000","3.7500000000000000","Hibernating"
"U0635","2024-01-13",353,2,"4",3,"166.00",1,6,"0.59","3.33","32","0.52","37.5000000000000000","36.7500000000000000","3.0000000000000000","3.5000000000000000","At Risk"
"U0061","2024-06-12",202,2,"3",2,"217.00",2,6,"0.72","3.75","24","0.52","35.8333333333333333","38.2500000000000000","","3.7500000000000000","Hibernating"
"U0080","2024-06-24",190,2,"3",2,"187.00",2,6,"0.67","3.50","19","0.49","39.5555555555555556","30.9000000000000000","4.5000000000000000","3.0000000000000000","Hibernating"
"U0173","2024-02-03",332,2,"3",2,"237.00",2,6,"0.85","3.83","29","0.58","44.4285714285714286","39.1333333333333333","3.5000000000000000","4.0000000000000000","Hibernating"
"U0187","2024-01-03",363,2,"4",2,"256.00",2,6,"0.68","3.50","31","0.47","33.2000000000000000","32.9375000000000000","","3.5000000000000000","Hibernating"
"U0614","2024-02-10",325,2,"3",2,"247.00",2,6,"0.21","4.00","21","0.58","49.0000000000000000","33.6363636363636364","5.0000000000000000","3.0000000000000000","Hibernating"
"U0056","2024-02-19",316,2,"4",2,"216.00",2,6,"0.76","4.00","30","0.54","36.2000000000000000","41.4000000000000000","4.0000000000000000","4.0000000000000000","Hibernating"
"U0808","2024-06-13",201,2,"3",2,"227.00",2,6,"0.32","3.00","26","0.58","41.6153846153846154","41.3846153846153846","3.0000000000000000","","Hibernating"
"U0604","2024-01-06",360,2,"3",2,"207.00",2,6,"0.96","3.50","26","0.52","31.6153846153846154","41.6923076923076923","","3.5000000000000000","Hibernating"
"U0435","2024-08-24",129,3,"2",1,"128.00",1,5,"0.99","3.00","18","0.47","31.6666666666666667","35.3333333333333333","3.0000000000000000","","Hibernating"
"U0933","2024-08-01",152,3,"2",1,"68.00",1,5,"0.55","3.00","18","0.56","42.2222222222222222","37.2222222222222222","","3.0000000000000000","Hibernating"
"U0331","2024-06-27",187,2,"2",1,"178.00",2,5,"0.58","4.00","16","0.52","39.3750000000000000","34.8750000000000000","4.0000000000000000","","Hibernating"
"U0429","2024-08-25",128,3,"2",1,"128.00",1,5,"0.60","4.25","16","0.62","37.8750000000000000","49.5000000000000000","3.5000000000000000","5.0000000000000000","Hibernating"
"U0002","2024-09-23",99,3,"3",1,"127.00",1,5,"0.68","3.75","39","1.10","69.6315789473684211","87.1500000000000000","4.5000000000000000","3.0000000000000000","Hibernating"
"U0408","2024-08-13",140,3,"2",1,"118.00",1,5,"0.45","4.00","16","0.53","33.7500000000000000","41.3750000000000000","4.0000000000000000","","Hibernating"
"U0684","2024-08-20",133,3,"2",1,"148.00",1,5,"0.88","3.00","12","0.47","30.8333333333333333","36.3333333333333333","3.0000000000000000","3.0000000000000000","Hibernating"
"U0855","2024-02-06",329,2,"3",2,"157.00",1,5,"0.92","3.50","21","0.53","35.0000000000000000","40.7272727272727273","2.5000000000000000","4.0000000000000000","Hibernating"
"U0899","2024-04-20",255,2,"3",2,"147.00",1,5,"0.59","4.25","32","0.52","37.6250000000000000","36.0625000000000000","5.0000000000000000","3.5000000000000000","Hibernating"
"U0911","2024-02-29",306,2,"4",2,"136.00",1,5,"0.48","3.83","31","0.51","38.0000000000000000","33.5625000000000000","4.5000000000000000","3.5000000000000000","Hibernating"
"U0591","2024-07-25",159,3,"2",1,"118.00",1,5,"0.63","3.50","15","0.50","39.1428571428571429","33.8750000000000000","3.5000000000000000","3.5000000000000000","Hibernating"
"U0747","2024-04-18",257,2,"3",2,"157.00",1,5,"0.75","3.67","32","0.52","38.1250000000000000","36.3125000000000000","4.0000000000000000","3.5000000000000000","Hibernating"
"U0775","2024-02-15",320,2,"3",2,"157.00",1,5,"0.53","3.75","27","0.53","36.0769230769230769","38.5714285714285714","4.5000000000000000","3.0000000000000000","Hibernating"
"U0844","2024-08-07",146,3,"2",1,"118.00",1,5,"0.66","3.75","17","0.52","35.6250000000000000","38.3333333333333333","3.5000000000000000","4.0000000000000000","Hibernating"
"U0254","2024-10-01",91,3,"3",1,"117.00",1,5,"0.76","4.17","35","1.00","65.6470588235294118","77.0555555555555556","4.0000000000000000","4.2500000000000000","Hibernating"
"U0622","2024-04-17",258,2,"2",1,"168.00",2,5,"0.89","4.00","18","0.52","39.1111111111111111","35.2222222222222222","","4.0000000000000000","Hibernating"
"U0287","2024-05-13",232,2,"2",1,"178.00",2,5,"0.94","4.50","17","0.59","37.1250000000000000","44.8888888888888889","","4.5000000000000000","Hibernating"
"U0573","2024-05-07",238,2,"3",2,"117.00",1,5,"0.39","4.00","28","0.57","39.7142857142857143","41.6428571428571429","4.0000000000000000","4.0000000000000000","Hibernating"
"U0938","2024-05-10",235,2,"3",2,"157.00",1,5,"0.74","3.83","21","0.53","39.2000000000000000","35.7272727272727273","4.5000000000000000","3.5000000000000000","Hibernating"
"U0665","2024-07-11",173,3,"2",1,"98.00",1,5,"0.65","4.00","14","0.51","36.8571428571428571","34.8571428571428571","","4.0000000000000000","Hibernating"
"U0861","2024-07-21",163,3,"2",1,"128.00",1,5,"0.37","4.00","12","0.52","39.6666666666666667","35.0000000000000000","3.5000000000000000","4.5000000000000000","Hibernating"
"U0148","2024-08-22",131,3,"2",1,"68.00",1,5,"0.89","3.50","16","0.51","38.3750000000000000","32.7500000000000000","4.5000000000000000","2.5000000000000000","Hibernating"
"U0851","2024-03-10",296,2,"3",2,"147.00",1,5,"0.92","","24","0.54","40.2500000000000000","36.5833333333333333","","","Hibernating"
"U0607","2024-06-23",191,2,"2",1,"168.00",2,5,"0.93","2.50","13","0.57","39.5000000000000000","40.7142857142857143","","2.5000000000000000","Hibernating"
"U0906","2024-02-19",316,2,"2",1,"158.00",1,4,"0.83","4.00","22","0.48","34.2727272727272727","35.0000000000000000","3.5000000000000000","4.5000000000000000","Hibernating"
"U0714","2024-01-17",349,2,"2",1,"68.00",1,4,"0.95","4.00","21","0.51","30.0000000000000000","41.9090909090909091","3.5000000000000000","4.5000000000000000","Hibernating"
"U0707","2024-02-05",330,2,"2",1,"148.00",1,4,"0.43","4.50","17","0.60","43.0000000000000000","41.3333333333333333","5.0000000000000000","4.0000000000000000","Hibernating"
"U0704","2024-05-19",226,2,"2",1,"148.00",1,4,"0.73","","21","0.53","40.4000000000000000","34.7272727272727273","","","Hibernating"
"U0826","2024-06-29",185,2,"2",1,"128.00",1,4,"0.62","4.25","12","0.55","45.1666666666666667","33.0000000000000000","4.5000000000000000","4.0000000000000000","Hibernating"
"U0680","2023-04-18",623,1,"2",1,"168.00",2,4,"0.70","2.50","12","0.21","12.3333333333333333","17.8333333333333333","2.5000000000000000","","Hibernating"
"U0679","2024-06-30",184,2,"2",1,"78.00",1,4,"0.22","4.00","17","0.50","40.6250000000000000","30.7777777777777778","3.5000000000000000","4.5000000000000000","Hibernating"
"U0646","2024-06-17",197,2,"2",1,"128.00",1,4,"0.90","4.00","15","0.49","33.1428571428571429","35.7500000000000000","3.5000000000000000","4.5000000000000000","Hibernating"
"U0842","2024-03-19",287,2,"2",1,"98.00",1,4,"0.69","","16","0.54","38.7500000000000000","39.5000000000000000","","","Hibernating"
"U0633","2024-05-12",233,2,"2",1,"148.00",1,4,"0.61","3.00","15","0.51","37.4285714285714286","35.5000000000000000","4.0000000000000000","2.0000000000000000","Hibernating"
"U0632","2024-03-27",279,2,"2",1,"148.00",1,4,"0.70","4.50","10","0.59","39.6000000000000000","43.2000000000000000","","4.5000000000000000","Hibernating"
"U0606","2024-02-27",308,2,"2",1,"98.00",1,4,"0.47","4.25","14","0.61","45.1428571428571429","41.2857142857142857","4.5000000000000000","4.0000000000000000","Hibernating"
"U0562","2023-04-13",628,1,"2",1,"168.00",2,4,"0.96","3.75","17","0.25","18.6250000000000000","17.8888888888888889","2.5000000000000000","5.0000000000000000","Hibernating"
"U0550","2024-04-17",258,2,"2",1,"158.00",1,4,"0.61","4.25","13","0.59","39.3333333333333333","43.2857142857142857","4.0000000000000000","4.5000000000000000","Hibernating"
"U0543","2023-10-24",434,1,"2",1,"188.00",2,4,"0.66","3.00","18","0.17","10.7777777777777778","12.6666666666666667","3.0000000000000000","3.0000000000000000","Hibernating"
"U0523","2024-03-28",278,2,"2",1,"148.00",1,4,"0.48","4.00","16","0.42","27.2500000000000000","32.2500000000000000","4.0000000000000000","","Hibernating"
"U0468","2024-03-02",304,2,"2",1,"128.00",1,4,"0.83","3.25","16","0.51","38.3750000000000000","33.5000000000000000","3.5000000000000000","3.0000000000000000","Hibernating"
"U0388","2024-06-14",200,2,"2",1,"108.00",1,4,"0.54","3.25","19","0.50","38.2222222222222222","32.9000000000000000","3.0000000000000000","3.5000000000000000","Hibernating"
"U0382","2023-07-04",546,1,"2",1,"168.00",2,4,"0.64","3.00","10","0.18","16.2000000000000000","9.4000000000000000","2.0000000000000000","4.0000000000000000","Hibernating"
"U0344","2024-05-16",229,2,"2",1,"58.00",1,4,"0.98","4.00","14","0.55","38.2857142857142857","39.1428571428571429","4.5000000000000000","3.5000000000000000","Hibernating"
"U0923","2023-02-18",682,1,"2",1,"188.00",2,4,"0.52","3.25","17","0.23","14.3750000000000000","18.3333333333333333","4.0000000000000000","2.5000000000000000","Hibernating"
"U0924","2023-06-06",574,1,"2",1,"168.00",2,4,"0.51","2.75","7","0.20","15.0000000000000000","13.7500000000000000","3.5000000000000000","2.0000000000000000","Hibernating"
"U0297","2024-02-29",306,2,"3",1,"127.00",1,4,"0.66","3.50","28","0.50","33.7857142857142857","36.1428571428571429","","3.5000000000000000","Hibernating"
"U0249","2024-02-20",315,2,"2",1,"158.00",1,4,"0.78","4.25","23","0.48","37.8181818181818182","30.5000000000000000","4.0000000000000000","4.5000000000000000","Hibernating"
"U0013","2023-04-18",623,1,"2",1,"178.00",2,4,"0.62","","16","0.22","16.8750000000000000","13.8750000000000000","","","Hibernating"
"U0206","2024-04-19",256,2,"2",1,"128.00",1,4,"0.58","4.00","17","0.50","33.1250000000000000","37.5555555555555556","","4.0000000000000000","Hibernating"
"U0185","2023-09-25",463,1,"2",1,"168.00",2,4,"0.80","3.75","13","0.16","8.5000000000000000","13.4285714285714286","3.0000000000000000","4.5000000000000000","Hibernating"
"U0168","2023-01-26",705,1,"2",1,"178.00",2,4,"0.31","","3","0.15","11.0000000000000000","10.5000000000000000","","","Hibernating"
"U0164","2024-03-16",290,2,"2",1,"88.00",1,4,"0.29","4.50","13","0.58","46.5000000000000000","36.8571428571428571","4.5000000000000000","4.5000000000000000","Hibernating"
"U0154","2024-02-23",312,2,"2",1,"108.00",1,4,"1.00","2.50","20","0.51","41.8000000000000000","30.2000000000000000","2.5000000000000000","","Hibernating"
"U0068","2024-02-24",311,2,"2",1,"148.00",1,4,"0.88","3.50","13","0.52","36.8333333333333333","37.2857142857142857","","3.5000000000000000","Hibernating"
"U0003","2024-04-01",274,2,"2",1,"148.00",1,4,"0.94","4.00","14","0.57","39.2857142857142857","42.2857142857142857","3.0000000000000000","5.0000000000000000","Hibernating"
"U0794","2024-03-01",305,2,"3",1,"137.00",1,4,"0.80","4.50","26","0.53","40.6153846153846154","34.5384615384615385","4.5000000000000000","","Hibernating"
"U0780","2024-02-15",320,2,"2",1,"88.00",1,4,"0.43","4.50","12","0.52","46.8333333333333333","27.3333333333333333","","4.5000000000000000","Hibernating"
"U0767","2024-05-17",228,2,"2",1,"128.00",1,4,"0.71","4.50","17","0.57","42.3750000000000000","36.7777777777777778","","4.5000000000000000","Hibernating"
"U0762","2024-04-05",270,2,"2",1,"148.00",1,4,"1.00","4.50","15","0.51","36.2857142857142857","36.7500000000000000","4.5000000000000000","4.5000000000000000","Hibernating"
"U0751","2024-05-17",228,2,"2",1,"118.00",1,4,"0.73","4.00","17","0.50","41.6250000000000000","29.6666666666666667","3.5000000000000000","4.5000000000000000","Hibernating"
"U0893","2023-12-14",383,1,"1",1,"89.00",1,3,"0.74","","8","0.23","18.2500000000000000","14.7500000000000000","","","Hibernating"
"U0326","2023-07-20",530,1,"1",1,"49.00",1,3,"0.84","3.00","1","0.14","","10.0000000000000000","","3.0000000000000000","Hibernating"
"U0323","2023-12-28",369,1,"2",1,"108.00",1,3,"0.47","3.50","9","0.21","15.5000000000000000","14.0000000000000000","","3.5000000000000000","Hibernating"
"U0305","2023-07-10",540,1,"1",1,"89.00",1,3,"0.85","3.50","5","0.23","8.5000000000000000","22.0000000000000000","","3.5000000000000000","Hibernating"
"U0298","2023-11-24",403,1,"2",1,"118.00",1,3,"0.70","4.00","4","0.18","9.5000000000000000","17.0000000000000000","4.0000000000000000","","Hibernating"
"U0754","2023-11-15",412,1,"2",1,"118.00",1,3,"0.74","3.50","8","0.16","11.2500000000000000","10.7500000000000000","3.5000000000000000","","Hibernating"
"U0295","2023-12-14",383,1,"2",1,"108.00",1,3,"0.89","3.25","5","0.22","16.5000000000000000","15.6666666666666667","2.5000000000000000","4.0000000000000000","Hibernating"
"U0438","2023-04-22",619,1,"2",1,"98.00",1,3,"0.36","3.50","13","0.20","17.8333333333333333","11.4285714285714286","3.5000000000000000","3.5000000000000000","Hibernating"
"U0442","2023-02-18",682,1,"1",1,"49.00",1,3,"0.99","3.50","10","0.25","16.8000000000000000","18.0000000000000000","","3.5000000000000000","Hibernating"
"U0470","2023-08-01",518,1,"1",1,"49.00",1,3,"0.75","3.50","9","0.19","11.5000000000000000","15.0000000000000000","","3.5000000000000000","Hibernating"
"U0471","2023-05-08",603,1,"2",1,"118.00",1,3,"0.41","3.00","11","0.22","14.4000000000000000","16.1666666666666667","3.5000000000000000","2.5000000000000000","Hibernating"
"U0286","2023-01-15",716,1,"1",1,"89.00",1,3,"0.92","3.50","3","0.12","9.0000000000000000","8.0000000000000000","","3.5000000000000000","Hibernating"
"U0284","2023-06-14",566,1,"1",1,"89.00",1,3,"0.21","4.50","1","0.34","","24.0000000000000000","","4.5000000000000000","Hibernating"
"U0496","2023-01-28",703,1,"2",1,"158.00",1,3,"0.70","4.00","13","0.24","13.1666666666666667","19.4285714285714286","4.0000000000000000","","Hibernating"
"U0273","2023-06-04",576,1,"1",1,"89.00",1,3,"0.82","3.00","9","0.18","10.7500000000000000","14.6000000000000000","","3.0000000000000000","Hibernating"
"U0264","2023-01-23",708,1,"2",1,"148.00",1,3,"0.79","5.00","10","0.18","15.4000000000000000","10.0000000000000000","","5.0000000000000000","Hibernating"
"U0261","2023-03-02",670,1,"2",1,"138.00",1,3,"0.71","3.00","16","0.20","17.6250000000000000","11.3750000000000000","","3.0000000000000000","Hibernating"
"U0255","2023-11-08",419,1,"2",1,"108.00",1,3,"0.84","","9","0.26","19.2500000000000000","17.8000000000000000","","","Hibernating"
"U0508","2023-02-07",693,1,"1",1,"39.00",1,3,"0.69","3.00","2","0.18","20.0000000000000000","5.0000000000000000","","3.0000000000000000","Hibernating"
"U0516","2023-06-04",576,1,"2",1,"68.00",1,3,"0.97","4.50","9","0.22","17.7500000000000000","13.8000000000000000","4.0000000000000000","5.0000000000000000","Hibernating"
"U0876","2023-07-11",539,1,"2",1,"158.00",1,3,"0.38","3.00","13","0.19","13.6666666666666667","13.7142857142857143","3.0000000000000000","","Hibernating"
"U0792","2023-05-09",602,1,"2",1,"128.00",1,3,"0.98","2.75","3","0.25","9.0000000000000000","22.0000000000000000","1.50000000000000000000","4.0000000000000000","Hibernating"
"U0534","2023-10-22",436,1,"1",1,"89.00",1,3,"0.54","4.50","7","0.17","14.0000000000000000","10.5000000000000000","","4.5000000000000000","Hibernating"
"U0871","2023-10-16",442,1,"1",1,"49.00",1,3,"0.45","3.50","3","0.15","13.0000000000000000","9.5000000000000000","","3.5000000000000000","Hibernating"
"U0870","2023-09-15",473,1,"2",1,"118.00",1,3,"0.19","4.00","6","0.25","23.0000000000000000","13.6666666666666667","4.0000000000000000","4.0000000000000000","Hibernating"
"U0950","2023-06-30",550,1,"1",1,"79.00",1,3,"0.73","4.00","9","0.21","12.5000000000000000","16.6000000000000000","","4.0000000000000000","Hibernating"
"U0951","2023-03-29",643,1,"1",1,"89.00",1,3,"0.07","3.00","4","0.18","11.0000000000000000","14.5000000000000000","","3.0000000000000000","Hibernating"
"U0230","2023-08-23",496,1,"1",1,"49.00",1,3,"0.15","","5","0.19","15.5000000000000000","12.6666666666666667","","","Hibernating"
"U0051","2023-09-15",473,1,"1",1,"99.00",1,3,"0.17","2.00","7","0.21","9.3333333333333333","19.2500000000000000","","2.0000000000000000","Hibernating"
"U0227","2023-07-09",541,1,"1",1,"99.00",1,3,"1.00","3.00","8","0.23","16.5000000000000000","16.7500000000000000","","3.0000000000000000","Hibernating"
"U0547","2023-10-14",444,1,"1",1,"99.00",1,3,"0.47","3.00","10","0.21","17.0000000000000000","11.8000000000000000","","3.0000000000000000","Hibernating"
"U0554","2023-10-05",453,1,"1",1,"89.00",1,3,"0.50","","10","0.20","14.0000000000000000","14.4000000000000000","","","Hibernating"
"U0559","2023-11-28",399,1,"2",1,"138.00",1,3,"0.48","3.00","15","0.22","17.7142857142857143","13.5000000000000000","3.5000000000000000","2.5000000000000000","Hibernating"
"U0014","2023-10-06",452,1,"1",1,"49.00",1,3,"0.74","3.50","5","0.21","12.5000000000000000","16.6666666666666667","","3.5000000000000000","Hibernating"
"U0959","2023-01-28",703,1,"1",1,"29.00",1,3,"0.82","4.00","9","0.18","12.7500000000000000","13.0000000000000000","","4.0000000000000000","Hibernating"
"U0218","2023-09-10",478,1,"2",1,"128.00",1,3,"0.77","3.00","19","0.23","14.6666666666666667","18.0000000000000000","2.0000000000000000","4.0000000000000000","Hibernating"
"U0210","2023-02-21",679,1,"1",1,"79.00",1,3,"0.33","","2","0.14","8.0000000000000000","11.0000000000000000","","","Hibernating"
"U0785","2023-12-09",388,1,"1",1,"39.00",1,3,"0.59","4.00","2","0.22","18.0000000000000000","13.0000000000000000","","4.0000000000000000","Hibernating"
"U0723","2023-06-25",555,1,"2",1,"128.00",1,3,"0.92","3.50","11","0.24","19.4000000000000000","15.6666666666666667","3.5000000000000000","","Hibernating"
"U0579","2023-08-01",518,1,"1",1,"79.00",1,3,"0.83","3.50","4","0.19","8.5000000000000000","19.0000000000000000","","3.5000000000000000","Hibernating"
"U0205","2023-11-27",400,1,"2",1,"78.00",1,3,"0.08","3.00","5","0.17","13.0000000000000000","11.0000000000000000","3.0000000000000000","","Hibernating"
"U0620","2023-10-04",454,1,"1",1,"49.00",1,3,"0.80","3.00","7","0.22","18.6666666666666667","13.2500000000000000","","3.0000000000000000","Hibernating"
"U0057","2023-06-09",571,1,"2",1,"158.00",1,3,"0.44","2.00","12","0.19","15.3333333333333333","12.5000000000000000","2.0000000000000000","2.0000000000000000","Hibernating"
"U0847","2023-08-13",506,1,"2",1,"98.00",1,3,"0.89","","9","0.20","12.0000000000000000","15.4000000000000000","","","Hibernating"
"U0752","2023-04-08",633,1,"1",1,"79.00",1,3,"1.00","","8","0.21","16.5000000000000000","14.0000000000000000","","","Hibernating"
"U0819","2023-06-17",563,1,"1",1,"19.00",1,3,"0.87","3.50","1","0.14","","10.0000000000000000","","3.5000000000000000","Hibernating"
"U0158","2023-04-02",639,1,"2",1,"128.00",1,3,"0.70","4.00","6","0.22","19.3333333333333333","11.3333333333333333","4.0000000000000000","","Hibernating"
"U0724","2023-12-24",373,1,"1",1,"69.00",1,3,"1.00","4.00","9","0.23","22.0000000000000000","11.8000000000000000","","4.0000000000000000","Hibernating"
"U0152","2023-06-19",561,1,"2",1,"138.00",1,3,"0.59","3.00","12","0.17","12.6666666666666667","11.5000000000000000","","3.0000000000000000","Hibernating"
"U0840","2023-12-14",383,1,"2",1,"118.00",1,3,"0.31","2.75","11","0.22","11.2000000000000000","19.1666666666666667","2.0000000000000000","3.5000000000000000","Hibernating"
"U0649","2023-07-10",540,1,"2",1,"128.00",1,3,"0.34","2.75","9","0.20","13.2500000000000000","14.6000000000000000","3.0000000000000000","2.5000000000000000","Hibernating"
"U0676","2023-09-12",476,1,"1",1,"99.00",1,3,"0.71","4.00","9","0.19","11.2500000000000000","16.0000000000000000","","4.0000000000000000","Hibernating"
"U0142","2023-09-11",477,1,"1",1,"39.00",1,3,"0.30","4.00","4","0.21","17.5000000000000000","12.0000000000000000","","4.0000000000000000","Hibernating"
"U0138","2023-02-16",684,1,"1",1,"49.00",1,3,"0.39","2.00","8","0.23","14.2500000000000000","17.7500000000000000","","2.0000000000000000","Hibernating"
"U0111","2023-03-17",655,1,"1",1,"79.00",1,3,"0.53","","3","0.21","19.0000000000000000","13.5000000000000000","","","Hibernating"
"U0824","2023-01-09",722,1,"1",1,"49.00",1,3,"0.88","4.50","10","0.23","13.2000000000000000","19.0000000000000000","","4.5000000000000000","Hibernating"
"U0090","2023-07-30",520,1,"2",1,"128.00",1,3,"0.65","3.00","18","0.19","13.2222222222222222","13.4444444444444444","","3.0000000000000000","Hibernating"
"U0750","2023-04-30",611,1,"1",1,"49.00",1,3,"0.43","","5","0.21","20.5000000000000000","12.0000000000000000","","","Hibernating"
"U0705","2023-01-06",725,1,"1",1,"99.00",1,3,"0.17","3.50","8","0.21","15.0000000000000000","15.0000000000000000","","3.5000000000000000","Hibernating"
"U0393","2023-09-16",472,1,"2",1,"128.00",1,3,"0.72","4.00","11","0.18","10.4000000000000000","15.5000000000000000","4.0000000000000000","","Hibernating"
"U0377","2023-06-25",555,1,"1",1,"69.00",1,3,"1.00","3.00","2","0.33","24.0000000000000000","24.0000000000000000","","3.0000000000000000","Hibernating"
"U0372","2023-03-20",652,1,"2",1,"148.00",1,3,"0.49","2.75","13","0.18","10.6666666666666667","14.2857142857142857","3.5000000000000000","2.0000000000000000","Hibernating"
"U0900","2023-09-06",482,1,"2",1,"138.00",1,3,"0.48","3.00","20","0.19","13.6000000000000000","13.8000000000000000","","3.0000000000000000","Hibernating"
"U0368","2023-03-23",649,1,"2",1,"148.00",1,3,"0.66","3.50","7","0.22","12.3333333333333333","17.2500000000000000","3.5000000000000000","","Hibernating"
"U0913","2023-07-27",523,1,"2",1,"88.00",1,3,"0.62","3.25","15","0.21","14.8571428571428571","14.8750000000000000","3.0000000000000000","3.5000000000000000","Hibernating"
"U0367","2023-08-05",514,1,"2",1,"148.00",1,3,"0.65","3.00","10","0.25","17.8000000000000000","18.2000000000000000","4.0000000000000000","2.0000000000000000","Hibernating"
"U0361","2023-07-07",543,1,"2",1,"128.00",1,3,"0.33","3.00","15","0.22","18.2857142857142857","13.1250000000000000","","3.0000000000000000","Hibernating"
"U0357","2023-10-27",431,1,"1",1,"39.00",1,3,"0.65","","2","0.25","19.0000000000000000","17.0000000000000000","","","Hibernating"
"U0992","2023-02-21",679,1,"1",1,"39.00",1,3,"0.97","4.00","9","0.24","16.0000000000000000","18.4000000000000000","","4.0000000000000000","Hibernating"
"U0398","2023-08-28",491,1,"1",1,"49.00",1,3,"0.81","4.50","4","0.27","16.0000000000000000","21.5000000000000000","","4.5000000000000000","Hibernating"
"U0715","2023-09-14",474,1,"2",1,"68.00",1,3,"0.52","4.00","17","0.20","12.7500000000000000","15.6666666666666667","4.0000000000000000","","Hibernating"
"U0334","2023-10-07",451,1,"1",1,"79.00",1,3,"0.74","4.50","9","0.18","14.0000000000000000","12.2000000000000000","","4.5000000000000000","Hibernating"
"U0993","2023-08-10",509,1,"1",1,"49.00",1,3,"1.00","3.50","4","0.19","18.5000000000000000","8.5000000000000000","","3.5000000000000000","Hibernating"
"U0403","2023-12-05",392,1,"1",1,"29.00",1,3,"0.82","2.50","2","0.29","17.0000000000000000","25.0000000000000000","","2.5000000000000000","Hibernating"
"U0067","2023-07-09",541,1,"2",1,"148.00",1,3,"0.58","3.00","6","0.24","16.6666666666666667","18.3333333333333333","3.0000000000000000","3.0000000000000000","Hibernating"
"U0759","2023-12-03",394,1,"1",1,"79.00",1,3,"0.33","2.50","6","0.20","14.0000000000000000","14.3333333333333333","","2.5000000000000000","Hibernating"
